-- MySQL dump 10.13  Distrib 8.4.4, for macos15 (arm64)
--
-- Host: 127.0.0.1    Database: ninico
-- ------------------------------------------------------
-- Server version	8.4.4

/*!40101 SET @OLD_CHARACTER_SET_CLIENT=@@CHARACTER_SET_CLIENT */;
/*!40101 SET @OLD_CHARACTER_SET_RESULTS=@@CHARACTER_SET_RESULTS */;
/*!40101 SET @OLD_COLLATION_CONNECTION=@@COLLATION_CONNECTION */;
/*!50503 SET NAMES utf8mb4 */;
/*!40103 SET @OLD_TIME_ZONE=@@TIME_ZONE */;
/*!40103 SET TIME_ZONE='+00:00' */;
/*!40014 SET @OLD_UNIQUE_CHECKS=@@UNIQUE_CHECKS, UNIQUE_CHECKS=0 */;
/*!40014 SET @OLD_FOREIGN_KEY_CHECKS=@@FOREIGN_KEY_CHECKS, FOREIGN_KEY_CHECKS=0 */;
/*!40101 SET @OLD_SQL_MODE=@@SQL_MODE, SQL_MODE='NO_AUTO_VALUE_ON_ZERO' */;
/*!40111 SET @OLD_SQL_NOTES=@@SQL_NOTES, SQL_NOTES=0 */;

--
-- Table structure for table `activations`
--

DROP TABLE IF EXISTS `activations`;
/*!40101 SET @saved_cs_client     = @@character_set_client */;
/*!50503 SET character_set_client = utf8mb4 */;
CREATE TABLE `activations` (
  `id` bigint unsigned NOT NULL AUTO_INCREMENT,
  `user_id` bigint unsigned NOT NULL,
  `code` varchar(120) COLLATE utf8mb4_unicode_ci NOT NULL,
  `completed` tinyint(1) NOT NULL DEFAULT '0',
  `completed_at` timestamp NULL DEFAULT NULL,
  `created_at` timestamp NULL DEFAULT NULL,
  `updated_at` timestamp NULL DEFAULT NULL,
  PRIMARY KEY (`id`),
  KEY `activations_user_id_index` (`user_id`)
) ENGINE=InnoDB AUTO_INCREMENT=2 DEFAULT CHARSET=utf8mb4 COLLATE=utf8mb4_unicode_ci;
/*!40101 SET character_set_client = @saved_cs_client */;

--
-- Dumping data for table `activations`
--

LOCK TABLES `activations` WRITE;
/*!40000 ALTER TABLE `activations` DISABLE KEYS */;
INSERT INTO `activations` VALUES (1,1,'71DIaCWwpzr4sjSjMod8ATTcb8Vzzu7t',1,'2025-08-02 02:15:12','2025-08-02 02:15:12','2025-08-02 02:15:12');
/*!40000 ALTER TABLE `activations` ENABLE KEYS */;
UNLOCK TABLES;

--
-- Table structure for table `admin_notifications`
--

DROP TABLE IF EXISTS `admin_notifications`;
/*!40101 SET @saved_cs_client     = @@character_set_client */;
/*!50503 SET character_set_client = utf8mb4 */;
CREATE TABLE `admin_notifications` (
  `id` bigint unsigned NOT NULL AUTO_INCREMENT,
  `title` varchar(191) COLLATE utf8mb4_unicode_ci NOT NULL,
  `action_label` varchar(191) COLLATE utf8mb4_unicode_ci DEFAULT NULL,
  `action_url` varchar(191) COLLATE utf8mb4_unicode_ci DEFAULT NULL,
  `description` varchar(400) COLLATE utf8mb4_unicode_ci DEFAULT NULL,
  `read_at` timestamp NULL DEFAULT NULL,
  `created_at` timestamp NULL DEFAULT NULL,
  `updated_at` timestamp NULL DEFAULT NULL,
  `permission` varchar(191) COLLATE utf8mb4_unicode_ci DEFAULT NULL,
  PRIMARY KEY (`id`)
) ENGINE=InnoDB DEFAULT CHARSET=utf8mb4 COLLATE=utf8mb4_unicode_ci;
/*!40101 SET character_set_client = @saved_cs_client */;

--
-- Dumping data for table `admin_notifications`
--

LOCK TABLES `admin_notifications` WRITE;
/*!40000 ALTER TABLE `admin_notifications` DISABLE KEYS */;
/*!40000 ALTER TABLE `admin_notifications` ENABLE KEYS */;
UNLOCK TABLES;

--
-- Table structure for table `ads`
--

DROP TABLE IF EXISTS `ads`;
/*!40101 SET @saved_cs_client     = @@character_set_client */;
/*!50503 SET character_set_client = utf8mb4 */;
CREATE TABLE `ads` (
  `id` bigint unsigned NOT NULL AUTO_INCREMENT,
  `name` varchar(191) COLLATE utf8mb4_unicode_ci NOT NULL,
  `expired_at` datetime DEFAULT NULL,
  `location` varchar(120) COLLATE utf8mb4_unicode_ci DEFAULT NULL,
  `key` varchar(120) COLLATE utf8mb4_unicode_ci NOT NULL,
  `image` varchar(191) COLLATE utf8mb4_unicode_ci DEFAULT NULL,
  `url` varchar(191) COLLATE utf8mb4_unicode_ci DEFAULT NULL,
  `clicked` bigint NOT NULL DEFAULT '0',
  `order` int DEFAULT '0',
  `status` varchar(60) COLLATE utf8mb4_unicode_ci NOT NULL DEFAULT 'published',
  `created_at` timestamp NULL DEFAULT NULL,
  `updated_at` timestamp NULL DEFAULT NULL,
  `open_in_new_tab` tinyint(1) NOT NULL DEFAULT '1',
  `tablet_image` varchar(191) COLLATE utf8mb4_unicode_ci DEFAULT NULL,
  `mobile_image` varchar(191) COLLATE utf8mb4_unicode_ci DEFAULT NULL,
  `ads_type` varchar(191) COLLATE utf8mb4_unicode_ci DEFAULT NULL,
  `google_adsense_slot_id` varchar(191) COLLATE utf8mb4_unicode_ci DEFAULT NULL,
  PRIMARY KEY (`id`),
  UNIQUE KEY `ads_key_unique` (`key`)
) ENGINE=InnoDB AUTO_INCREMENT=10 DEFAULT CHARSET=utf8mb4 COLLATE=utf8mb4_unicode_ci;
/*!40101 SET character_set_client = @saved_cs_client */;

--
-- Dumping data for table `ads`
--

LOCK TABLES `ads` WRITE;
/*!40000 ALTER TABLE `ads` DISABLE KEYS */;
INSERT INTO `ads` VALUES (1,'New Modern & Stylist <br> Crafts','2030-08-02 09:15:30',NULL,'IYHICPADQD5X','sliders/banner-slider-01.jpg','/products',0,1,'published','2025-08-02 02:15:30','2025-08-02 02:15:30',1,NULL,NULL,NULL,NULL),(2,'Popular Energy with our <br> newest collection','2030-08-02 09:15:30',NULL,'R4YAV9FECJUS','sliders/banner-slider-02.jpg','/products',0,2,'published','2025-08-02 02:15:30','2025-08-02 02:15:30',1,NULL,NULL,NULL,NULL),(3,'Winter <br> Exclusive In','2030-08-02 09:15:30',NULL,'QPTCBJBOJOSY','banners/banner-offer-01.jpg','/products',0,3,'published','2025-08-02 02:15:30','2025-08-02 02:15:30',1,NULL,NULL,NULL,NULL),(4,'50% Offer','2026-08-02 09:15:30',NULL,'T2VFLDYYIJEH','banners/banner-offer-02.jpg','/products',0,4,'published','2025-08-02 02:15:30','2025-08-02 02:15:30',1,NULL,NULL,NULL,NULL),(5,'New Modern & Stylist <br> Crafts','2029-08-02 09:15:30',NULL,'JO7LLJHFH1RO','banners/banner-03-01.jpg','/products',0,5,'published','2025-08-02 02:15:30','2025-08-02 02:15:30',1,NULL,NULL,NULL,NULL),(6,'Lamp <br> Collections','2029-08-02 09:15:30',NULL,'L8GDJUBVD2TQ','banners/banner-03-02.jpg','/products',0,6,'published','2025-08-02 02:15:30','2025-08-02 02:15:30',1,NULL,NULL,NULL,NULL),(7,'Minimal Chair','2027-08-02 09:15:30',NULL,'PXJPAXLOCVRS','banners/banner-03-03.jpg','/products',0,7,'published','2025-08-02 02:15:30','2025-08-02 02:15:30',1,NULL,NULL,NULL,NULL),(8,'100% Fresh Product <br> Every Hour','2026-08-02 09:15:30',NULL,'EMRCINED6AX9','sliders/slider-05-banner-1.jpg','/products',0,8,'published','2025-08-02 02:15:30','2025-08-02 02:15:30',1,NULL,NULL,NULL,NULL),(9,'100% Fresh Product <br> Every Hour','2030-08-02 09:15:30',NULL,'JVMDAIB9HO2I','sliders/slider-05-banner-1.jpg','/products',0,9,'published','2025-08-02 02:15:30','2025-08-02 02:15:30',1,NULL,NULL,NULL,NULL);
/*!40000 ALTER TABLE `ads` ENABLE KEYS */;
UNLOCK TABLES;

--
-- Table structure for table `ads_translations`
--

DROP TABLE IF EXISTS `ads_translations`;
/*!40101 SET @saved_cs_client     = @@character_set_client */;
/*!50503 SET character_set_client = utf8mb4 */;
CREATE TABLE `ads_translations` (
  `lang_code` varchar(191) COLLATE utf8mb4_unicode_ci NOT NULL,
  `ads_id` bigint unsigned NOT NULL,
  `name` varchar(191) COLLATE utf8mb4_unicode_ci DEFAULT NULL,
  `image` varchar(191) COLLATE utf8mb4_unicode_ci DEFAULT NULL,
  `url` varchar(191) COLLATE utf8mb4_unicode_ci DEFAULT NULL,
  `tablet_image` varchar(191) COLLATE utf8mb4_unicode_ci DEFAULT NULL,
  `mobile_image` varchar(191) COLLATE utf8mb4_unicode_ci DEFAULT NULL,
  PRIMARY KEY (`lang_code`,`ads_id`)
) ENGINE=InnoDB DEFAULT CHARSET=utf8mb4 COLLATE=utf8mb4_unicode_ci;
/*!40101 SET character_set_client = @saved_cs_client */;

--
-- Dumping data for table `ads_translations`
--

LOCK TABLES `ads_translations` WRITE;
/*!40000 ALTER TABLE `ads_translations` DISABLE KEYS */;
/*!40000 ALTER TABLE `ads_translations` ENABLE KEYS */;
UNLOCK TABLES;

--
-- Table structure for table `announcements`
--

DROP TABLE IF EXISTS `announcements`;
/*!40101 SET @saved_cs_client     = @@character_set_client */;
/*!50503 SET character_set_client = utf8mb4 */;
CREATE TABLE `announcements` (
  `id` bigint unsigned NOT NULL AUTO_INCREMENT,
  `name` varchar(191) COLLATE utf8mb4_unicode_ci NOT NULL,
  `content` text COLLATE utf8mb4_unicode_ci NOT NULL,
  `has_action` tinyint(1) NOT NULL DEFAULT '0',
  `action_label` varchar(60) COLLATE utf8mb4_unicode_ci DEFAULT NULL,
  `action_url` varchar(400) COLLATE utf8mb4_unicode_ci DEFAULT NULL,
  `action_open_new_tab` tinyint(1) NOT NULL DEFAULT '0',
  `dismissible` tinyint(1) NOT NULL DEFAULT '0',
  `start_date` datetime DEFAULT NULL,
  `end_date` datetime DEFAULT NULL,
  `is_active` tinyint(1) NOT NULL DEFAULT '1',
  `created_at` timestamp NULL DEFAULT NULL,
  `updated_at` timestamp NULL DEFAULT NULL,
  PRIMARY KEY (`id`)
) ENGINE=InnoDB AUTO_INCREMENT=4 DEFAULT CHARSET=utf8mb4 COLLATE=utf8mb4_unicode_ci;
/*!40101 SET character_set_client = @saved_cs_client */;

--
-- Dumping data for table `announcements`
--

LOCK TABLES `announcements` WRITE;
/*!40000 ALTER TABLE `announcements` DISABLE KEYS */;
INSERT INTO `announcements` VALUES (1,'Announcement 1','<strong>Welcome to our international shop! Enjoy free shipping on orders $100 & up</strong>',1,'Shop now','/',0,1,'2025-08-02 09:15:52',NULL,1,'2025-08-02 02:15:52','2025-08-02 02:15:52'),(2,'Announcement 2','<strong>Trendy 25 silver jewelry, save up 35% off today</strong>',1,'Shop now','/',0,1,'2025-08-02 09:15:52',NULL,1,'2025-08-02 02:15:52','2025-08-02 02:15:52'),(3,'Announcement 3','<strong>Black Friday and Cyber Monday 2023 Deals for Motion Designers, grab it now!</strong>',1,'Shop now','/',0,1,'2025-08-02 09:15:52',NULL,1,'2025-08-02 02:15:52','2025-08-02 02:15:52');
/*!40000 ALTER TABLE `announcements` ENABLE KEYS */;
UNLOCK TABLES;

--
-- Table structure for table `announcements_translations`
--

DROP TABLE IF EXISTS `announcements_translations`;
/*!40101 SET @saved_cs_client     = @@character_set_client */;
/*!50503 SET character_set_client = utf8mb4 */;
CREATE TABLE `announcements_translations` (
  `lang_code` varchar(191) COLLATE utf8mb4_unicode_ci NOT NULL,
  `announcements_id` bigint unsigned NOT NULL,
  `content` text COLLATE utf8mb4_unicode_ci,
  `action_label` varchar(60) COLLATE utf8mb4_unicode_ci DEFAULT NULL,
  PRIMARY KEY (`lang_code`,`announcements_id`)
) ENGINE=InnoDB DEFAULT CHARSET=utf8mb4 COLLATE=utf8mb4_unicode_ci;
/*!40101 SET character_set_client = @saved_cs_client */;

--
-- Dumping data for table `announcements_translations`
--

LOCK TABLES `announcements_translations` WRITE;
/*!40000 ALTER TABLE `announcements_translations` DISABLE KEYS */;
/*!40000 ALTER TABLE `announcements_translations` ENABLE KEYS */;
UNLOCK TABLES;

--
-- Table structure for table `audit_histories`
--

DROP TABLE IF EXISTS `audit_histories`;
/*!40101 SET @saved_cs_client     = @@character_set_client */;
/*!50503 SET character_set_client = utf8mb4 */;
CREATE TABLE `audit_histories` (
  `id` bigint unsigned NOT NULL AUTO_INCREMENT,
  `user_id` bigint unsigned NOT NULL,
  `user_type` varchar(191) COLLATE utf8mb4_unicode_ci DEFAULT 'Botble\\ACL\\Models\\User',
  `module` varchar(60) COLLATE utf8mb4_unicode_ci NOT NULL,
  `request` longtext COLLATE utf8mb4_unicode_ci,
  `action` varchar(120) COLLATE utf8mb4_unicode_ci NOT NULL,
  `user_agent` text COLLATE utf8mb4_unicode_ci,
  `ip_address` varchar(45) COLLATE utf8mb4_unicode_ci DEFAULT NULL,
  `actor_id` bigint unsigned NOT NULL,
  `actor_type` varchar(191) COLLATE utf8mb4_unicode_ci DEFAULT 'Botble\\ACL\\Models\\User',
  `reference_id` bigint unsigned NOT NULL,
  `reference_name` varchar(191) COLLATE utf8mb4_unicode_ci NOT NULL,
  `type` varchar(20) COLLATE utf8mb4_unicode_ci NOT NULL,
  `created_at` timestamp NULL DEFAULT NULL,
  `updated_at` timestamp NULL DEFAULT NULL,
  PRIMARY KEY (`id`),
  KEY `audit_histories_user_id_index` (`user_id`),
  KEY `audit_histories_module_index` (`module`)
) ENGINE=InnoDB DEFAULT CHARSET=utf8mb4 COLLATE=utf8mb4_unicode_ci;
/*!40101 SET character_set_client = @saved_cs_client */;

--
-- Dumping data for table `audit_histories`
--

LOCK TABLES `audit_histories` WRITE;
/*!40000 ALTER TABLE `audit_histories` DISABLE KEYS */;
/*!40000 ALTER TABLE `audit_histories` ENABLE KEYS */;
UNLOCK TABLES;

--
-- Table structure for table `cache`
--

DROP TABLE IF EXISTS `cache`;
/*!40101 SET @saved_cs_client     = @@character_set_client */;
/*!50503 SET character_set_client = utf8mb4 */;
CREATE TABLE `cache` (
  `key` varchar(191) COLLATE utf8mb4_unicode_ci NOT NULL,
  `value` mediumtext COLLATE utf8mb4_unicode_ci NOT NULL,
  `expiration` int NOT NULL,
  PRIMARY KEY (`key`)
) ENGINE=InnoDB DEFAULT CHARSET=utf8mb4 COLLATE=utf8mb4_unicode_ci;
/*!40101 SET character_set_client = @saved_cs_client */;

--
-- Dumping data for table `cache`
--

LOCK TABLES `cache` WRITE;
/*!40000 ALTER TABLE `cache` DISABLE KEYS */;
/*!40000 ALTER TABLE `cache` ENABLE KEYS */;
UNLOCK TABLES;

--
-- Table structure for table `cache_locks`
--

DROP TABLE IF EXISTS `cache_locks`;
/*!40101 SET @saved_cs_client     = @@character_set_client */;
/*!50503 SET character_set_client = utf8mb4 */;
CREATE TABLE `cache_locks` (
  `key` varchar(191) COLLATE utf8mb4_unicode_ci NOT NULL,
  `owner` varchar(191) COLLATE utf8mb4_unicode_ci NOT NULL,
  `expiration` int NOT NULL,
  PRIMARY KEY (`key`)
) ENGINE=InnoDB DEFAULT CHARSET=utf8mb4 COLLATE=utf8mb4_unicode_ci;
/*!40101 SET character_set_client = @saved_cs_client */;

--
-- Dumping data for table `cache_locks`
--

LOCK TABLES `cache_locks` WRITE;
/*!40000 ALTER TABLE `cache_locks` DISABLE KEYS */;
/*!40000 ALTER TABLE `cache_locks` ENABLE KEYS */;
UNLOCK TABLES;

--
-- Table structure for table `categories`
--

DROP TABLE IF EXISTS `categories`;
/*!40101 SET @saved_cs_client     = @@character_set_client */;
/*!50503 SET character_set_client = utf8mb4 */;
CREATE TABLE `categories` (
  `id` bigint unsigned NOT NULL AUTO_INCREMENT,
  `name` varchar(120) COLLATE utf8mb4_unicode_ci NOT NULL,
  `parent_id` bigint unsigned NOT NULL DEFAULT '0',
  `description` varchar(400) COLLATE utf8mb4_unicode_ci DEFAULT NULL,
  `status` varchar(60) COLLATE utf8mb4_unicode_ci NOT NULL DEFAULT 'published',
  `author_id` bigint unsigned DEFAULT NULL,
  `author_type` varchar(191) COLLATE utf8mb4_unicode_ci NOT NULL DEFAULT 'Botble\\ACL\\Models\\User',
  `icon` varchar(60) COLLATE utf8mb4_unicode_ci DEFAULT NULL,
  `order` int unsigned NOT NULL DEFAULT '0',
  `is_featured` tinyint NOT NULL DEFAULT '0',
  `is_default` tinyint unsigned NOT NULL DEFAULT '0',
  `created_at` timestamp NULL DEFAULT NULL,
  `updated_at` timestamp NULL DEFAULT NULL,
  PRIMARY KEY (`id`),
  KEY `categories_parent_id_index` (`parent_id`),
  KEY `categories_status_index` (`status`),
  KEY `categories_created_at_index` (`created_at`)
) ENGINE=InnoDB AUTO_INCREMENT=5 DEFAULT CHARSET=utf8mb4 COLLATE=utf8mb4_unicode_ci;
/*!40101 SET character_set_client = @saved_cs_client */;

--
-- Dumping data for table `categories`
--

LOCK TABLES `categories` WRITE;
/*!40000 ALTER TABLE `categories` DISABLE KEYS */;
INSERT INTO `categories` VALUES (1,'Ecommerce',0,'Cum pariatur veritatis quisquam. Quos qui qui cumque. Eum corporis atque velit quod molestiae vel non. Vel et expedita omnis consequatur.','published',1,'Botble\\ACL\\Models\\User',NULL,0,0,0,'2025-08-02 02:15:16','2025-08-02 02:15:16'),(2,'Fashion',0,'Quaerat facere doloremque doloremque aperiam molestias ut. Omnis quia voluptas aperiam qui. Ab perspiciatis quo qui et. Animi corrupti sed rerum exercitationem modi ut.','published',1,'Botble\\ACL\\Models\\User',NULL,0,1,0,'2025-08-02 02:15:16','2025-08-02 02:15:16'),(3,'Electronic',0,'Perspiciatis nam omnis ut voluptate perspiciatis. Fuga provident sapiente id est ducimus. Voluptas id et et ut. Non ut consequatur vel occaecati ducimus ut.','published',1,'Botble\\ACL\\Models\\User',NULL,0,1,0,'2025-08-02 02:15:16','2025-08-02 02:15:16'),(4,'Commercial',0,'Consequatur sint laboriosam totam reprehenderit quis quam quae. Eos amet est nobis et harum. Et repellendus impedit necessitatibus dolorum beatae veniam.','published',1,'Botble\\ACL\\Models\\User',NULL,0,1,0,'2025-08-02 02:15:16','2025-08-02 02:15:16');
/*!40000 ALTER TABLE `categories` ENABLE KEYS */;
UNLOCK TABLES;

--
-- Table structure for table `categories_translations`
--

DROP TABLE IF EXISTS `categories_translations`;
/*!40101 SET @saved_cs_client     = @@character_set_client */;
/*!50503 SET character_set_client = utf8mb4 */;
CREATE TABLE `categories_translations` (
  `lang_code` varchar(20) COLLATE utf8mb4_unicode_ci NOT NULL,
  `categories_id` bigint unsigned NOT NULL,
  `name` varchar(191) COLLATE utf8mb4_unicode_ci DEFAULT NULL,
  `description` varchar(400) COLLATE utf8mb4_unicode_ci DEFAULT NULL,
  PRIMARY KEY (`lang_code`,`categories_id`)
) ENGINE=InnoDB DEFAULT CHARSET=utf8mb4 COLLATE=utf8mb4_unicode_ci;
/*!40101 SET character_set_client = @saved_cs_client */;

--
-- Dumping data for table `categories_translations`
--

LOCK TABLES `categories_translations` WRITE;
/*!40000 ALTER TABLE `categories_translations` DISABLE KEYS */;
/*!40000 ALTER TABLE `categories_translations` ENABLE KEYS */;
UNLOCK TABLES;

--
-- Table structure for table `cities`
--

DROP TABLE IF EXISTS `cities`;
/*!40101 SET @saved_cs_client     = @@character_set_client */;
/*!50503 SET character_set_client = utf8mb4 */;
CREATE TABLE `cities` (
  `id` bigint unsigned NOT NULL AUTO_INCREMENT,
  `name` varchar(120) COLLATE utf8mb4_unicode_ci NOT NULL,
  `slug` varchar(120) COLLATE utf8mb4_unicode_ci DEFAULT NULL,
  `state_id` bigint unsigned DEFAULT NULL,
  `country_id` bigint unsigned DEFAULT NULL,
  `record_id` varchar(40) COLLATE utf8mb4_unicode_ci DEFAULT NULL,
  `order` tinyint NOT NULL DEFAULT '0',
  `image` varchar(191) COLLATE utf8mb4_unicode_ci DEFAULT NULL,
  `is_default` tinyint unsigned NOT NULL DEFAULT '0',
  `status` varchar(60) COLLATE utf8mb4_unicode_ci NOT NULL DEFAULT 'published',
  `created_at` timestamp NULL DEFAULT NULL,
  `updated_at` timestamp NULL DEFAULT NULL,
  `zip_code` varchar(20) COLLATE utf8mb4_unicode_ci DEFAULT NULL,
  PRIMARY KEY (`id`),
  UNIQUE KEY `cities_slug_unique` (`slug`),
  KEY `idx_cities_name` (`name`),
  KEY `idx_cities_state_status` (`state_id`,`status`),
  KEY `idx_cities_status` (`status`),
  KEY `idx_cities_state_id` (`state_id`)
) ENGINE=InnoDB DEFAULT CHARSET=utf8mb4 COLLATE=utf8mb4_unicode_ci;
/*!40101 SET character_set_client = @saved_cs_client */;

--
-- Dumping data for table `cities`
--

LOCK TABLES `cities` WRITE;
/*!40000 ALTER TABLE `cities` DISABLE KEYS */;
/*!40000 ALTER TABLE `cities` ENABLE KEYS */;
UNLOCK TABLES;

--
-- Table structure for table `cities_translations`
--

DROP TABLE IF EXISTS `cities_translations`;
/*!40101 SET @saved_cs_client     = @@character_set_client */;
/*!50503 SET character_set_client = utf8mb4 */;
CREATE TABLE `cities_translations` (
  `lang_code` varchar(20) COLLATE utf8mb4_unicode_ci NOT NULL,
  `cities_id` bigint unsigned NOT NULL,
  `name` varchar(120) COLLATE utf8mb4_unicode_ci DEFAULT NULL,
  `slug` varchar(120) COLLATE utf8mb4_unicode_ci DEFAULT NULL,
  PRIMARY KEY (`lang_code`,`cities_id`),
  KEY `idx_cities_trans_city_lang` (`cities_id`,`lang_code`),
  KEY `idx_cities_trans_name` (`name`),
  KEY `idx_cities_trans_cities_id` (`cities_id`)
) ENGINE=InnoDB DEFAULT CHARSET=utf8mb4 COLLATE=utf8mb4_unicode_ci;
/*!40101 SET character_set_client = @saved_cs_client */;

--
-- Dumping data for table `cities_translations`
--

LOCK TABLES `cities_translations` WRITE;
/*!40000 ALTER TABLE `cities_translations` DISABLE KEYS */;
/*!40000 ALTER TABLE `cities_translations` ENABLE KEYS */;
UNLOCK TABLES;

--
-- Table structure for table `contact_custom_field_options`
--

DROP TABLE IF EXISTS `contact_custom_field_options`;
/*!40101 SET @saved_cs_client     = @@character_set_client */;
/*!50503 SET character_set_client = utf8mb4 */;
CREATE TABLE `contact_custom_field_options` (
  `id` bigint unsigned NOT NULL AUTO_INCREMENT,
  `custom_field_id` bigint unsigned NOT NULL,
  `label` varchar(191) COLLATE utf8mb4_unicode_ci DEFAULT NULL,
  `value` varchar(191) COLLATE utf8mb4_unicode_ci NOT NULL,
  `order` int NOT NULL DEFAULT '999',
  `created_at` timestamp NULL DEFAULT NULL,
  `updated_at` timestamp NULL DEFAULT NULL,
  PRIMARY KEY (`id`)
) ENGINE=InnoDB DEFAULT CHARSET=utf8mb4 COLLATE=utf8mb4_unicode_ci;
/*!40101 SET character_set_client = @saved_cs_client */;

--
-- Dumping data for table `contact_custom_field_options`
--

LOCK TABLES `contact_custom_field_options` WRITE;
/*!40000 ALTER TABLE `contact_custom_field_options` DISABLE KEYS */;
/*!40000 ALTER TABLE `contact_custom_field_options` ENABLE KEYS */;
UNLOCK TABLES;

--
-- Table structure for table `contact_custom_field_options_translations`
--

DROP TABLE IF EXISTS `contact_custom_field_options_translations`;
/*!40101 SET @saved_cs_client     = @@character_set_client */;
/*!50503 SET character_set_client = utf8mb4 */;
CREATE TABLE `contact_custom_field_options_translations` (
  `contact_custom_field_options_id` bigint unsigned NOT NULL,
  `lang_code` varchar(191) COLLATE utf8mb4_unicode_ci NOT NULL,
  `label` varchar(191) COLLATE utf8mb4_unicode_ci DEFAULT NULL,
  `value` varchar(191) COLLATE utf8mb4_unicode_ci DEFAULT NULL,
  PRIMARY KEY (`lang_code`,`contact_custom_field_options_id`)
) ENGINE=InnoDB DEFAULT CHARSET=utf8mb4 COLLATE=utf8mb4_unicode_ci;
/*!40101 SET character_set_client = @saved_cs_client */;

--
-- Dumping data for table `contact_custom_field_options_translations`
--

LOCK TABLES `contact_custom_field_options_translations` WRITE;
/*!40000 ALTER TABLE `contact_custom_field_options_translations` DISABLE KEYS */;
/*!40000 ALTER TABLE `contact_custom_field_options_translations` ENABLE KEYS */;
UNLOCK TABLES;

--
-- Table structure for table `contact_custom_fields`
--

DROP TABLE IF EXISTS `contact_custom_fields`;
/*!40101 SET @saved_cs_client     = @@character_set_client */;
/*!50503 SET character_set_client = utf8mb4 */;
CREATE TABLE `contact_custom_fields` (
  `id` bigint unsigned NOT NULL AUTO_INCREMENT,
  `type` varchar(191) COLLATE utf8mb4_unicode_ci NOT NULL,
  `required` tinyint(1) NOT NULL DEFAULT '0',
  `name` varchar(191) COLLATE utf8mb4_unicode_ci NOT NULL,
  `placeholder` varchar(191) COLLATE utf8mb4_unicode_ci DEFAULT NULL,
  `order` int NOT NULL DEFAULT '999',
  `status` varchar(191) COLLATE utf8mb4_unicode_ci NOT NULL DEFAULT 'published',
  `created_at` timestamp NULL DEFAULT NULL,
  `updated_at` timestamp NULL DEFAULT NULL,
  PRIMARY KEY (`id`)
) ENGINE=InnoDB DEFAULT CHARSET=utf8mb4 COLLATE=utf8mb4_unicode_ci;
/*!40101 SET character_set_client = @saved_cs_client */;

--
-- Dumping data for table `contact_custom_fields`
--

LOCK TABLES `contact_custom_fields` WRITE;
/*!40000 ALTER TABLE `contact_custom_fields` DISABLE KEYS */;
/*!40000 ALTER TABLE `contact_custom_fields` ENABLE KEYS */;
UNLOCK TABLES;

--
-- Table structure for table `contact_custom_fields_translations`
--

DROP TABLE IF EXISTS `contact_custom_fields_translations`;
/*!40101 SET @saved_cs_client     = @@character_set_client */;
/*!50503 SET character_set_client = utf8mb4 */;
CREATE TABLE `contact_custom_fields_translations` (
  `contact_custom_fields_id` bigint unsigned NOT NULL,
  `lang_code` varchar(191) COLLATE utf8mb4_unicode_ci NOT NULL,
  `name` varchar(191) COLLATE utf8mb4_unicode_ci DEFAULT NULL,
  `placeholder` varchar(191) COLLATE utf8mb4_unicode_ci DEFAULT NULL,
  PRIMARY KEY (`lang_code`,`contact_custom_fields_id`)
) ENGINE=InnoDB DEFAULT CHARSET=utf8mb4 COLLATE=utf8mb4_unicode_ci;
/*!40101 SET character_set_client = @saved_cs_client */;

--
-- Dumping data for table `contact_custom_fields_translations`
--

LOCK TABLES `contact_custom_fields_translations` WRITE;
/*!40000 ALTER TABLE `contact_custom_fields_translations` DISABLE KEYS */;
/*!40000 ALTER TABLE `contact_custom_fields_translations` ENABLE KEYS */;
UNLOCK TABLES;

--
-- Table structure for table `contact_replies`
--

DROP TABLE IF EXISTS `contact_replies`;
/*!40101 SET @saved_cs_client     = @@character_set_client */;
/*!50503 SET character_set_client = utf8mb4 */;
CREATE TABLE `contact_replies` (
  `id` bigint unsigned NOT NULL AUTO_INCREMENT,
  `message` longtext COLLATE utf8mb4_unicode_ci NOT NULL,
  `contact_id` bigint unsigned NOT NULL,
  `created_at` timestamp NULL DEFAULT NULL,
  `updated_at` timestamp NULL DEFAULT NULL,
  PRIMARY KEY (`id`)
) ENGINE=InnoDB DEFAULT CHARSET=utf8mb4 COLLATE=utf8mb4_unicode_ci;
/*!40101 SET character_set_client = @saved_cs_client */;

--
-- Dumping data for table `contact_replies`
--

LOCK TABLES `contact_replies` WRITE;
/*!40000 ALTER TABLE `contact_replies` DISABLE KEYS */;
/*!40000 ALTER TABLE `contact_replies` ENABLE KEYS */;
UNLOCK TABLES;

--
-- Table structure for table `contacts`
--

DROP TABLE IF EXISTS `contacts`;
/*!40101 SET @saved_cs_client     = @@character_set_client */;
/*!50503 SET character_set_client = utf8mb4 */;
CREATE TABLE `contacts` (
  `id` bigint unsigned NOT NULL AUTO_INCREMENT,
  `name` varchar(60) COLLATE utf8mb4_unicode_ci NOT NULL,
  `email` varchar(60) COLLATE utf8mb4_unicode_ci DEFAULT NULL,
  `phone` varchar(60) COLLATE utf8mb4_unicode_ci DEFAULT NULL,
  `address` varchar(120) COLLATE utf8mb4_unicode_ci DEFAULT NULL,
  `subject` varchar(120) COLLATE utf8mb4_unicode_ci DEFAULT NULL,
  `content` longtext COLLATE utf8mb4_unicode_ci NOT NULL,
  `custom_fields` text COLLATE utf8mb4_unicode_ci,
  `status` varchar(60) COLLATE utf8mb4_unicode_ci NOT NULL DEFAULT 'unread',
  `created_at` timestamp NULL DEFAULT NULL,
  `updated_at` timestamp NULL DEFAULT NULL,
  PRIMARY KEY (`id`)
) ENGINE=InnoDB DEFAULT CHARSET=utf8mb4 COLLATE=utf8mb4_unicode_ci;
/*!40101 SET character_set_client = @saved_cs_client */;

--
-- Dumping data for table `contacts`
--

LOCK TABLES `contacts` WRITE;
/*!40000 ALTER TABLE `contacts` DISABLE KEYS */;
/*!40000 ALTER TABLE `contacts` ENABLE KEYS */;
UNLOCK TABLES;

--
-- Table structure for table `countries`
--

DROP TABLE IF EXISTS `countries`;
/*!40101 SET @saved_cs_client     = @@character_set_client */;
/*!50503 SET character_set_client = utf8mb4 */;
CREATE TABLE `countries` (
  `id` bigint unsigned NOT NULL AUTO_INCREMENT,
  `name` varchar(120) COLLATE utf8mb4_unicode_ci NOT NULL,
  `nationality` varchar(120) COLLATE utf8mb4_unicode_ci DEFAULT NULL,
  `order` tinyint NOT NULL DEFAULT '0',
  `image` varchar(191) COLLATE utf8mb4_unicode_ci DEFAULT NULL,
  `is_default` tinyint unsigned NOT NULL DEFAULT '0',
  `status` varchar(60) COLLATE utf8mb4_unicode_ci NOT NULL DEFAULT 'published',
  `created_at` timestamp NULL DEFAULT NULL,
  `updated_at` timestamp NULL DEFAULT NULL,
  `code` varchar(10) COLLATE utf8mb4_unicode_ci DEFAULT NULL,
  PRIMARY KEY (`id`),
  KEY `idx_countries_name` (`name`),
  KEY `idx_countries_status` (`status`)
) ENGINE=InnoDB DEFAULT CHARSET=utf8mb4 COLLATE=utf8mb4_unicode_ci;
/*!40101 SET character_set_client = @saved_cs_client */;

--
-- Dumping data for table `countries`
--

LOCK TABLES `countries` WRITE;
/*!40000 ALTER TABLE `countries` DISABLE KEYS */;
/*!40000 ALTER TABLE `countries` ENABLE KEYS */;
UNLOCK TABLES;

--
-- Table structure for table `countries_translations`
--

DROP TABLE IF EXISTS `countries_translations`;
/*!40101 SET @saved_cs_client     = @@character_set_client */;
/*!50503 SET character_set_client = utf8mb4 */;
CREATE TABLE `countries_translations` (
  `lang_code` varchar(20) COLLATE utf8mb4_unicode_ci NOT NULL,
  `countries_id` bigint unsigned NOT NULL,
  `name` varchar(120) COLLATE utf8mb4_unicode_ci DEFAULT NULL,
  `nationality` varchar(120) COLLATE utf8mb4_unicode_ci DEFAULT NULL,
  PRIMARY KEY (`lang_code`,`countries_id`),
  KEY `idx_countries_trans_country_lang` (`countries_id`,`lang_code`),
  KEY `idx_countries_trans_name` (`name`),
  KEY `idx_countries_trans_countries_id` (`countries_id`)
) ENGINE=InnoDB DEFAULT CHARSET=utf8mb4 COLLATE=utf8mb4_unicode_ci;
/*!40101 SET character_set_client = @saved_cs_client */;

--
-- Dumping data for table `countries_translations`
--

LOCK TABLES `countries_translations` WRITE;
/*!40000 ALTER TABLE `countries_translations` DISABLE KEYS */;
/*!40000 ALTER TABLE `countries_translations` ENABLE KEYS */;
UNLOCK TABLES;

--
-- Table structure for table `dashboard_widget_settings`
--

DROP TABLE IF EXISTS `dashboard_widget_settings`;
/*!40101 SET @saved_cs_client     = @@character_set_client */;
/*!50503 SET character_set_client = utf8mb4 */;
CREATE TABLE `dashboard_widget_settings` (
  `id` bigint unsigned NOT NULL AUTO_INCREMENT,
  `settings` text COLLATE utf8mb4_unicode_ci,
  `user_id` bigint unsigned NOT NULL,
  `widget_id` bigint unsigned NOT NULL,
  `order` tinyint unsigned NOT NULL DEFAULT '0',
  `status` tinyint unsigned NOT NULL DEFAULT '1',
  `created_at` timestamp NULL DEFAULT NULL,
  `updated_at` timestamp NULL DEFAULT NULL,
  PRIMARY KEY (`id`),
  KEY `dashboard_widget_settings_user_id_index` (`user_id`),
  KEY `dashboard_widget_settings_widget_id_index` (`widget_id`)
) ENGINE=InnoDB DEFAULT CHARSET=utf8mb4 COLLATE=utf8mb4_unicode_ci;
/*!40101 SET character_set_client = @saved_cs_client */;

--
-- Dumping data for table `dashboard_widget_settings`
--

LOCK TABLES `dashboard_widget_settings` WRITE;
/*!40000 ALTER TABLE `dashboard_widget_settings` DISABLE KEYS */;
/*!40000 ALTER TABLE `dashboard_widget_settings` ENABLE KEYS */;
UNLOCK TABLES;

--
-- Table structure for table `dashboard_widgets`
--

DROP TABLE IF EXISTS `dashboard_widgets`;
/*!40101 SET @saved_cs_client     = @@character_set_client */;
/*!50503 SET character_set_client = utf8mb4 */;
CREATE TABLE `dashboard_widgets` (
  `id` bigint unsigned NOT NULL AUTO_INCREMENT,
  `name` varchar(120) COLLATE utf8mb4_unicode_ci NOT NULL,
  `created_at` timestamp NULL DEFAULT NULL,
  `updated_at` timestamp NULL DEFAULT NULL,
  PRIMARY KEY (`id`)
) ENGINE=InnoDB DEFAULT CHARSET=utf8mb4 COLLATE=utf8mb4_unicode_ci;
/*!40101 SET character_set_client = @saved_cs_client */;

--
-- Dumping data for table `dashboard_widgets`
--

LOCK TABLES `dashboard_widgets` WRITE;
/*!40000 ALTER TABLE `dashboard_widgets` DISABLE KEYS */;
/*!40000 ALTER TABLE `dashboard_widgets` ENABLE KEYS */;
UNLOCK TABLES;

--
-- Table structure for table `device_tokens`
--

DROP TABLE IF EXISTS `device_tokens`;
/*!40101 SET @saved_cs_client     = @@character_set_client */;
/*!50503 SET character_set_client = utf8mb4 */;
CREATE TABLE `device_tokens` (
  `id` bigint unsigned NOT NULL AUTO_INCREMENT,
  `token` varchar(191) COLLATE utf8mb4_unicode_ci NOT NULL,
  `platform` varchar(191) COLLATE utf8mb4_unicode_ci DEFAULT NULL,
  `app_version` varchar(191) COLLATE utf8mb4_unicode_ci DEFAULT NULL,
  `device_id` varchar(191) COLLATE utf8mb4_unicode_ci DEFAULT NULL,
  `user_type` varchar(191) COLLATE utf8mb4_unicode_ci DEFAULT NULL,
  `user_id` bigint unsigned DEFAULT NULL,
  `is_active` tinyint(1) NOT NULL DEFAULT '1',
  `last_used_at` timestamp NULL DEFAULT NULL,
  `created_at` timestamp NULL DEFAULT NULL,
  `updated_at` timestamp NULL DEFAULT NULL,
  PRIMARY KEY (`id`),
  UNIQUE KEY `device_tokens_token_unique` (`token`),
  KEY `device_tokens_user_type_user_id_index` (`user_type`,`user_id`),
  KEY `device_tokens_platform_is_active_index` (`platform`,`is_active`),
  KEY `device_tokens_is_active_index` (`is_active`)
) ENGINE=InnoDB DEFAULT CHARSET=utf8mb4 COLLATE=utf8mb4_unicode_ci;
/*!40101 SET character_set_client = @saved_cs_client */;

--
-- Dumping data for table `device_tokens`
--

LOCK TABLES `device_tokens` WRITE;
/*!40000 ALTER TABLE `device_tokens` DISABLE KEYS */;
/*!40000 ALTER TABLE `device_tokens` ENABLE KEYS */;
UNLOCK TABLES;

--
-- Table structure for table `ec_abandoned_carts`
--

DROP TABLE IF EXISTS `ec_abandoned_carts`;
/*!40101 SET @saved_cs_client     = @@character_set_client */;
/*!50503 SET character_set_client = utf8mb4 */;
CREATE TABLE `ec_abandoned_carts` (
  `id` bigint unsigned NOT NULL AUTO_INCREMENT,
  `customer_id` bigint unsigned DEFAULT NULL,
  `session_id` varchar(191) COLLATE utf8mb4_unicode_ci DEFAULT NULL,
  `cart_data` json NOT NULL,
  `total_amount` decimal(15,2) NOT NULL DEFAULT '0.00',
  `items_count` int NOT NULL DEFAULT '0',
  `email` varchar(191) COLLATE utf8mb4_unicode_ci DEFAULT NULL,
  `phone` varchar(191) COLLATE utf8mb4_unicode_ci DEFAULT NULL,
  `customer_name` varchar(191) COLLATE utf8mb4_unicode_ci DEFAULT NULL,
  `abandoned_at` timestamp NULL DEFAULT NULL,
  `reminder_sent_at` timestamp NULL DEFAULT NULL,
  `reminders_sent` int NOT NULL DEFAULT '0',
  `is_recovered` tinyint(1) NOT NULL DEFAULT '0',
  `recovered_at` timestamp NULL DEFAULT NULL,
  `recovered_order_id` bigint unsigned DEFAULT NULL,
  `created_at` timestamp NULL DEFAULT NULL,
  `updated_at` timestamp NULL DEFAULT NULL,
  PRIMARY KEY (`id`),
  KEY `ec_abandoned_carts_abandoned_at_is_recovered_index` (`abandoned_at`,`is_recovered`),
  KEY `ec_abandoned_carts_created_at_is_recovered_index` (`created_at`,`is_recovered`),
  KEY `ec_abandoned_carts_customer_id_index` (`customer_id`),
  KEY `ec_abandoned_carts_session_id_index` (`session_id`),
  KEY `ec_abandoned_carts_email_index` (`email`),
  KEY `ec_abandoned_carts_recovered_order_id_index` (`recovered_order_id`)
) ENGINE=InnoDB DEFAULT CHARSET=utf8mb4 COLLATE=utf8mb4_unicode_ci;
/*!40101 SET character_set_client = @saved_cs_client */;

--
-- Dumping data for table `ec_abandoned_carts`
--

LOCK TABLES `ec_abandoned_carts` WRITE;
/*!40000 ALTER TABLE `ec_abandoned_carts` DISABLE KEYS */;
/*!40000 ALTER TABLE `ec_abandoned_carts` ENABLE KEYS */;
UNLOCK TABLES;

--
-- Table structure for table `ec_brands`
--

DROP TABLE IF EXISTS `ec_brands`;
/*!40101 SET @saved_cs_client     = @@character_set_client */;
/*!50503 SET character_set_client = utf8mb4 */;
CREATE TABLE `ec_brands` (
  `id` bigint unsigned NOT NULL AUTO_INCREMENT,
  `name` varchar(191) COLLATE utf8mb4_unicode_ci NOT NULL,
  `description` mediumtext COLLATE utf8mb4_unicode_ci,
  `website` varchar(191) COLLATE utf8mb4_unicode_ci DEFAULT NULL,
  `logo` varchar(191) COLLATE utf8mb4_unicode_ci DEFAULT NULL,
  `status` varchar(60) COLLATE utf8mb4_unicode_ci NOT NULL DEFAULT 'published',
  `order` tinyint unsigned NOT NULL DEFAULT '0',
  `is_featured` tinyint unsigned NOT NULL DEFAULT '0',
  `created_at` timestamp NULL DEFAULT NULL,
  `updated_at` timestamp NULL DEFAULT NULL,
  PRIMARY KEY (`id`)
) ENGINE=InnoDB AUTO_INCREMENT=7 DEFAULT CHARSET=utf8mb4 COLLATE=utf8mb4_unicode_ci;
/*!40101 SET character_set_client = @saved_cs_client */;

--
-- Dumping data for table `ec_brands`
--

LOCK TABLES `ec_brands` WRITE;
/*!40000 ALTER TABLE `ec_brands` DISABLE KEYS */;
INSERT INTO `ec_brands` VALUES (1,'Fashion live',NULL,NULL,'brands/brand-01.png','published',0,1,'2025-08-02 02:15:32','2025-08-02 02:15:32'),(2,'Hand crafted',NULL,NULL,'brands/brand-02.png','published',1,0,'2025-08-02 02:15:32','2025-08-02 02:15:32'),(3,'Mestonix',NULL,NULL,'brands/brand-03.png','published',2,1,'2025-08-02 02:15:32','2025-08-02 02:15:32'),(4,'Sunshine',NULL,NULL,'brands/brand-04.png','published',3,0,'2025-08-02 02:15:32','2025-08-02 02:15:32'),(5,'Pure',NULL,NULL,'brands/brand-05.png','published',4,0,'2025-08-02 02:15:32','2025-08-02 02:15:32'),(6,'Anfold',NULL,NULL,'brands/brand-06.png','published',5,1,'2025-08-02 02:15:32','2025-08-02 02:15:32');
/*!40000 ALTER TABLE `ec_brands` ENABLE KEYS */;
UNLOCK TABLES;

--
-- Table structure for table `ec_brands_translations`
--

DROP TABLE IF EXISTS `ec_brands_translations`;
/*!40101 SET @saved_cs_client     = @@character_set_client */;
/*!50503 SET character_set_client = utf8mb4 */;
CREATE TABLE `ec_brands_translations` (
  `lang_code` varchar(191) COLLATE utf8mb4_unicode_ci NOT NULL,
  `ec_brands_id` bigint unsigned NOT NULL,
  `name` varchar(191) COLLATE utf8mb4_unicode_ci DEFAULT NULL,
  `description` mediumtext COLLATE utf8mb4_unicode_ci,
  PRIMARY KEY (`lang_code`,`ec_brands_id`)
) ENGINE=InnoDB DEFAULT CHARSET=utf8mb4 COLLATE=utf8mb4_unicode_ci;
/*!40101 SET character_set_client = @saved_cs_client */;

--
-- Dumping data for table `ec_brands_translations`
--

LOCK TABLES `ec_brands_translations` WRITE;
/*!40000 ALTER TABLE `ec_brands_translations` DISABLE KEYS */;
/*!40000 ALTER TABLE `ec_brands_translations` ENABLE KEYS */;
UNLOCK TABLES;

--
-- Table structure for table `ec_cart`
--

DROP TABLE IF EXISTS `ec_cart`;
/*!40101 SET @saved_cs_client     = @@character_set_client */;
/*!50503 SET character_set_client = utf8mb4 */;
CREATE TABLE `ec_cart` (
  `identifier` varchar(60) COLLATE utf8mb4_unicode_ci NOT NULL,
  `instance` varchar(60) COLLATE utf8mb4_unicode_ci NOT NULL,
  `content` longtext COLLATE utf8mb4_unicode_ci NOT NULL,
  `created_at` timestamp NULL DEFAULT NULL,
  `updated_at` timestamp NULL DEFAULT NULL,
  PRIMARY KEY (`identifier`,`instance`)
) ENGINE=InnoDB DEFAULT CHARSET=utf8mb4 COLLATE=utf8mb4_unicode_ci;
/*!40101 SET character_set_client = @saved_cs_client */;

--
-- Dumping data for table `ec_cart`
--

LOCK TABLES `ec_cart` WRITE;
/*!40000 ALTER TABLE `ec_cart` DISABLE KEYS */;
/*!40000 ALTER TABLE `ec_cart` ENABLE KEYS */;
UNLOCK TABLES;

--
-- Table structure for table `ec_currencies`
--

DROP TABLE IF EXISTS `ec_currencies`;
/*!40101 SET @saved_cs_client     = @@character_set_client */;
/*!50503 SET character_set_client = utf8mb4 */;
CREATE TABLE `ec_currencies` (
  `id` bigint unsigned NOT NULL AUTO_INCREMENT,
  `title` varchar(191) COLLATE utf8mb4_unicode_ci NOT NULL,
  `symbol` varchar(10) COLLATE utf8mb4_unicode_ci NOT NULL,
  `is_prefix_symbol` tinyint unsigned NOT NULL DEFAULT '0',
  `decimals` tinyint unsigned DEFAULT '0',
  `order` int unsigned DEFAULT '0',
  `is_default` tinyint NOT NULL DEFAULT '0',
  `exchange_rate` double NOT NULL DEFAULT '1',
  `created_at` timestamp NULL DEFAULT NULL,
  `updated_at` timestamp NULL DEFAULT NULL,
  PRIMARY KEY (`id`)
) ENGINE=InnoDB AUTO_INCREMENT=5 DEFAULT CHARSET=utf8mb4 COLLATE=utf8mb4_unicode_ci;
/*!40101 SET character_set_client = @saved_cs_client */;

--
-- Dumping data for table `ec_currencies`
--

LOCK TABLES `ec_currencies` WRITE;
/*!40000 ALTER TABLE `ec_currencies` DISABLE KEYS */;
INSERT INTO `ec_currencies` VALUES (1,'USD','$',1,2,0,1,1,'2025-08-02 02:15:12','2025-08-02 02:15:12'),(2,'EUR','€',0,2,1,0,0.84,'2025-08-02 02:15:12','2025-08-02 02:15:12'),(3,'VND','₫',0,0,2,0,23203,'2025-08-02 02:15:12','2025-08-02 02:15:12'),(4,'NGN','₦',1,2,2,0,895.52,'2025-08-02 02:15:12','2025-08-02 02:15:12');
/*!40000 ALTER TABLE `ec_currencies` ENABLE KEYS */;
UNLOCK TABLES;

--
-- Table structure for table `ec_customer_addresses`
--

DROP TABLE IF EXISTS `ec_customer_addresses`;
/*!40101 SET @saved_cs_client     = @@character_set_client */;
/*!50503 SET character_set_client = utf8mb4 */;
CREATE TABLE `ec_customer_addresses` (
  `id` bigint unsigned NOT NULL AUTO_INCREMENT,
  `name` varchar(191) COLLATE utf8mb4_unicode_ci NOT NULL,
  `email` varchar(60) COLLATE utf8mb4_unicode_ci DEFAULT NULL,
  `phone` varchar(20) COLLATE utf8mb4_unicode_ci DEFAULT NULL,
  `country` varchar(120) COLLATE utf8mb4_unicode_ci DEFAULT NULL,
  `state` varchar(120) COLLATE utf8mb4_unicode_ci DEFAULT NULL,
  `city` varchar(120) COLLATE utf8mb4_unicode_ci DEFAULT NULL,
  `address` varchar(191) COLLATE utf8mb4_unicode_ci DEFAULT NULL,
  `customer_id` bigint unsigned NOT NULL,
  `is_default` tinyint unsigned NOT NULL DEFAULT '0',
  `created_at` timestamp NULL DEFAULT NULL,
  `updated_at` timestamp NULL DEFAULT NULL,
  `zip_code` varchar(20) COLLATE utf8mb4_unicode_ci DEFAULT NULL,
  PRIMARY KEY (`id`)
) ENGINE=InnoDB AUTO_INCREMENT=13 DEFAULT CHARSET=utf8mb4 COLLATE=utf8mb4_unicode_ci;
/*!40101 SET character_set_client = @saved_cs_client */;

--
-- Dumping data for table `ec_customer_addresses`
--

LOCK TABLES `ec_customer_addresses` WRITE;
/*!40000 ALTER TABLE `ec_customer_addresses` DISABLE KEYS */;
INSERT INTO `ec_customer_addresses` VALUES (1,'Mr. Louisa Jacobson','customer@botble.com','+19897580600','CK','Mississippi','Velmaberg','3178 Ally Ramp',1,1,'2025-08-02 02:15:49','2025-08-02 02:15:49','60073-1480'),(2,'Mr. Louisa Jacobson','customer@botble.com','+12094193659','DK','Massachusetts','Alexandriaberg','3113 Cronin Parks Apt. 337',1,0,'2025-08-02 02:15:49','2025-08-02 02:15:49','26002-3274'),(3,'Jesus Blick MD','john.smith@botble.com','+13102877054','EC','California','East Muhammadville','609 Carter Meadow Apt. 128',2,1,'2025-08-02 02:15:49','2025-08-02 02:15:49','89055'),(4,'Jesus Blick MD','john.smith@botble.com','+15407760432','TG','Oklahoma','Trevionshire','3030 Crooks Coves Suite 698',2,0,'2025-08-02 02:15:49','2025-08-02 02:15:49','82247-9062'),(5,'Ms. Janae Kulas','cordelia.mckenzie@example.com','+13523666632','TF','New Mexico','Hellerfort','62527 Chesley Fields',3,1,'2025-08-02 02:15:49','2025-08-02 02:15:49','11386-9411'),(6,'Hosea Gaylord I','miller.cecilia@example.com','+13619928419','SL','Maine','West Trudie','573 DuBuque Pines',4,1,'2025-08-02 02:15:49','2025-08-02 02:15:49','86449'),(7,'Annetta Torphy DVM','edd.cole@example.net','+15855756061','BD','West Virginia','Ratkebury','896 DuBuque Ford Suite 204',5,1,'2025-08-02 02:15:49','2025-08-02 02:15:49','45789-0231'),(8,'Therese Collier','jevon77@example.org','+12172903536','BF','Connecticut','Lueilwitzborough','53141 Dasia Springs',6,1,'2025-08-02 02:15:50','2025-08-02 02:15:50','98151'),(9,'Jewel Rempel','felicity73@example.org','+14306010018','GH','Washington','Granthaven','325 Leffler Parks',7,1,'2025-08-02 02:15:50','2025-08-02 02:15:50','29648'),(10,'Dan Paucek','roberto33@example.org','+16092192618','DK','New York','Wittingtown','80346 Reagan Highway',8,1,'2025-08-02 02:15:50','2025-08-02 02:15:50','59523-9927'),(11,'Elroy Rice Jr.','hayes.noemie@example.org','+13519515944','SS','Oklahoma','New Wilfredo','664 Stehr Squares',9,1,'2025-08-02 02:15:50','2025-08-02 02:15:50','09835-1556'),(12,'Alexandra Lubowitz','dmueller@example.org','+15613957206','MR','Massachusetts','Lake Magali','682 Howell Lakes',10,1,'2025-08-02 02:15:51','2025-08-02 02:15:51','63925-9417');
/*!40000 ALTER TABLE `ec_customer_addresses` ENABLE KEYS */;
UNLOCK TABLES;

--
-- Table structure for table `ec_customer_deletion_requests`
--

DROP TABLE IF EXISTS `ec_customer_deletion_requests`;
/*!40101 SET @saved_cs_client     = @@character_set_client */;
/*!50503 SET character_set_client = utf8mb4 */;
CREATE TABLE `ec_customer_deletion_requests` (
  `id` bigint unsigned NOT NULL AUTO_INCREMENT,
  `customer_id` bigint unsigned NOT NULL,
  `customer_name` varchar(191) COLLATE utf8mb4_unicode_ci DEFAULT NULL,
  `customer_phone` varchar(191) COLLATE utf8mb4_unicode_ci DEFAULT NULL,
  `customer_email` varchar(191) COLLATE utf8mb4_unicode_ci DEFAULT NULL,
  `token` varchar(191) COLLATE utf8mb4_unicode_ci NOT NULL,
  `status` varchar(50) COLLATE utf8mb4_unicode_ci NOT NULL DEFAULT 'waiting_for_confirmation',
  `reason` text COLLATE utf8mb4_unicode_ci,
  `confirmed_at` datetime DEFAULT NULL,
  `created_at` timestamp NULL DEFAULT NULL,
  `updated_at` timestamp NULL DEFAULT NULL,
  PRIMARY KEY (`id`),
  UNIQUE KEY `ec_customer_deletion_requests_token_unique` (`token`)
) ENGINE=InnoDB DEFAULT CHARSET=utf8mb4 COLLATE=utf8mb4_unicode_ci;
/*!40101 SET character_set_client = @saved_cs_client */;

--
-- Dumping data for table `ec_customer_deletion_requests`
--

LOCK TABLES `ec_customer_deletion_requests` WRITE;
/*!40000 ALTER TABLE `ec_customer_deletion_requests` DISABLE KEYS */;
/*!40000 ALTER TABLE `ec_customer_deletion_requests` ENABLE KEYS */;
UNLOCK TABLES;

--
-- Table structure for table `ec_customer_password_resets`
--

DROP TABLE IF EXISTS `ec_customer_password_resets`;
/*!40101 SET @saved_cs_client     = @@character_set_client */;
/*!50503 SET character_set_client = utf8mb4 */;
CREATE TABLE `ec_customer_password_resets` (
  `email` varchar(191) COLLATE utf8mb4_unicode_ci NOT NULL,
  `token` varchar(191) COLLATE utf8mb4_unicode_ci NOT NULL,
  `created_at` timestamp NULL DEFAULT NULL,
  KEY `ec_customer_password_resets_email_index` (`email`),
  KEY `ec_customer_password_resets_token_index` (`token`)
) ENGINE=InnoDB DEFAULT CHARSET=utf8mb4 COLLATE=utf8mb4_unicode_ci;
/*!40101 SET character_set_client = @saved_cs_client */;

--
-- Dumping data for table `ec_customer_password_resets`
--

LOCK TABLES `ec_customer_password_resets` WRITE;
/*!40000 ALTER TABLE `ec_customer_password_resets` DISABLE KEYS */;
/*!40000 ALTER TABLE `ec_customer_password_resets` ENABLE KEYS */;
UNLOCK TABLES;

--
-- Table structure for table `ec_customer_recently_viewed_products`
--

DROP TABLE IF EXISTS `ec_customer_recently_viewed_products`;
/*!40101 SET @saved_cs_client     = @@character_set_client */;
/*!50503 SET character_set_client = utf8mb4 */;
CREATE TABLE `ec_customer_recently_viewed_products` (
  `id` bigint unsigned NOT NULL AUTO_INCREMENT,
  `customer_id` bigint unsigned NOT NULL,
  `product_id` bigint unsigned NOT NULL,
  PRIMARY KEY (`id`)
) ENGINE=InnoDB DEFAULT CHARSET=utf8mb4 COLLATE=utf8mb4_unicode_ci;
/*!40101 SET character_set_client = @saved_cs_client */;

--
-- Dumping data for table `ec_customer_recently_viewed_products`
--

LOCK TABLES `ec_customer_recently_viewed_products` WRITE;
/*!40000 ALTER TABLE `ec_customer_recently_viewed_products` DISABLE KEYS */;
/*!40000 ALTER TABLE `ec_customer_recently_viewed_products` ENABLE KEYS */;
UNLOCK TABLES;

--
-- Table structure for table `ec_customer_used_coupons`
--

DROP TABLE IF EXISTS `ec_customer_used_coupons`;
/*!40101 SET @saved_cs_client     = @@character_set_client */;
/*!50503 SET character_set_client = utf8mb4 */;
CREATE TABLE `ec_customer_used_coupons` (
  `discount_id` bigint unsigned NOT NULL,
  `customer_id` bigint unsigned NOT NULL,
  PRIMARY KEY (`discount_id`,`customer_id`)
) ENGINE=InnoDB DEFAULT CHARSET=utf8mb4 COLLATE=utf8mb4_unicode_ci;
/*!40101 SET character_set_client = @saved_cs_client */;

--
-- Dumping data for table `ec_customer_used_coupons`
--

LOCK TABLES `ec_customer_used_coupons` WRITE;
/*!40000 ALTER TABLE `ec_customer_used_coupons` DISABLE KEYS */;
/*!40000 ALTER TABLE `ec_customer_used_coupons` ENABLE KEYS */;
UNLOCK TABLES;

--
-- Table structure for table `ec_customers`
--

DROP TABLE IF EXISTS `ec_customers`;
/*!40101 SET @saved_cs_client     = @@character_set_client */;
/*!50503 SET character_set_client = utf8mb4 */;
CREATE TABLE `ec_customers` (
  `id` bigint unsigned NOT NULL AUTO_INCREMENT,
  `name` varchar(191) COLLATE utf8mb4_unicode_ci NOT NULL,
  `email` varchar(191) COLLATE utf8mb4_unicode_ci DEFAULT NULL,
  `password` varchar(191) COLLATE utf8mb4_unicode_ci NOT NULL,
  `avatar` varchar(191) COLLATE utf8mb4_unicode_ci DEFAULT NULL,
  `dob` date DEFAULT NULL,
  `phone` varchar(20) COLLATE utf8mb4_unicode_ci DEFAULT NULL,
  `remember_token` varchar(100) COLLATE utf8mb4_unicode_ci DEFAULT NULL,
  `created_at` timestamp NULL DEFAULT NULL,
  `updated_at` timestamp NULL DEFAULT NULL,
  `confirmed_at` datetime DEFAULT NULL,
  `email_verify_token` varchar(120) COLLATE utf8mb4_unicode_ci DEFAULT NULL,
  `status` varchar(60) COLLATE utf8mb4_unicode_ci NOT NULL DEFAULT 'activated',
  `private_notes` text COLLATE utf8mb4_unicode_ci,
  PRIMARY KEY (`id`)
) ENGINE=InnoDB AUTO_INCREMENT=11 DEFAULT CHARSET=utf8mb4 COLLATE=utf8mb4_unicode_ci;
/*!40101 SET character_set_client = @saved_cs_client */;

--
-- Dumping data for table `ec_customers`
--

LOCK TABLES `ec_customers` WRITE;
/*!40000 ALTER TABLE `ec_customers` DISABLE KEYS */;
INSERT INTO `ec_customers` VALUES (1,'Mr. Louisa Jacobson','customer@botble.com','$2y$12$Fxe95r71pbT.tYA2/vT0neV3HWg0Y4n2u8zSH1PpVPdFxR9rvEdjy','customers/2.jpg','1991-07-25','+12538564262',NULL,'2025-08-02 02:15:49','2025-08-02 02:15:49','2025-08-02 09:15:49',NULL,'activated',NULL),(2,'Jesus Blick MD','john.smith@botble.com','$2y$12$62JI/zOCEx35X6gqFFa1QukV9yjokjd4qimc84iaUGO7DBz3mJJxa','customers/8.jpg','1977-07-24','+15127819179',NULL,'2025-08-02 02:15:49','2025-08-02 02:15:49','2025-08-02 09:15:49',NULL,'activated',NULL),(3,'Ms. Janae Kulas','cordelia.mckenzie@example.com','$2y$12$eZfxS2dYE8bpw1tnCw64TeqWmEF.qzmHc4LNjkMDtK6O2iTwVtRlu','customers/1.jpg','1980-07-09','+14636930215',NULL,'2025-08-02 02:15:49','2025-08-02 02:15:49','2025-08-02 09:15:49',NULL,'activated',NULL),(4,'Hosea Gaylord I','miller.cecilia@example.com','$2y$12$xSxhvYYXv6M0txDzyR/o3./mlnU4GOt0h84yQFdvQcEkjwHiU9u7a','customers/2.jpg','2005-07-24','+13305404344',NULL,'2025-08-02 02:15:49','2025-08-02 02:15:49','2025-08-02 09:15:49',NULL,'activated',NULL),(5,'Annetta Torphy DVM','edd.cole@example.net','$2y$12$R9xVHl39tBPAKHFERL/yFuzUJP80SfEnhsTno19RvEnMgXEA59HTe','customers/3.jpg','1988-07-09','+12342313900',NULL,'2025-08-02 02:15:49','2025-08-02 02:15:49','2025-08-02 09:15:49',NULL,'activated',NULL),(6,'Therese Collier','jevon77@example.org','$2y$12$c34c.x5JAzlPqdm6yQLKgu1DVwz1Eg2Z/ArAJoit/SKNhhidfiGpy','customers/4.jpg','1984-07-14','+13176152265',NULL,'2025-08-02 02:15:50','2025-08-02 02:15:50','2025-08-02 09:15:50',NULL,'activated',NULL),(7,'Jewel Rempel','felicity73@example.org','$2y$12$UMSh37R9EmOqAj51A9Igm.Qmr2MkBYdWFOqNJIge4cHnMwhE7Ps52','customers/5.jpg','1997-07-27','+17579772367',NULL,'2025-08-02 02:15:50','2025-08-02 02:15:50','2025-08-02 09:15:50',NULL,'activated',NULL),(8,'Dan Paucek','roberto33@example.org','$2y$12$jsvnuyY4/hwFBMszPtaDBO8knsPydGFlQBzvR4.ox5nWiPfjZO/KS','customers/6.jpg','1986-07-03','+12565926584',NULL,'2025-08-02 02:15:50','2025-08-02 02:15:50','2025-08-02 09:15:50',NULL,'activated',NULL),(9,'Elroy Rice Jr.','hayes.noemie@example.org','$2y$12$fQlmNBxhGxKmxAm9bhlaJeFDjUWwqx4587XoRedSL7po92RqE4HQq','customers/7.jpg','1990-07-28','+18787868263',NULL,'2025-08-02 02:15:50','2025-08-02 02:15:50','2025-08-02 09:15:50',NULL,'activated',NULL),(10,'Alexandra Lubowitz','dmueller@example.org','$2y$12$eaKJ7bgmjRPQ4xZct/Y7lu2Yaw/4OPb7bADpP3nR.9R8x34q8.x0u','customers/8.jpg','1996-07-27','+14152125782',NULL,'2025-08-02 02:15:51','2025-08-02 02:15:51','2025-08-02 09:15:51',NULL,'activated',NULL);
/*!40000 ALTER TABLE `ec_customers` ENABLE KEYS */;
UNLOCK TABLES;

--
-- Table structure for table `ec_discount_customers`
--

DROP TABLE IF EXISTS `ec_discount_customers`;
/*!40101 SET @saved_cs_client     = @@character_set_client */;
/*!50503 SET character_set_client = utf8mb4 */;
CREATE TABLE `ec_discount_customers` (
  `discount_id` bigint unsigned NOT NULL,
  `customer_id` bigint unsigned NOT NULL,
  PRIMARY KEY (`discount_id`,`customer_id`)
) ENGINE=InnoDB DEFAULT CHARSET=utf8mb4 COLLATE=utf8mb4_unicode_ci;
/*!40101 SET character_set_client = @saved_cs_client */;

--
-- Dumping data for table `ec_discount_customers`
--

LOCK TABLES `ec_discount_customers` WRITE;
/*!40000 ALTER TABLE `ec_discount_customers` DISABLE KEYS */;
/*!40000 ALTER TABLE `ec_discount_customers` ENABLE KEYS */;
UNLOCK TABLES;

--
-- Table structure for table `ec_discount_product_categories`
--

DROP TABLE IF EXISTS `ec_discount_product_categories`;
/*!40101 SET @saved_cs_client     = @@character_set_client */;
/*!50503 SET character_set_client = utf8mb4 */;
CREATE TABLE `ec_discount_product_categories` (
  `discount_id` bigint unsigned NOT NULL,
  `product_category_id` bigint unsigned NOT NULL,
  PRIMARY KEY (`discount_id`,`product_category_id`)
) ENGINE=InnoDB DEFAULT CHARSET=utf8mb4 COLLATE=utf8mb4_unicode_ci;
/*!40101 SET character_set_client = @saved_cs_client */;

--
-- Dumping data for table `ec_discount_product_categories`
--

LOCK TABLES `ec_discount_product_categories` WRITE;
/*!40000 ALTER TABLE `ec_discount_product_categories` DISABLE KEYS */;
/*!40000 ALTER TABLE `ec_discount_product_categories` ENABLE KEYS */;
UNLOCK TABLES;

--
-- Table structure for table `ec_discount_product_collections`
--

DROP TABLE IF EXISTS `ec_discount_product_collections`;
/*!40101 SET @saved_cs_client     = @@character_set_client */;
/*!50503 SET character_set_client = utf8mb4 */;
CREATE TABLE `ec_discount_product_collections` (
  `discount_id` bigint unsigned NOT NULL,
  `product_collection_id` bigint unsigned NOT NULL,
  PRIMARY KEY (`discount_id`,`product_collection_id`)
) ENGINE=InnoDB DEFAULT CHARSET=utf8mb4 COLLATE=utf8mb4_unicode_ci;
/*!40101 SET character_set_client = @saved_cs_client */;

--
-- Dumping data for table `ec_discount_product_collections`
--

LOCK TABLES `ec_discount_product_collections` WRITE;
/*!40000 ALTER TABLE `ec_discount_product_collections` DISABLE KEYS */;
/*!40000 ALTER TABLE `ec_discount_product_collections` ENABLE KEYS */;
UNLOCK TABLES;

--
-- Table structure for table `ec_discount_products`
--

DROP TABLE IF EXISTS `ec_discount_products`;
/*!40101 SET @saved_cs_client     = @@character_set_client */;
/*!50503 SET character_set_client = utf8mb4 */;
CREATE TABLE `ec_discount_products` (
  `discount_id` bigint unsigned NOT NULL,
  `product_id` bigint unsigned NOT NULL,
  PRIMARY KEY (`discount_id`,`product_id`)
) ENGINE=InnoDB DEFAULT CHARSET=utf8mb4 COLLATE=utf8mb4_unicode_ci;
/*!40101 SET character_set_client = @saved_cs_client */;

--
-- Dumping data for table `ec_discount_products`
--

LOCK TABLES `ec_discount_products` WRITE;
/*!40000 ALTER TABLE `ec_discount_products` DISABLE KEYS */;
/*!40000 ALTER TABLE `ec_discount_products` ENABLE KEYS */;
UNLOCK TABLES;

--
-- Table structure for table `ec_discounts`
--

DROP TABLE IF EXISTS `ec_discounts`;
/*!40101 SET @saved_cs_client     = @@character_set_client */;
/*!50503 SET character_set_client = utf8mb4 */;
CREATE TABLE `ec_discounts` (
  `id` bigint unsigned NOT NULL AUTO_INCREMENT,
  `title` varchar(120) COLLATE utf8mb4_unicode_ci DEFAULT NULL,
  `code` varchar(20) COLLATE utf8mb4_unicode_ci DEFAULT NULL,
  `start_date` datetime DEFAULT NULL,
  `end_date` datetime DEFAULT NULL,
  `quantity` int DEFAULT NULL,
  `total_used` int unsigned NOT NULL DEFAULT '0',
  `value` double DEFAULT NULL,
  `type` varchar(60) COLLATE utf8mb4_unicode_ci DEFAULT 'coupon',
  `can_use_with_promotion` tinyint(1) NOT NULL DEFAULT '0',
  `can_use_with_flash_sale` tinyint(1) NOT NULL DEFAULT '0',
  `discount_on` varchar(20) COLLATE utf8mb4_unicode_ci DEFAULT NULL,
  `product_quantity` int unsigned DEFAULT NULL,
  `type_option` varchar(100) COLLATE utf8mb4_unicode_ci NOT NULL DEFAULT 'amount',
  `target` varchar(100) COLLATE utf8mb4_unicode_ci NOT NULL DEFAULT 'all-orders',
  `min_order_price` decimal(15,2) DEFAULT NULL,
  `apply_via_url` tinyint(1) NOT NULL DEFAULT '0',
  `display_at_checkout` tinyint(1) NOT NULL DEFAULT '0',
  `created_at` timestamp NULL DEFAULT NULL,
  `updated_at` timestamp NULL DEFAULT NULL,
  `description` varchar(400) COLLATE utf8mb4_unicode_ci DEFAULT NULL,
  PRIMARY KEY (`id`),
  UNIQUE KEY `ec_discounts_code_unique` (`code`)
) ENGINE=InnoDB AUTO_INCREMENT=11 DEFAULT CHARSET=utf8mb4 COLLATE=utf8mb4_unicode_ci;
/*!40101 SET character_set_client = @saved_cs_client */;

--
-- Dumping data for table `ec_discounts`
--

LOCK TABLES `ec_discounts` WRITE;
/*!40000 ALTER TABLE `ec_discounts` DISABLE KEYS */;
INSERT INTO `ec_discounts` VALUES (1,'Discount 1','ORMY36UHDUFV','2025-08-01 09:15:51','2025-08-08 09:15:51',NULL,0,556,'coupon',0,0,NULL,NULL,'shipping','all-orders',NULL,0,1,'2025-08-02 02:15:51','2025-08-02 02:15:51',NULL),(2,'Discount 2','3BEWBDFHFBZC','2025-08-01 09:15:51',NULL,NULL,0,37,'coupon',0,0,NULL,NULL,'percentage','all-orders',NULL,0,1,'2025-08-02 02:15:51','2025-08-02 02:15:51',NULL),(3,'Discount 3','URHYEUA2UZVK','2025-08-01 09:15:51','2025-08-25 09:15:51',NULL,0,625,'coupon',0,0,NULL,NULL,'amount','all-orders',NULL,0,1,'2025-08-02 02:15:51','2025-08-02 02:15:51',NULL),(4,'Discount 4','R2VY2BZXOHQ6','2025-08-01 09:15:51',NULL,NULL,0,541,'coupon',0,0,NULL,NULL,'same-price','all-orders',NULL,0,1,'2025-08-02 02:15:51','2025-08-02 02:15:51',NULL),(5,'Discount 5','JXEVVMJ7JMKQ','2025-08-01 09:15:51',NULL,NULL,0,892,'coupon',0,0,NULL,NULL,'shipping','all-orders',NULL,0,1,'2025-08-02 02:15:51','2025-08-02 02:15:51',NULL),(6,'Discount 6','AIS8UUC2C4EY','2025-08-01 09:15:51',NULL,NULL,0,762,'coupon',0,0,NULL,NULL,'amount','all-orders',NULL,0,1,'2025-08-02 02:15:51','2025-08-02 02:15:51',NULL),(7,'Discount 7','PD89ZN8TTWAH','2025-08-01 09:15:51','2025-09-01 09:15:51',NULL,0,48,'coupon',0,0,NULL,NULL,'percentage','all-orders',NULL,0,1,'2025-08-02 02:15:51','2025-08-02 02:15:51',NULL),(8,'Discount 8','ALOG8UUHA9JF','2025-08-01 09:15:51','2025-08-10 09:15:51',NULL,0,239,'coupon',0,0,NULL,NULL,'same-price','all-orders',NULL,0,1,'2025-08-02 02:15:51','2025-08-02 02:15:51',NULL),(9,'Discount 9','G2NLTPA05IBL','2025-08-01 09:15:51',NULL,NULL,0,576,'coupon',0,0,NULL,NULL,'shipping','all-orders',NULL,0,1,'2025-08-02 02:15:51','2025-08-02 02:15:51',NULL),(10,'Discount 10','39HHEDBMF9UW','2025-08-01 09:15:51','2025-08-31 09:15:51',NULL,0,135,'coupon',0,0,NULL,NULL,'same-price','all-orders',NULL,0,1,'2025-08-02 02:15:51','2025-08-02 02:15:51',NULL);
/*!40000 ALTER TABLE `ec_discounts` ENABLE KEYS */;
UNLOCK TABLES;

--
-- Table structure for table `ec_flash_sale_products`
--

DROP TABLE IF EXISTS `ec_flash_sale_products`;
/*!40101 SET @saved_cs_client     = @@character_set_client */;
/*!50503 SET character_set_client = utf8mb4 */;
CREATE TABLE `ec_flash_sale_products` (
  `flash_sale_id` bigint unsigned NOT NULL,
  `product_id` bigint unsigned NOT NULL,
  `price` double unsigned DEFAULT NULL,
  `quantity` int unsigned DEFAULT NULL,
  `sold` int unsigned NOT NULL DEFAULT '0'
) ENGINE=InnoDB DEFAULT CHARSET=utf8mb4 COLLATE=utf8mb4_unicode_ci;
/*!40101 SET character_set_client = @saved_cs_client */;

--
-- Dumping data for table `ec_flash_sale_products`
--

LOCK TABLES `ec_flash_sale_products` WRITE;
/*!40000 ALTER TABLE `ec_flash_sale_products` DISABLE KEYS */;
INSERT INTO `ec_flash_sale_products` VALUES (1,1,186.24,12,5),(1,2,128.48,18,1),(1,3,189.9,6,1),(1,4,221.564,16,1),(1,5,184.8,14,4),(1,6,334.17,6,3),(1,7,214.76,20,4),(1,8,82.49,18,2),(1,9,121.5,12,5),(1,10,308.76,14,5),(2,1,100,10,5);
/*!40000 ALTER TABLE `ec_flash_sale_products` ENABLE KEYS */;
UNLOCK TABLES;

--
-- Table structure for table `ec_flash_sales`
--

DROP TABLE IF EXISTS `ec_flash_sales`;
/*!40101 SET @saved_cs_client     = @@character_set_client */;
/*!50503 SET character_set_client = utf8mb4 */;
CREATE TABLE `ec_flash_sales` (
  `id` bigint unsigned NOT NULL AUTO_INCREMENT,
  `name` varchar(191) COLLATE utf8mb4_unicode_ci NOT NULL,
  `end_date` datetime NOT NULL,
  `status` varchar(60) COLLATE utf8mb4_unicode_ci NOT NULL DEFAULT 'published',
  `created_at` timestamp NULL DEFAULT NULL,
  `updated_at` timestamp NULL DEFAULT NULL,
  PRIMARY KEY (`id`)
) ENGINE=InnoDB AUTO_INCREMENT=3 DEFAULT CHARSET=utf8mb4 COLLATE=utf8mb4_unicode_ci;
/*!40101 SET character_set_client = @saved_cs_client */;

--
-- Dumping data for table `ec_flash_sales`
--

LOCK TABLES `ec_flash_sales` WRITE;
/*!40000 ALTER TABLE `ec_flash_sales` DISABLE KEYS */;
INSERT INTO `ec_flash_sales` VALUES (1,'Winter Sale','2025-11-27 00:00:00','published','2025-08-02 02:15:51','2025-08-02 02:15:51'),(2,'Cosmetics Sale','2026-03-26 00:00:00','published','2025-08-02 02:15:51','2025-08-02 02:15:51');
/*!40000 ALTER TABLE `ec_flash_sales` ENABLE KEYS */;
UNLOCK TABLES;

--
-- Table structure for table `ec_flash_sales_translations`
--

DROP TABLE IF EXISTS `ec_flash_sales_translations`;
/*!40101 SET @saved_cs_client     = @@character_set_client */;
/*!50503 SET character_set_client = utf8mb4 */;
CREATE TABLE `ec_flash_sales_translations` (
  `lang_code` varchar(191) COLLATE utf8mb4_unicode_ci NOT NULL,
  `ec_flash_sales_id` bigint unsigned NOT NULL,
  `name` varchar(191) COLLATE utf8mb4_unicode_ci DEFAULT NULL,
  PRIMARY KEY (`lang_code`,`ec_flash_sales_id`)
) ENGINE=InnoDB DEFAULT CHARSET=utf8mb4 COLLATE=utf8mb4_unicode_ci;
/*!40101 SET character_set_client = @saved_cs_client */;

--
-- Dumping data for table `ec_flash_sales_translations`
--

LOCK TABLES `ec_flash_sales_translations` WRITE;
/*!40000 ALTER TABLE `ec_flash_sales_translations` DISABLE KEYS */;
/*!40000 ALTER TABLE `ec_flash_sales_translations` ENABLE KEYS */;
UNLOCK TABLES;

--
-- Table structure for table `ec_global_option_value`
--

DROP TABLE IF EXISTS `ec_global_option_value`;
/*!40101 SET @saved_cs_client     = @@character_set_client */;
/*!50503 SET character_set_client = utf8mb4 */;
CREATE TABLE `ec_global_option_value` (
  `id` bigint unsigned NOT NULL AUTO_INCREMENT,
  `option_id` bigint unsigned NOT NULL COMMENT 'option id',
  `option_value` tinytext COLLATE utf8mb4_unicode_ci COMMENT 'option value',
  `affect_price` double DEFAULT NULL COMMENT 'value of price of this option affect',
  `order` int NOT NULL DEFAULT '9999',
  `affect_type` tinyint NOT NULL DEFAULT '0' COMMENT '0. fixed 1. percent',
  `created_at` timestamp NULL DEFAULT NULL,
  `updated_at` timestamp NULL DEFAULT NULL,
  PRIMARY KEY (`id`)
) ENGINE=InnoDB AUTO_INCREMENT=13 DEFAULT CHARSET=utf8mb4 COLLATE=utf8mb4_unicode_ci;
/*!40101 SET character_set_client = @saved_cs_client */;

--
-- Dumping data for table `ec_global_option_value`
--

LOCK TABLES `ec_global_option_value` WRITE;
/*!40000 ALTER TABLE `ec_global_option_value` DISABLE KEYS */;
INSERT INTO `ec_global_option_value` VALUES (1,1,'1 Year',0,9999,0,'2025-08-02 02:15:33','2025-08-02 02:15:33'),(2,1,'2 Year',10,9999,0,'2025-08-02 02:15:33','2025-08-02 02:15:33'),(3,1,'3 Year',20,9999,0,'2025-08-02 02:15:33','2025-08-02 02:15:33'),(4,2,'4GB',0,9999,0,'2025-08-02 02:15:33','2025-08-02 02:15:33'),(5,2,'8GB',10,9999,0,'2025-08-02 02:15:33','2025-08-02 02:15:33'),(6,2,'16GB',20,9999,0,'2025-08-02 02:15:33','2025-08-02 02:15:33'),(7,3,'Core i5',0,9999,0,'2025-08-02 02:15:33','2025-08-02 02:15:33'),(8,3,'Core i7',10,9999,0,'2025-08-02 02:15:33','2025-08-02 02:15:33'),(9,3,'Core i9',20,9999,0,'2025-08-02 02:15:33','2025-08-02 02:15:33'),(10,4,'128GB',0,9999,0,'2025-08-02 02:15:33','2025-08-02 02:15:33'),(11,4,'256GB',10,9999,0,'2025-08-02 02:15:33','2025-08-02 02:15:33'),(12,4,'512GB',20,9999,0,'2025-08-02 02:15:33','2025-08-02 02:15:33');
/*!40000 ALTER TABLE `ec_global_option_value` ENABLE KEYS */;
UNLOCK TABLES;

--
-- Table structure for table `ec_global_option_value_translations`
--

DROP TABLE IF EXISTS `ec_global_option_value_translations`;
/*!40101 SET @saved_cs_client     = @@character_set_client */;
/*!50503 SET character_set_client = utf8mb4 */;
CREATE TABLE `ec_global_option_value_translations` (
  `lang_code` varchar(191) COLLATE utf8mb4_unicode_ci NOT NULL,
  `ec_global_option_value_id` bigint unsigned NOT NULL,
  `option_value` varchar(191) COLLATE utf8mb4_unicode_ci DEFAULT NULL,
  PRIMARY KEY (`lang_code`,`ec_global_option_value_id`)
) ENGINE=InnoDB DEFAULT CHARSET=utf8mb4 COLLATE=utf8mb4_unicode_ci;
/*!40101 SET character_set_client = @saved_cs_client */;

--
-- Dumping data for table `ec_global_option_value_translations`
--

LOCK TABLES `ec_global_option_value_translations` WRITE;
/*!40000 ALTER TABLE `ec_global_option_value_translations` DISABLE KEYS */;
/*!40000 ALTER TABLE `ec_global_option_value_translations` ENABLE KEYS */;
UNLOCK TABLES;

--
-- Table structure for table `ec_global_options`
--

DROP TABLE IF EXISTS `ec_global_options`;
/*!40101 SET @saved_cs_client     = @@character_set_client */;
/*!50503 SET character_set_client = utf8mb4 */;
CREATE TABLE `ec_global_options` (
  `id` bigint unsigned NOT NULL AUTO_INCREMENT,
  `name` varchar(191) COLLATE utf8mb4_unicode_ci NOT NULL COMMENT 'Name of options',
  `option_type` varchar(191) COLLATE utf8mb4_unicode_ci NOT NULL COMMENT 'option type',
  `required` tinyint(1) NOT NULL DEFAULT '0' COMMENT 'Checked if this option is required',
  `created_at` timestamp NULL DEFAULT NULL,
  `updated_at` timestamp NULL DEFAULT NULL,
  PRIMARY KEY (`id`)
) ENGINE=InnoDB AUTO_INCREMENT=5 DEFAULT CHARSET=utf8mb4 COLLATE=utf8mb4_unicode_ci;
/*!40101 SET character_set_client = @saved_cs_client */;

--
-- Dumping data for table `ec_global_options`
--

LOCK TABLES `ec_global_options` WRITE;
/*!40000 ALTER TABLE `ec_global_options` DISABLE KEYS */;
INSERT INTO `ec_global_options` VALUES (1,'Warranty','Botble\\Ecommerce\\Option\\OptionType\\RadioButton',1,'2025-08-02 02:15:33','2025-08-02 02:15:33'),(2,'RAM','Botble\\Ecommerce\\Option\\OptionType\\RadioButton',1,'2025-08-02 02:15:33','2025-08-02 02:15:33'),(3,'CPU','Botble\\Ecommerce\\Option\\OptionType\\RadioButton',1,'2025-08-02 02:15:33','2025-08-02 02:15:33'),(4,'HDD','Botble\\Ecommerce\\Option\\OptionType\\Dropdown',0,'2025-08-02 02:15:33','2025-08-02 02:15:33');
/*!40000 ALTER TABLE `ec_global_options` ENABLE KEYS */;
UNLOCK TABLES;

--
-- Table structure for table `ec_global_options_translations`
--

DROP TABLE IF EXISTS `ec_global_options_translations`;
/*!40101 SET @saved_cs_client     = @@character_set_client */;
/*!50503 SET character_set_client = utf8mb4 */;
CREATE TABLE `ec_global_options_translations` (
  `lang_code` varchar(191) COLLATE utf8mb4_unicode_ci NOT NULL,
  `ec_global_options_id` bigint unsigned NOT NULL,
  `name` varchar(191) COLLATE utf8mb4_unicode_ci DEFAULT NULL,
  PRIMARY KEY (`lang_code`,`ec_global_options_id`)
) ENGINE=InnoDB DEFAULT CHARSET=utf8mb4 COLLATE=utf8mb4_unicode_ci;
/*!40101 SET character_set_client = @saved_cs_client */;

--
-- Dumping data for table `ec_global_options_translations`
--

LOCK TABLES `ec_global_options_translations` WRITE;
/*!40000 ALTER TABLE `ec_global_options_translations` DISABLE KEYS */;
/*!40000 ALTER TABLE `ec_global_options_translations` ENABLE KEYS */;
UNLOCK TABLES;

--
-- Table structure for table `ec_grouped_products`
--

DROP TABLE IF EXISTS `ec_grouped_products`;
/*!40101 SET @saved_cs_client     = @@character_set_client */;
/*!50503 SET character_set_client = utf8mb4 */;
CREATE TABLE `ec_grouped_products` (
  `id` bigint unsigned NOT NULL AUTO_INCREMENT,
  `parent_product_id` bigint unsigned NOT NULL,
  `product_id` bigint unsigned NOT NULL,
  `fixed_qty` int NOT NULL DEFAULT '1',
  PRIMARY KEY (`id`)
) ENGINE=InnoDB DEFAULT CHARSET=utf8mb4 COLLATE=utf8mb4_unicode_ci;
/*!40101 SET character_set_client = @saved_cs_client */;

--
-- Dumping data for table `ec_grouped_products`
--

LOCK TABLES `ec_grouped_products` WRITE;
/*!40000 ALTER TABLE `ec_grouped_products` DISABLE KEYS */;
/*!40000 ALTER TABLE `ec_grouped_products` ENABLE KEYS */;
UNLOCK TABLES;

--
-- Table structure for table `ec_invoice_items`
--

DROP TABLE IF EXISTS `ec_invoice_items`;
/*!40101 SET @saved_cs_client     = @@character_set_client */;
/*!50503 SET character_set_client = utf8mb4 */;
CREATE TABLE `ec_invoice_items` (
  `id` bigint unsigned NOT NULL AUTO_INCREMENT,
  `invoice_id` bigint unsigned NOT NULL,
  `reference_type` varchar(191) COLLATE utf8mb4_unicode_ci NOT NULL,
  `reference_id` bigint unsigned NOT NULL,
  `name` varchar(191) COLLATE utf8mb4_unicode_ci NOT NULL,
  `description` varchar(400) COLLATE utf8mb4_unicode_ci DEFAULT NULL,
  `image` varchar(191) COLLATE utf8mb4_unicode_ci DEFAULT NULL,
  `qty` int unsigned NOT NULL,
  `price` decimal(15,2) NOT NULL DEFAULT '0.00',
  `sub_total` decimal(15,2) unsigned NOT NULL,
  `tax_amount` decimal(15,2) unsigned NOT NULL DEFAULT '0.00',
  `discount_amount` decimal(15,2) unsigned NOT NULL DEFAULT '0.00',
  `amount` decimal(15,2) unsigned NOT NULL,
  `options` text COLLATE utf8mb4_unicode_ci,
  `created_at` timestamp NULL DEFAULT NULL,
  `updated_at` timestamp NULL DEFAULT NULL,
  PRIMARY KEY (`id`),
  KEY `ec_invoice_items_reference_type_reference_id_index` (`reference_type`,`reference_id`)
) ENGINE=InnoDB DEFAULT CHARSET=utf8mb4 COLLATE=utf8mb4_unicode_ci;
/*!40101 SET character_set_client = @saved_cs_client */;

--
-- Dumping data for table `ec_invoice_items`
--

LOCK TABLES `ec_invoice_items` WRITE;
/*!40000 ALTER TABLE `ec_invoice_items` DISABLE KEYS */;
/*!40000 ALTER TABLE `ec_invoice_items` ENABLE KEYS */;
UNLOCK TABLES;

--
-- Table structure for table `ec_invoices`
--

DROP TABLE IF EXISTS `ec_invoices`;
/*!40101 SET @saved_cs_client     = @@character_set_client */;
/*!50503 SET character_set_client = utf8mb4 */;
CREATE TABLE `ec_invoices` (
  `id` bigint unsigned NOT NULL AUTO_INCREMENT,
  `reference_type` varchar(191) COLLATE utf8mb4_unicode_ci NOT NULL,
  `reference_id` bigint unsigned NOT NULL,
  `code` varchar(191) COLLATE utf8mb4_unicode_ci NOT NULL,
  `customer_name` varchar(191) COLLATE utf8mb4_unicode_ci DEFAULT NULL,
  `company_name` varchar(191) COLLATE utf8mb4_unicode_ci DEFAULT NULL,
  `company_logo` varchar(191) COLLATE utf8mb4_unicode_ci DEFAULT NULL,
  `customer_email` varchar(191) COLLATE utf8mb4_unicode_ci DEFAULT NULL,
  `customer_phone` varchar(191) COLLATE utf8mb4_unicode_ci DEFAULT NULL,
  `customer_address` varchar(191) COLLATE utf8mb4_unicode_ci DEFAULT NULL,
  `customer_country` varchar(191) COLLATE utf8mb4_unicode_ci DEFAULT NULL,
  `customer_state` varchar(191) COLLATE utf8mb4_unicode_ci DEFAULT NULL,
  `customer_city` varchar(191) COLLATE utf8mb4_unicode_ci DEFAULT NULL,
  `customer_zip_code` varchar(191) COLLATE utf8mb4_unicode_ci DEFAULT NULL,
  `customer_address_line` varchar(191) COLLATE utf8mb4_unicode_ci DEFAULT NULL,
  `customer_tax_id` varchar(191) COLLATE utf8mb4_unicode_ci DEFAULT NULL,
  `sub_total` decimal(15,2) unsigned NOT NULL,
  `tax_amount` decimal(15,2) DEFAULT '0.00',
  `shipping_amount` decimal(15,2) unsigned NOT NULL DEFAULT '0.00',
  `payment_fee` decimal(15,2) DEFAULT '0.00',
  `discount_amount` decimal(15,2) unsigned NOT NULL DEFAULT '0.00',
  `shipping_option` varchar(60) COLLATE utf8mb4_unicode_ci DEFAULT NULL,
  `shipping_method` varchar(60) COLLATE utf8mb4_unicode_ci NOT NULL DEFAULT 'default',
  `coupon_code` varchar(120) COLLATE utf8mb4_unicode_ci DEFAULT NULL,
  `discount_description` varchar(191) COLLATE utf8mb4_unicode_ci DEFAULT NULL,
  `amount` decimal(15,2) unsigned NOT NULL,
  `description` text COLLATE utf8mb4_unicode_ci,
  `payment_id` bigint unsigned DEFAULT NULL,
  `status` varchar(191) COLLATE utf8mb4_unicode_ci NOT NULL DEFAULT 'pending',
  `paid_at` timestamp NULL DEFAULT NULL,
  `created_at` timestamp NULL DEFAULT NULL,
  `updated_at` timestamp NULL DEFAULT NULL,
  PRIMARY KEY (`id`),
  UNIQUE KEY `ec_invoices_code_unique` (`code`),
  KEY `ec_invoices_reference_type_reference_id_index` (`reference_type`,`reference_id`),
  KEY `ec_invoices_payment_id_index` (`payment_id`),
  KEY `ec_invoices_status_index` (`status`)
) ENGINE=InnoDB DEFAULT CHARSET=utf8mb4 COLLATE=utf8mb4_unicode_ci;
/*!40101 SET character_set_client = @saved_cs_client */;

--
-- Dumping data for table `ec_invoices`
--

LOCK TABLES `ec_invoices` WRITE;
/*!40000 ALTER TABLE `ec_invoices` DISABLE KEYS */;
/*!40000 ALTER TABLE `ec_invoices` ENABLE KEYS */;
UNLOCK TABLES;

--
-- Table structure for table `ec_option_value`
--

DROP TABLE IF EXISTS `ec_option_value`;
/*!40101 SET @saved_cs_client     = @@character_set_client */;
/*!50503 SET character_set_client = utf8mb4 */;
CREATE TABLE `ec_option_value` (
  `id` bigint unsigned NOT NULL AUTO_INCREMENT,
  `option_id` bigint unsigned NOT NULL COMMENT 'option id',
  `option_value` tinytext COLLATE utf8mb4_unicode_ci COMMENT 'option value',
  `affect_price` double DEFAULT NULL COMMENT 'value of price of this option affect',
  `order` int NOT NULL DEFAULT '9999',
  `affect_type` tinyint NOT NULL DEFAULT '0' COMMENT '0. fixed 1. percent',
  `created_at` timestamp NULL DEFAULT NULL,
  `updated_at` timestamp NULL DEFAULT NULL,
  PRIMARY KEY (`id`)
) ENGINE=InnoDB DEFAULT CHARSET=utf8mb4 COLLATE=utf8mb4_unicode_ci;
/*!40101 SET character_set_client = @saved_cs_client */;

--
-- Dumping data for table `ec_option_value`
--

LOCK TABLES `ec_option_value` WRITE;
/*!40000 ALTER TABLE `ec_option_value` DISABLE KEYS */;
/*!40000 ALTER TABLE `ec_option_value` ENABLE KEYS */;
UNLOCK TABLES;

--
-- Table structure for table `ec_option_value_translations`
--

DROP TABLE IF EXISTS `ec_option_value_translations`;
/*!40101 SET @saved_cs_client     = @@character_set_client */;
/*!50503 SET character_set_client = utf8mb4 */;
CREATE TABLE `ec_option_value_translations` (
  `lang_code` varchar(191) COLLATE utf8mb4_unicode_ci NOT NULL,
  `ec_option_value_id` bigint unsigned NOT NULL,
  `option_value` varchar(191) COLLATE utf8mb4_unicode_ci DEFAULT NULL,
  PRIMARY KEY (`lang_code`,`ec_option_value_id`)
) ENGINE=InnoDB DEFAULT CHARSET=utf8mb4 COLLATE=utf8mb4_unicode_ci;
/*!40101 SET character_set_client = @saved_cs_client */;

--
-- Dumping data for table `ec_option_value_translations`
--

LOCK TABLES `ec_option_value_translations` WRITE;
/*!40000 ALTER TABLE `ec_option_value_translations` DISABLE KEYS */;
/*!40000 ALTER TABLE `ec_option_value_translations` ENABLE KEYS */;
UNLOCK TABLES;

--
-- Table structure for table `ec_options`
--

DROP TABLE IF EXISTS `ec_options`;
/*!40101 SET @saved_cs_client     = @@character_set_client */;
/*!50503 SET character_set_client = utf8mb4 */;
CREATE TABLE `ec_options` (
  `id` bigint unsigned NOT NULL AUTO_INCREMENT,
  `name` varchar(191) COLLATE utf8mb4_unicode_ci NOT NULL COMMENT 'Name of options',
  `option_type` varchar(191) COLLATE utf8mb4_unicode_ci DEFAULT NULL COMMENT 'option type',
  `product_id` bigint unsigned NOT NULL DEFAULT '0',
  `order` int NOT NULL DEFAULT '9999',
  `required` tinyint(1) NOT NULL DEFAULT '0' COMMENT 'Checked if this option is required',
  `created_at` timestamp NULL DEFAULT NULL,
  `updated_at` timestamp NULL DEFAULT NULL,
  PRIMARY KEY (`id`)
) ENGINE=InnoDB DEFAULT CHARSET=utf8mb4 COLLATE=utf8mb4_unicode_ci;
/*!40101 SET character_set_client = @saved_cs_client */;

--
-- Dumping data for table `ec_options`
--

LOCK TABLES `ec_options` WRITE;
/*!40000 ALTER TABLE `ec_options` DISABLE KEYS */;
/*!40000 ALTER TABLE `ec_options` ENABLE KEYS */;
UNLOCK TABLES;

--
-- Table structure for table `ec_options_translations`
--

DROP TABLE IF EXISTS `ec_options_translations`;
/*!40101 SET @saved_cs_client     = @@character_set_client */;
/*!50503 SET character_set_client = utf8mb4 */;
CREATE TABLE `ec_options_translations` (
  `lang_code` varchar(191) COLLATE utf8mb4_unicode_ci NOT NULL,
  `ec_options_id` bigint unsigned NOT NULL,
  `name` varchar(191) COLLATE utf8mb4_unicode_ci DEFAULT NULL,
  PRIMARY KEY (`lang_code`,`ec_options_id`)
) ENGINE=InnoDB DEFAULT CHARSET=utf8mb4 COLLATE=utf8mb4_unicode_ci;
/*!40101 SET character_set_client = @saved_cs_client */;

--
-- Dumping data for table `ec_options_translations`
--

LOCK TABLES `ec_options_translations` WRITE;
/*!40000 ALTER TABLE `ec_options_translations` DISABLE KEYS */;
/*!40000 ALTER TABLE `ec_options_translations` ENABLE KEYS */;
UNLOCK TABLES;

--
-- Table structure for table `ec_order_addresses`
--

DROP TABLE IF EXISTS `ec_order_addresses`;
/*!40101 SET @saved_cs_client     = @@character_set_client */;
/*!50503 SET character_set_client = utf8mb4 */;
CREATE TABLE `ec_order_addresses` (
  `id` bigint unsigned NOT NULL AUTO_INCREMENT,
  `name` varchar(191) COLLATE utf8mb4_unicode_ci NOT NULL,
  `phone` varchar(20) COLLATE utf8mb4_unicode_ci DEFAULT NULL,
  `email` varchar(191) COLLATE utf8mb4_unicode_ci DEFAULT NULL,
  `country` varchar(120) COLLATE utf8mb4_unicode_ci DEFAULT NULL,
  `state` varchar(120) COLLATE utf8mb4_unicode_ci DEFAULT NULL,
  `city` varchar(120) COLLATE utf8mb4_unicode_ci DEFAULT NULL,
  `address` varchar(191) COLLATE utf8mb4_unicode_ci DEFAULT NULL,
  `order_id` bigint unsigned NOT NULL,
  `zip_code` varchar(20) COLLATE utf8mb4_unicode_ci DEFAULT NULL,
  `type` varchar(60) COLLATE utf8mb4_unicode_ci NOT NULL DEFAULT 'shipping_address',
  PRIMARY KEY (`id`)
) ENGINE=InnoDB DEFAULT CHARSET=utf8mb4 COLLATE=utf8mb4_unicode_ci;
/*!40101 SET character_set_client = @saved_cs_client */;

--
-- Dumping data for table `ec_order_addresses`
--

LOCK TABLES `ec_order_addresses` WRITE;
/*!40000 ALTER TABLE `ec_order_addresses` DISABLE KEYS */;
/*!40000 ALTER TABLE `ec_order_addresses` ENABLE KEYS */;
UNLOCK TABLES;

--
-- Table structure for table `ec_order_histories`
--

DROP TABLE IF EXISTS `ec_order_histories`;
/*!40101 SET @saved_cs_client     = @@character_set_client */;
/*!50503 SET character_set_client = utf8mb4 */;
CREATE TABLE `ec_order_histories` (
  `id` bigint unsigned NOT NULL AUTO_INCREMENT,
  `action` varchar(120) COLLATE utf8mb4_unicode_ci NOT NULL,
  `description` varchar(400) COLLATE utf8mb4_unicode_ci DEFAULT NULL,
  `user_id` bigint unsigned DEFAULT NULL,
  `order_id` bigint unsigned NOT NULL,
  `extras` text COLLATE utf8mb4_unicode_ci,
  `created_at` timestamp NULL DEFAULT NULL,
  `updated_at` timestamp NULL DEFAULT NULL,
  PRIMARY KEY (`id`)
) ENGINE=InnoDB DEFAULT CHARSET=utf8mb4 COLLATE=utf8mb4_unicode_ci;
/*!40101 SET character_set_client = @saved_cs_client */;

--
-- Dumping data for table `ec_order_histories`
--

LOCK TABLES `ec_order_histories` WRITE;
/*!40000 ALTER TABLE `ec_order_histories` DISABLE KEYS */;
/*!40000 ALTER TABLE `ec_order_histories` ENABLE KEYS */;
UNLOCK TABLES;

--
-- Table structure for table `ec_order_product`
--

DROP TABLE IF EXISTS `ec_order_product`;
/*!40101 SET @saved_cs_client     = @@character_set_client */;
/*!50503 SET character_set_client = utf8mb4 */;
CREATE TABLE `ec_order_product` (
  `id` bigint unsigned NOT NULL AUTO_INCREMENT,
  `order_id` bigint unsigned NOT NULL,
  `qty` int NOT NULL,
  `price` decimal(15,2) NOT NULL,
  `tax_amount` decimal(15,2) DEFAULT '0.00',
  `options` text COLLATE utf8mb4_unicode_ci,
  `product_options` text COLLATE utf8mb4_unicode_ci COMMENT 'product option data',
  `product_id` bigint unsigned DEFAULT NULL,
  `product_name` varchar(191) COLLATE utf8mb4_unicode_ci NOT NULL,
  `product_image` varchar(191) COLLATE utf8mb4_unicode_ci DEFAULT NULL,
  `weight` double DEFAULT '0',
  `restock_quantity` int unsigned DEFAULT '0',
  `created_at` timestamp NULL DEFAULT NULL,
  `updated_at` timestamp NULL DEFAULT NULL,
  `product_type` varchar(60) COLLATE utf8mb4_unicode_ci NOT NULL DEFAULT 'physical',
  `times_downloaded` int NOT NULL DEFAULT '0',
  `license_code` text COLLATE utf8mb4_unicode_ci,
  `downloaded_at` timestamp NULL DEFAULT NULL,
  PRIMARY KEY (`id`)
) ENGINE=InnoDB DEFAULT CHARSET=utf8mb4 COLLATE=utf8mb4_unicode_ci;
/*!40101 SET character_set_client = @saved_cs_client */;

--
-- Dumping data for table `ec_order_product`
--

LOCK TABLES `ec_order_product` WRITE;
/*!40000 ALTER TABLE `ec_order_product` DISABLE KEYS */;
/*!40000 ALTER TABLE `ec_order_product` ENABLE KEYS */;
UNLOCK TABLES;

--
-- Table structure for table `ec_order_referrals`
--

DROP TABLE IF EXISTS `ec_order_referrals`;
/*!40101 SET @saved_cs_client     = @@character_set_client */;
/*!50503 SET character_set_client = utf8mb4 */;
CREATE TABLE `ec_order_referrals` (
  `id` bigint unsigned NOT NULL AUTO_INCREMENT,
  `ip` varchar(39) COLLATE utf8mb4_unicode_ci DEFAULT NULL,
  `landing_domain` varchar(191) COLLATE utf8mb4_unicode_ci DEFAULT NULL,
  `landing_page` varchar(191) COLLATE utf8mb4_unicode_ci DEFAULT NULL,
  `landing_params` varchar(191) COLLATE utf8mb4_unicode_ci DEFAULT NULL,
  `referral` varchar(191) COLLATE utf8mb4_unicode_ci DEFAULT NULL,
  `gclid` varchar(191) COLLATE utf8mb4_unicode_ci DEFAULT NULL,
  `fclid` varchar(191) COLLATE utf8mb4_unicode_ci DEFAULT NULL,
  `utm_source` varchar(191) COLLATE utf8mb4_unicode_ci DEFAULT NULL,
  `utm_campaign` varchar(191) COLLATE utf8mb4_unicode_ci DEFAULT NULL,
  `utm_medium` varchar(191) COLLATE utf8mb4_unicode_ci DEFAULT NULL,
  `utm_term` varchar(191) COLLATE utf8mb4_unicode_ci DEFAULT NULL,
  `utm_content` varchar(191) COLLATE utf8mb4_unicode_ci DEFAULT NULL,
  `referrer_url` text COLLATE utf8mb4_unicode_ci,
  `referrer_domain` varchar(191) COLLATE utf8mb4_unicode_ci DEFAULT NULL,
  `order_id` bigint unsigned DEFAULT NULL,
  `created_at` timestamp NULL DEFAULT NULL,
  `updated_at` timestamp NULL DEFAULT NULL,
  PRIMARY KEY (`id`),
  KEY `ec_order_referrals_order_id_index` (`order_id`)
) ENGINE=InnoDB DEFAULT CHARSET=utf8mb4 COLLATE=utf8mb4_unicode_ci;
/*!40101 SET character_set_client = @saved_cs_client */;

--
-- Dumping data for table `ec_order_referrals`
--

LOCK TABLES `ec_order_referrals` WRITE;
/*!40000 ALTER TABLE `ec_order_referrals` DISABLE KEYS */;
/*!40000 ALTER TABLE `ec_order_referrals` ENABLE KEYS */;
UNLOCK TABLES;

--
-- Table structure for table `ec_order_return_histories`
--

DROP TABLE IF EXISTS `ec_order_return_histories`;
/*!40101 SET @saved_cs_client     = @@character_set_client */;
/*!50503 SET character_set_client = utf8mb4 */;
CREATE TABLE `ec_order_return_histories` (
  `id` bigint unsigned NOT NULL AUTO_INCREMENT,
  `user_id` bigint unsigned DEFAULT NULL,
  `order_return_id` bigint unsigned NOT NULL,
  `action` varchar(191) COLLATE utf8mb4_unicode_ci NOT NULL,
  `description` varchar(400) COLLATE utf8mb4_unicode_ci DEFAULT NULL,
  `reason` varchar(191) COLLATE utf8mb4_unicode_ci DEFAULT NULL,
  `created_at` timestamp NULL DEFAULT NULL,
  `updated_at` timestamp NULL DEFAULT NULL,
  PRIMARY KEY (`id`)
) ENGINE=InnoDB DEFAULT CHARSET=utf8mb4 COLLATE=utf8mb4_unicode_ci;
/*!40101 SET character_set_client = @saved_cs_client */;

--
-- Dumping data for table `ec_order_return_histories`
--

LOCK TABLES `ec_order_return_histories` WRITE;
/*!40000 ALTER TABLE `ec_order_return_histories` DISABLE KEYS */;
/*!40000 ALTER TABLE `ec_order_return_histories` ENABLE KEYS */;
UNLOCK TABLES;

--
-- Table structure for table `ec_order_return_items`
--

DROP TABLE IF EXISTS `ec_order_return_items`;
/*!40101 SET @saved_cs_client     = @@character_set_client */;
/*!50503 SET character_set_client = utf8mb4 */;
CREATE TABLE `ec_order_return_items` (
  `id` bigint unsigned NOT NULL AUTO_INCREMENT,
  `order_return_id` bigint unsigned NOT NULL COMMENT 'Order return id',
  `order_product_id` bigint unsigned NOT NULL COMMENT 'Order product id',
  `product_id` bigint unsigned NOT NULL COMMENT 'Product id',
  `product_name` varchar(191) COLLATE utf8mb4_unicode_ci NOT NULL,
  `product_image` varchar(191) COLLATE utf8mb4_unicode_ci DEFAULT NULL,
  `qty` int NOT NULL COMMENT 'Quantity return',
  `price` decimal(15,2) NOT NULL COMMENT 'Price Product',
  `reason` text COLLATE utf8mb4_unicode_ci,
  `created_at` timestamp NULL DEFAULT NULL,
  `updated_at` timestamp NULL DEFAULT NULL,
  `refund_amount` decimal(12,2) DEFAULT '0.00',
  PRIMARY KEY (`id`)
) ENGINE=InnoDB DEFAULT CHARSET=utf8mb4 COLLATE=utf8mb4_unicode_ci;
/*!40101 SET character_set_client = @saved_cs_client */;

--
-- Dumping data for table `ec_order_return_items`
--

LOCK TABLES `ec_order_return_items` WRITE;
/*!40000 ALTER TABLE `ec_order_return_items` DISABLE KEYS */;
/*!40000 ALTER TABLE `ec_order_return_items` ENABLE KEYS */;
UNLOCK TABLES;

--
-- Table structure for table `ec_order_returns`
--

DROP TABLE IF EXISTS `ec_order_returns`;
/*!40101 SET @saved_cs_client     = @@character_set_client */;
/*!50503 SET character_set_client = utf8mb4 */;
CREATE TABLE `ec_order_returns` (
  `id` bigint unsigned NOT NULL AUTO_INCREMENT,
  `code` varchar(191) COLLATE utf8mb4_unicode_ci DEFAULT NULL,
  `order_id` bigint unsigned NOT NULL COMMENT 'Order ID',
  `store_id` bigint unsigned DEFAULT NULL COMMENT 'Store ID',
  `user_id` bigint unsigned NOT NULL COMMENT 'Customer ID',
  `reason` text COLLATE utf8mb4_unicode_ci COMMENT 'Reason return order',
  `order_status` varchar(191) COLLATE utf8mb4_unicode_ci DEFAULT NULL COMMENT 'Order current status',
  `return_status` varchar(191) COLLATE utf8mb4_unicode_ci NOT NULL COMMENT 'Return status',
  `created_at` timestamp NULL DEFAULT NULL,
  `updated_at` timestamp NULL DEFAULT NULL,
  PRIMARY KEY (`id`),
  UNIQUE KEY `ec_order_returns_code_unique` (`code`)
) ENGINE=InnoDB DEFAULT CHARSET=utf8mb4 COLLATE=utf8mb4_unicode_ci;
/*!40101 SET character_set_client = @saved_cs_client */;

--
-- Dumping data for table `ec_order_returns`
--

LOCK TABLES `ec_order_returns` WRITE;
/*!40000 ALTER TABLE `ec_order_returns` DISABLE KEYS */;
/*!40000 ALTER TABLE `ec_order_returns` ENABLE KEYS */;
UNLOCK TABLES;

--
-- Table structure for table `ec_order_tax_information`
--

DROP TABLE IF EXISTS `ec_order_tax_information`;
/*!40101 SET @saved_cs_client     = @@character_set_client */;
/*!50503 SET character_set_client = utf8mb4 */;
CREATE TABLE `ec_order_tax_information` (
  `id` bigint unsigned NOT NULL AUTO_INCREMENT,
  `order_id` bigint unsigned NOT NULL,
  `company_name` varchar(120) COLLATE utf8mb4_unicode_ci NOT NULL,
  `company_address` varchar(191) COLLATE utf8mb4_unicode_ci NOT NULL,
  `company_tax_code` varchar(20) COLLATE utf8mb4_unicode_ci NOT NULL,
  `company_email` varchar(60) COLLATE utf8mb4_unicode_ci NOT NULL,
  `created_at` timestamp NULL DEFAULT NULL,
  `updated_at` timestamp NULL DEFAULT NULL,
  PRIMARY KEY (`id`),
  KEY `ec_order_tax_information_order_id_index` (`order_id`)
) ENGINE=InnoDB DEFAULT CHARSET=utf8mb4 COLLATE=utf8mb4_unicode_ci;
/*!40101 SET character_set_client = @saved_cs_client */;

--
-- Dumping data for table `ec_order_tax_information`
--

LOCK TABLES `ec_order_tax_information` WRITE;
/*!40000 ALTER TABLE `ec_order_tax_information` DISABLE KEYS */;
/*!40000 ALTER TABLE `ec_order_tax_information` ENABLE KEYS */;
UNLOCK TABLES;

--
-- Table structure for table `ec_orders`
--

DROP TABLE IF EXISTS `ec_orders`;
/*!40101 SET @saved_cs_client     = @@character_set_client */;
/*!50503 SET character_set_client = utf8mb4 */;
CREATE TABLE `ec_orders` (
  `id` bigint unsigned NOT NULL AUTO_INCREMENT,
  `code` varchar(191) COLLATE utf8mb4_unicode_ci DEFAULT NULL,
  `user_id` bigint unsigned DEFAULT NULL,
  `shipping_option` varchar(60) COLLATE utf8mb4_unicode_ci DEFAULT NULL,
  `shipping_method` varchar(60) COLLATE utf8mb4_unicode_ci NOT NULL DEFAULT 'default',
  `status` varchar(120) COLLATE utf8mb4_unicode_ci NOT NULL DEFAULT 'pending',
  `amount` decimal(15,2) NOT NULL,
  `tax_amount` decimal(15,2) DEFAULT '0.00',
  `shipping_amount` decimal(15,2) DEFAULT NULL,
  `payment_fee` decimal(15,2) DEFAULT '0.00',
  `description` text COLLATE utf8mb4_unicode_ci,
  `coupon_code` varchar(120) COLLATE utf8mb4_unicode_ci DEFAULT NULL,
  `discount_amount` decimal(15,2) DEFAULT NULL,
  `sub_total` decimal(15,2) NOT NULL,
  `is_confirmed` tinyint(1) NOT NULL DEFAULT '0',
  `discount_description` varchar(191) COLLATE utf8mb4_unicode_ci DEFAULT NULL,
  `is_finished` tinyint(1) DEFAULT '0',
  `cancellation_reason` varchar(191) COLLATE utf8mb4_unicode_ci DEFAULT NULL,
  `cancellation_reason_description` varchar(191) COLLATE utf8mb4_unicode_ci DEFAULT NULL,
  `completed_at` timestamp NULL DEFAULT NULL,
  `token` varchar(120) COLLATE utf8mb4_unicode_ci DEFAULT NULL,
  `payment_id` bigint unsigned DEFAULT NULL,
  `created_at` timestamp NULL DEFAULT NULL,
  `updated_at` timestamp NULL DEFAULT NULL,
  `proof_file` varchar(191) COLLATE utf8mb4_unicode_ci DEFAULT NULL,
  `private_notes` text COLLATE utf8mb4_unicode_ci,
  PRIMARY KEY (`id`),
  UNIQUE KEY `ec_orders_code_unique` (`code`),
  KEY `ec_orders_user_id_status_created_at_index` (`user_id`,`status`,`created_at`)
) ENGINE=InnoDB DEFAULT CHARSET=utf8mb4 COLLATE=utf8mb4_unicode_ci;
/*!40101 SET character_set_client = @saved_cs_client */;

--
-- Dumping data for table `ec_orders`
--

LOCK TABLES `ec_orders` WRITE;
/*!40000 ALTER TABLE `ec_orders` DISABLE KEYS */;
/*!40000 ALTER TABLE `ec_orders` ENABLE KEYS */;
UNLOCK TABLES;

--
-- Table structure for table `ec_product_attribute_sets`
--

DROP TABLE IF EXISTS `ec_product_attribute_sets`;
/*!40101 SET @saved_cs_client     = @@character_set_client */;
/*!50503 SET character_set_client = utf8mb4 */;
CREATE TABLE `ec_product_attribute_sets` (
  `id` bigint unsigned NOT NULL AUTO_INCREMENT,
  `title` varchar(120) COLLATE utf8mb4_unicode_ci NOT NULL,
  `slug` varchar(120) COLLATE utf8mb4_unicode_ci DEFAULT NULL,
  `display_layout` varchar(191) COLLATE utf8mb4_unicode_ci NOT NULL DEFAULT 'dropdown',
  `is_searchable` tinyint unsigned NOT NULL DEFAULT '1',
  `is_comparable` tinyint unsigned NOT NULL DEFAULT '1',
  `is_use_in_product_listing` tinyint unsigned NOT NULL DEFAULT '0',
  `status` varchar(60) COLLATE utf8mb4_unicode_ci NOT NULL DEFAULT 'published',
  `order` tinyint unsigned NOT NULL DEFAULT '0',
  `created_at` timestamp NULL DEFAULT NULL,
  `updated_at` timestamp NULL DEFAULT NULL,
  `use_image_from_product_variation` tinyint unsigned NOT NULL DEFAULT '0',
  PRIMARY KEY (`id`),
  KEY `idx_order_id` (`order`,`id`)
) ENGINE=InnoDB AUTO_INCREMENT=3 DEFAULT CHARSET=utf8mb4 COLLATE=utf8mb4_unicode_ci;
/*!40101 SET character_set_client = @saved_cs_client */;

--
-- Dumping data for table `ec_product_attribute_sets`
--

LOCK TABLES `ec_product_attribute_sets` WRITE;
/*!40000 ALTER TABLE `ec_product_attribute_sets` DISABLE KEYS */;
INSERT INTO `ec_product_attribute_sets` VALUES (1,'Color','color','visual',1,1,1,'published',0,'2025-08-02 02:15:32','2025-08-02 02:15:32',1),(2,'Size','size','text',1,1,1,'published',1,'2025-08-02 02:15:32','2025-08-02 02:15:32',0);
/*!40000 ALTER TABLE `ec_product_attribute_sets` ENABLE KEYS */;
UNLOCK TABLES;

--
-- Table structure for table `ec_product_attribute_sets_translations`
--

DROP TABLE IF EXISTS `ec_product_attribute_sets_translations`;
/*!40101 SET @saved_cs_client     = @@character_set_client */;
/*!50503 SET character_set_client = utf8mb4 */;
CREATE TABLE `ec_product_attribute_sets_translations` (
  `lang_code` varchar(191) COLLATE utf8mb4_unicode_ci NOT NULL,
  `ec_product_attribute_sets_id` bigint unsigned NOT NULL,
  `title` varchar(191) COLLATE utf8mb4_unicode_ci DEFAULT NULL,
  PRIMARY KEY (`lang_code`,`ec_product_attribute_sets_id`)
) ENGINE=InnoDB DEFAULT CHARSET=utf8mb4 COLLATE=utf8mb4_unicode_ci;
/*!40101 SET character_set_client = @saved_cs_client */;

--
-- Dumping data for table `ec_product_attribute_sets_translations`
--

LOCK TABLES `ec_product_attribute_sets_translations` WRITE;
/*!40000 ALTER TABLE `ec_product_attribute_sets_translations` DISABLE KEYS */;
/*!40000 ALTER TABLE `ec_product_attribute_sets_translations` ENABLE KEYS */;
UNLOCK TABLES;

--
-- Table structure for table `ec_product_attributes`
--

DROP TABLE IF EXISTS `ec_product_attributes`;
/*!40101 SET @saved_cs_client     = @@character_set_client */;
/*!50503 SET character_set_client = utf8mb4 */;
CREATE TABLE `ec_product_attributes` (
  `id` bigint unsigned NOT NULL AUTO_INCREMENT,
  `attribute_set_id` bigint unsigned NOT NULL,
  `title` varchar(120) COLLATE utf8mb4_unicode_ci NOT NULL,
  `slug` varchar(120) COLLATE utf8mb4_unicode_ci DEFAULT NULL,
  `color` varchar(120) COLLATE utf8mb4_unicode_ci DEFAULT NULL,
  `image` varchar(191) COLLATE utf8mb4_unicode_ci DEFAULT NULL,
  `is_default` tinyint unsigned NOT NULL DEFAULT '0',
  `order` tinyint unsigned NOT NULL DEFAULT '0',
  `created_at` timestamp NULL DEFAULT NULL,
  `updated_at` timestamp NULL DEFAULT NULL,
  PRIMARY KEY (`id`),
  KEY `attribute_set_status_index` (`attribute_set_id`),
  KEY `idx_attribute_set_id` (`attribute_set_id`),
  KEY `idx_attribute_set_order_id` (`attribute_set_id`,`order`,`id`)
) ENGINE=InnoDB AUTO_INCREMENT=11 DEFAULT CHARSET=utf8mb4 COLLATE=utf8mb4_unicode_ci;
/*!40101 SET character_set_client = @saved_cs_client */;

--
-- Dumping data for table `ec_product_attributes`
--

LOCK TABLES `ec_product_attributes` WRITE;
/*!40000 ALTER TABLE `ec_product_attributes` DISABLE KEYS */;
INSERT INTO `ec_product_attributes` VALUES (1,1,'Green','green','#5FB7D4',NULL,1,1,'2025-08-02 02:15:33','2025-08-02 02:15:33'),(2,1,'Blue','blue','#333333',NULL,0,2,'2025-08-02 02:15:33','2025-08-02 02:15:33'),(3,1,'Red','red','#DA323F',NULL,0,3,'2025-08-02 02:15:33','2025-08-02 02:15:33'),(4,1,'Black','black','#2F366C',NULL,0,4,'2025-08-02 02:15:33','2025-08-02 02:15:33'),(5,1,'Brown','brown','#87554B',NULL,0,5,'2025-08-02 02:15:33','2025-08-02 02:15:33'),(6,2,'S','s',NULL,NULL,1,1,'2025-08-02 02:15:33','2025-08-02 02:15:33'),(7,2,'M','m',NULL,NULL,0,2,'2025-08-02 02:15:33','2025-08-02 02:15:33'),(8,2,'L','l',NULL,NULL,0,3,'2025-08-02 02:15:33','2025-08-02 02:15:33'),(9,2,'XL','xl',NULL,NULL,0,4,'2025-08-02 02:15:33','2025-08-02 02:15:33'),(10,2,'XXL','xxl',NULL,NULL,0,5,'2025-08-02 02:15:33','2025-08-02 02:15:33');
/*!40000 ALTER TABLE `ec_product_attributes` ENABLE KEYS */;
UNLOCK TABLES;

--
-- Table structure for table `ec_product_attributes_translations`
--

DROP TABLE IF EXISTS `ec_product_attributes_translations`;
/*!40101 SET @saved_cs_client     = @@character_set_client */;
/*!50503 SET character_set_client = utf8mb4 */;
CREATE TABLE `ec_product_attributes_translations` (
  `lang_code` varchar(191) COLLATE utf8mb4_unicode_ci NOT NULL,
  `ec_product_attributes_id` bigint unsigned NOT NULL,
  `title` varchar(191) COLLATE utf8mb4_unicode_ci DEFAULT NULL,
  PRIMARY KEY (`lang_code`,`ec_product_attributes_id`)
) ENGINE=InnoDB DEFAULT CHARSET=utf8mb4 COLLATE=utf8mb4_unicode_ci;
/*!40101 SET character_set_client = @saved_cs_client */;

--
-- Dumping data for table `ec_product_attributes_translations`
--

LOCK TABLES `ec_product_attributes_translations` WRITE;
/*!40000 ALTER TABLE `ec_product_attributes_translations` DISABLE KEYS */;
/*!40000 ALTER TABLE `ec_product_attributes_translations` ENABLE KEYS */;
UNLOCK TABLES;

--
-- Table structure for table `ec_product_categories`
--

DROP TABLE IF EXISTS `ec_product_categories`;
/*!40101 SET @saved_cs_client     = @@character_set_client */;
/*!50503 SET character_set_client = utf8mb4 */;
CREATE TABLE `ec_product_categories` (
  `id` bigint unsigned NOT NULL AUTO_INCREMENT,
  `name` varchar(191) COLLATE utf8mb4_unicode_ci NOT NULL,
  `parent_id` bigint unsigned NOT NULL DEFAULT '0',
  `description` mediumtext COLLATE utf8mb4_unicode_ci,
  `status` varchar(60) COLLATE utf8mb4_unicode_ci NOT NULL DEFAULT 'published',
  `order` int unsigned NOT NULL DEFAULT '0',
  `image` varchar(191) COLLATE utf8mb4_unicode_ci DEFAULT NULL,
  `is_featured` tinyint unsigned NOT NULL DEFAULT '0',
  `created_at` timestamp NULL DEFAULT NULL,
  `updated_at` timestamp NULL DEFAULT NULL,
  `icon` varchar(191) COLLATE utf8mb4_unicode_ci DEFAULT NULL,
  `icon_image` varchar(191) COLLATE utf8mb4_unicode_ci DEFAULT NULL,
  PRIMARY KEY (`id`),
  KEY `ec_product_categories_parent_id_status_created_at_index` (`parent_id`,`status`,`created_at`),
  KEY `ec_product_categories_parent_id_status_index` (`parent_id`,`status`),
  KEY `idx_categories_status_order` (`status`,`order`),
  KEY `idx_categories_order` (`order`)
) ENGINE=InnoDB AUTO_INCREMENT=18 DEFAULT CHARSET=utf8mb4 COLLATE=utf8mb4_unicode_ci;
/*!40101 SET character_set_client = @saved_cs_client */;

--
-- Dumping data for table `ec_product_categories`
--

LOCK TABLES `ec_product_categories` WRITE;
/*!40000 ALTER TABLE `ec_product_categories` DISABLE KEYS */;
INSERT INTO `ec_product_categories` VALUES (1,'Pro Glasses',0,NULL,'published',0,'banners/banner-2-01.jpg',1,'2025-08-02 02:15:32','2025-08-02 02:15:32',NULL,NULL),(2,'Casual Shoes',0,NULL,'published',0,'banners/banner-2-02.jpg',1,'2025-08-02 02:15:32','2025-08-02 02:15:32',NULL,NULL),(3,'Winter Jacket',2,NULL,'published',0,'banners/banner-2-03.jpg',1,'2025-08-02 02:15:32','2025-08-02 02:15:32',NULL,NULL),(4,'New Added',2,NULL,'published',0,'banners/banner-2-04.jpg',1,'2025-08-02 02:15:32','2025-08-02 02:15:32',NULL,NULL),(5,'Wooden',2,NULL,'published',0,NULL,1,'2025-08-02 02:15:32','2025-08-02 02:15:32',NULL,NULL),(6,'Furniture',2,NULL,'published',0,NULL,1,'2025-08-02 02:15:32','2025-08-02 02:15:32',NULL,NULL),(7,'Clock',2,NULL,'published',0,NULL,1,'2025-08-02 02:15:32','2025-08-02 02:15:32',NULL,NULL),(8,'Gifts',2,NULL,'published',0,NULL,1,'2025-08-02 02:15:32','2025-08-02 02:15:32',NULL,NULL),(9,'Crafts',2,NULL,'published',0,NULL,1,'2025-08-02 02:15:32','2025-08-02 02:15:32',NULL,NULL),(10,'Gift Sets',0,NULL,'published',0,'features/feature-icon-01.png',1,'2025-08-02 02:15:32','2025-08-02 02:15:32',NULL,NULL),(11,'Plastic Gifts',0,NULL,'published',0,'features/feature-icon-02.png',1,'2025-08-02 02:15:32','2025-08-02 02:15:32',NULL,NULL),(12,'Handy Cream',0,NULL,'published',0,'features/feature-icon-03.png',1,'2025-08-02 02:15:32','2025-08-02 02:15:32',NULL,NULL),(13,'Cosmetics',0,NULL,'published',0,'features/feature-icon-04.png',1,'2025-08-02 02:15:32','2025-08-02 02:15:32',NULL,NULL),(14,'Silk Accessories',0,NULL,'published',0,'features/feature-icon-05.png',1,'2025-08-02 02:15:32','2025-08-02 02:15:32',NULL,NULL),(15,'Finest Skincare Lotions',0,NULL,'published',0,'features/feature-icon-06.png',1,'2025-08-02 02:15:32','2025-08-02 02:15:32',NULL,NULL),(16,'Bags & Purses',0,NULL,'published',0,NULL,1,'2025-08-02 02:15:32','2025-08-02 02:15:32',NULL,NULL),(17,'Sunglasses',0,NULL,'published',0,NULL,1,'2025-08-02 02:15:32','2025-08-02 02:15:32',NULL,NULL);
/*!40000 ALTER TABLE `ec_product_categories` ENABLE KEYS */;
UNLOCK TABLES;

--
-- Table structure for table `ec_product_categories_translations`
--

DROP TABLE IF EXISTS `ec_product_categories_translations`;
/*!40101 SET @saved_cs_client     = @@character_set_client */;
/*!50503 SET character_set_client = utf8mb4 */;
CREATE TABLE `ec_product_categories_translations` (
  `lang_code` varchar(191) COLLATE utf8mb4_unicode_ci NOT NULL,
  `ec_product_categories_id` bigint unsigned NOT NULL,
  `name` varchar(191) COLLATE utf8mb4_unicode_ci DEFAULT NULL,
  `description` mediumtext COLLATE utf8mb4_unicode_ci,
  PRIMARY KEY (`lang_code`,`ec_product_categories_id`)
) ENGINE=InnoDB DEFAULT CHARSET=utf8mb4 COLLATE=utf8mb4_unicode_ci;
/*!40101 SET character_set_client = @saved_cs_client */;

--
-- Dumping data for table `ec_product_categories_translations`
--

LOCK TABLES `ec_product_categories_translations` WRITE;
/*!40000 ALTER TABLE `ec_product_categories_translations` DISABLE KEYS */;
/*!40000 ALTER TABLE `ec_product_categories_translations` ENABLE KEYS */;
UNLOCK TABLES;

--
-- Table structure for table `ec_product_categorizables`
--

DROP TABLE IF EXISTS `ec_product_categorizables`;
/*!40101 SET @saved_cs_client     = @@character_set_client */;
/*!50503 SET character_set_client = utf8mb4 */;
CREATE TABLE `ec_product_categorizables` (
  `category_id` bigint unsigned NOT NULL,
  `reference_id` bigint unsigned NOT NULL,
  `reference_type` varchar(120) COLLATE utf8mb4_unicode_ci NOT NULL,
  PRIMARY KEY (`category_id`,`reference_id`,`reference_type`),
  KEY `ec_product_categorizables_category_id_index` (`category_id`),
  KEY `ec_product_categorizables_reference_id_index` (`reference_id`),
  KEY `ec_product_categorizables_reference_type_index` (`reference_type`)
) ENGINE=InnoDB DEFAULT CHARSET=utf8mb4 COLLATE=utf8mb4_unicode_ci;
/*!40101 SET character_set_client = @saved_cs_client */;

--
-- Dumping data for table `ec_product_categorizables`
--

LOCK TABLES `ec_product_categorizables` WRITE;
/*!40000 ALTER TABLE `ec_product_categorizables` DISABLE KEYS */;
/*!40000 ALTER TABLE `ec_product_categorizables` ENABLE KEYS */;
UNLOCK TABLES;

--
-- Table structure for table `ec_product_category_product`
--

DROP TABLE IF EXISTS `ec_product_category_product`;
/*!40101 SET @saved_cs_client     = @@character_set_client */;
/*!50503 SET character_set_client = utf8mb4 */;
CREATE TABLE `ec_product_category_product` (
  `category_id` bigint unsigned NOT NULL,
  `product_id` bigint unsigned NOT NULL,
  PRIMARY KEY (`product_id`,`category_id`),
  KEY `ec_product_category_product_category_id_index` (`category_id`),
  KEY `ec_product_category_product_product_id_index` (`product_id`)
) ENGINE=InnoDB DEFAULT CHARSET=utf8mb4 COLLATE=utf8mb4_unicode_ci;
/*!40101 SET character_set_client = @saved_cs_client */;

--
-- Dumping data for table `ec_product_category_product`
--

LOCK TABLES `ec_product_category_product` WRITE;
/*!40000 ALTER TABLE `ec_product_category_product` DISABLE KEYS */;
INSERT INTO `ec_product_category_product` VALUES (1,11),(1,20),(1,42),(2,39),(2,53),(2,57),(2,62),(3,6),(3,13),(3,27),(3,30),(3,33),(3,36),(3,38),(3,50),(3,55),(3,65),(4,7),(4,25),(4,28),(4,59),(4,61),(5,1),(5,12),(5,19),(5,47),(5,70),(6,8),(6,15),(6,26),(6,45),(6,48),(6,52),(6,56),(6,75),(7,21),(7,31),(7,40),(7,46),(7,73),(8,18),(8,29),(8,41),(8,43),(8,60),(9,4),(9,44),(9,49),(9,54),(9,67),(9,69),(9,71),(9,72),(9,74),(10,3),(10,10),(10,23),(10,51),(10,66),(11,2),(11,9),(11,24),(11,32),(11,37),(12,17),(12,22),(12,63),(12,64),(12,68),(13,5),(13,34),(13,35),(14,14),(14,16),(14,58);
/*!40000 ALTER TABLE `ec_product_category_product` ENABLE KEYS */;
UNLOCK TABLES;

--
-- Table structure for table `ec_product_collection_products`
--

DROP TABLE IF EXISTS `ec_product_collection_products`;
/*!40101 SET @saved_cs_client     = @@character_set_client */;
/*!50503 SET character_set_client = utf8mb4 */;
CREATE TABLE `ec_product_collection_products` (
  `product_collection_id` bigint unsigned NOT NULL,
  `product_id` bigint unsigned NOT NULL,
  PRIMARY KEY (`product_id`,`product_collection_id`),
  KEY `ec_product_collection_products_product_collection_id_index` (`product_collection_id`),
  KEY `ec_product_collection_products_product_id_index` (`product_id`)
) ENGINE=InnoDB DEFAULT CHARSET=utf8mb4 COLLATE=utf8mb4_unicode_ci;
/*!40101 SET character_set_client = @saved_cs_client */;

--
-- Dumping data for table `ec_product_collection_products`
--

LOCK TABLES `ec_product_collection_products` WRITE;
/*!40000 ALTER TABLE `ec_product_collection_products` DISABLE KEYS */;
INSERT INTO `ec_product_collection_products` VALUES (1,5),(1,10),(1,14),(1,16),(1,17),(1,18),(1,25),(1,28),(1,29),(1,33),(1,34),(1,35),(1,36),(1,38),(1,39),(1,40),(1,43),(1,45),(1,46),(1,47),(1,48),(1,50),(1,52),(1,58),(1,60),(1,64),(1,65),(1,66),(1,68),(1,69),(1,71),(1,72),(1,74),(2,1),(2,2),(2,6),(2,7),(2,11),(2,12),(2,13),(2,15),(2,19),(2,20),(2,21),(2,22),(2,23),(2,24),(2,26),(2,27),(2,30),(2,31),(2,32),(2,37),(2,42),(2,44),(2,49),(2,53),(2,56),(2,57),(2,62),(2,70),(2,73),(2,75),(3,3),(3,4),(3,8),(3,9),(3,41),(3,51),(3,54),(3,55),(3,59),(3,61),(3,63),(3,67);
/*!40000 ALTER TABLE `ec_product_collection_products` ENABLE KEYS */;
UNLOCK TABLES;

--
-- Table structure for table `ec_product_collections`
--

DROP TABLE IF EXISTS `ec_product_collections`;
/*!40101 SET @saved_cs_client     = @@character_set_client */;
/*!50503 SET character_set_client = utf8mb4 */;
CREATE TABLE `ec_product_collections` (
  `id` bigint unsigned NOT NULL AUTO_INCREMENT,
  `name` varchar(191) COLLATE utf8mb4_unicode_ci NOT NULL,
  `slug` varchar(191) COLLATE utf8mb4_unicode_ci NOT NULL,
  `description` varchar(400) COLLATE utf8mb4_unicode_ci DEFAULT NULL,
  `image` varchar(191) COLLATE utf8mb4_unicode_ci DEFAULT NULL,
  `status` varchar(60) COLLATE utf8mb4_unicode_ci NOT NULL DEFAULT 'published',
  `created_at` timestamp NULL DEFAULT NULL,
  `updated_at` timestamp NULL DEFAULT NULL,
  `is_featured` tinyint unsigned NOT NULL DEFAULT '0',
  PRIMARY KEY (`id`)
) ENGINE=InnoDB AUTO_INCREMENT=8 DEFAULT CHARSET=utf8mb4 COLLATE=utf8mb4_unicode_ci;
/*!40101 SET character_set_client = @saved_cs_client */;

--
-- Dumping data for table `ec_product_collections`
--

LOCK TABLES `ec_product_collections` WRITE;
/*!40000 ALTER TABLE `ec_product_collections` DISABLE KEYS */;
INSERT INTO `ec_product_collections` VALUES (1,'New Arrival','new-arrival',NULL,NULL,'published','2025-08-02 02:15:33','2025-08-02 02:15:33',0),(2,'Best Sellers','best-sellers',NULL,NULL,'published','2025-08-02 02:15:33','2025-08-02 02:15:33',0),(3,'Special Offer','special-offer',NULL,NULL,'published','2025-08-02 02:15:33','2025-08-02 02:15:33',0),(4,'Reactive Providence Hair Color','reactive-providence-hair-color',NULL,'banners/thumb-01.jpg','published','2025-08-02 02:15:33','2025-08-02 02:15:33',0),(5,'New Modern &amp; Stylist Makeup','new-modern-stylist-makeup',NULL,'banners/thumb-02.jpg','published','2025-08-02 02:15:33','2025-08-02 02:15:33',0),(6,'Intensive Glow C+ Serum','intensive-glow-c-serum',NULL,'banners/thumb-03.jpg','published','2025-08-02 02:15:33','2025-08-02 02:15:33',0),(7,'Vogue','vogue',NULL,'banners/thumb-04.jpg','published','2025-08-02 02:15:33','2025-08-02 02:15:33',0);
/*!40000 ALTER TABLE `ec_product_collections` ENABLE KEYS */;
UNLOCK TABLES;

--
-- Table structure for table `ec_product_collections_translations`
--

DROP TABLE IF EXISTS `ec_product_collections_translations`;
/*!40101 SET @saved_cs_client     = @@character_set_client */;
/*!50503 SET character_set_client = utf8mb4 */;
CREATE TABLE `ec_product_collections_translations` (
  `lang_code` varchar(191) COLLATE utf8mb4_unicode_ci NOT NULL,
  `ec_product_collections_id` bigint unsigned NOT NULL,
  `name` varchar(191) COLLATE utf8mb4_unicode_ci DEFAULT NULL,
  `description` varchar(400) COLLATE utf8mb4_unicode_ci DEFAULT NULL,
  PRIMARY KEY (`lang_code`,`ec_product_collections_id`)
) ENGINE=InnoDB DEFAULT CHARSET=utf8mb4 COLLATE=utf8mb4_unicode_ci;
/*!40101 SET character_set_client = @saved_cs_client */;

--
-- Dumping data for table `ec_product_collections_translations`
--

LOCK TABLES `ec_product_collections_translations` WRITE;
/*!40000 ALTER TABLE `ec_product_collections_translations` DISABLE KEYS */;
/*!40000 ALTER TABLE `ec_product_collections_translations` ENABLE KEYS */;
UNLOCK TABLES;

--
-- Table structure for table `ec_product_cross_sale_relations`
--

DROP TABLE IF EXISTS `ec_product_cross_sale_relations`;
/*!40101 SET @saved_cs_client     = @@character_set_client */;
/*!50503 SET character_set_client = utf8mb4 */;
CREATE TABLE `ec_product_cross_sale_relations` (
  `from_product_id` bigint unsigned NOT NULL,
  `to_product_id` bigint unsigned NOT NULL,
  `is_variant` tinyint(1) NOT NULL DEFAULT '0',
  `price` decimal(15,2) DEFAULT '0.00',
  `price_type` varchar(191) COLLATE utf8mb4_unicode_ci NOT NULL DEFAULT 'fixed',
  `apply_to_all_variations` tinyint(1) NOT NULL DEFAULT '1',
  PRIMARY KEY (`from_product_id`,`to_product_id`),
  KEY `ec_product_cross_sale_relations_from_product_id_index` (`from_product_id`),
  KEY `ec_product_cross_sale_relations_to_product_id_index` (`to_product_id`)
) ENGINE=InnoDB DEFAULT CHARSET=utf8mb4 COLLATE=utf8mb4_unicode_ci;
/*!40101 SET character_set_client = @saved_cs_client */;

--
-- Dumping data for table `ec_product_cross_sale_relations`
--

LOCK TABLES `ec_product_cross_sale_relations` WRITE;
/*!40000 ALTER TABLE `ec_product_cross_sale_relations` DISABLE KEYS */;
INSERT INTO `ec_product_cross_sale_relations` VALUES (1,3,0,0.00,'fixed',1),(1,11,0,0.00,'fixed',1),(1,34,0,0.00,'fixed',1),(1,47,0,0.00,'fixed',1),(2,3,0,0.00,'fixed',1),(2,17,0,0.00,'fixed',1),(2,42,0,0.00,'fixed',1),(2,75,0,0.00,'fixed',1),(3,45,0,0.00,'fixed',1),(3,53,0,0.00,'fixed',1),(3,63,0,0.00,'fixed',1),(3,65,0,0.00,'fixed',1),(4,34,0,0.00,'fixed',1),(4,43,0,0.00,'fixed',1),(4,64,0,0.00,'fixed',1),(5,11,0,0.00,'fixed',1),(5,50,0,0.00,'fixed',1),(5,69,0,0.00,'fixed',1),(6,44,0,0.00,'fixed',1),(6,45,0,0.00,'fixed',1),(6,62,0,0.00,'fixed',1),(6,63,0,0.00,'fixed',1),(7,35,0,0.00,'fixed',1),(7,41,0,0.00,'fixed',1),(7,57,0,0.00,'fixed',1),(7,72,0,0.00,'fixed',1),(8,15,0,0.00,'fixed',1),(8,67,0,0.00,'fixed',1),(8,68,0,0.00,'fixed',1),(8,75,0,0.00,'fixed',1),(9,3,0,0.00,'fixed',1),(9,20,0,0.00,'fixed',1),(9,48,0,0.00,'fixed',1),(9,72,0,0.00,'fixed',1),(10,38,0,0.00,'fixed',1),(10,60,0,0.00,'fixed',1),(10,66,0,0.00,'fixed',1),(10,68,0,0.00,'fixed',1),(11,7,0,0.00,'fixed',1),(11,10,0,0.00,'fixed',1),(11,17,0,0.00,'fixed',1),(11,47,0,0.00,'fixed',1),(12,2,0,0.00,'fixed',1),(12,4,0,0.00,'fixed',1),(12,22,0,0.00,'fixed',1),(12,68,0,0.00,'fixed',1),(13,4,0,0.00,'fixed',1),(13,12,0,0.00,'fixed',1),(13,51,0,0.00,'fixed',1),(13,65,0,0.00,'fixed',1),(14,1,0,0.00,'fixed',1),(14,4,0,0.00,'fixed',1),(14,17,0,0.00,'fixed',1),(14,56,0,0.00,'fixed',1),(15,18,0,0.00,'fixed',1),(15,66,0,0.00,'fixed',1),(15,67,0,0.00,'fixed',1),(15,71,0,0.00,'fixed',1),(16,8,0,0.00,'fixed',1),(16,32,0,0.00,'fixed',1),(16,56,0,0.00,'fixed',1),(16,63,0,0.00,'fixed',1),(17,14,0,0.00,'fixed',1),(17,25,0,0.00,'fixed',1),(17,40,0,0.00,'fixed',1),(17,56,0,0.00,'fixed',1),(18,2,0,0.00,'fixed',1),(18,32,0,0.00,'fixed',1),(18,34,0,0.00,'fixed',1),(18,59,0,0.00,'fixed',1),(19,7,0,0.00,'fixed',1),(19,18,0,0.00,'fixed',1),(19,32,0,0.00,'fixed',1),(19,45,0,0.00,'fixed',1),(20,2,0,0.00,'fixed',1),(20,25,0,0.00,'fixed',1),(20,45,0,0.00,'fixed',1),(20,74,0,0.00,'fixed',1),(21,17,0,0.00,'fixed',1),(21,22,0,0.00,'fixed',1),(21,42,0,0.00,'fixed',1),(21,48,0,0.00,'fixed',1),(22,39,0,0.00,'fixed',1),(22,51,0,0.00,'fixed',1),(22,70,0,0.00,'fixed',1),(22,75,0,0.00,'fixed',1),(23,29,0,0.00,'fixed',1),(23,34,0,0.00,'fixed',1),(23,56,0,0.00,'fixed',1),(23,59,0,0.00,'fixed',1),(24,30,0,0.00,'fixed',1),(24,40,0,0.00,'fixed',1),(24,44,0,0.00,'fixed',1),(25,15,0,0.00,'fixed',1),(25,46,0,0.00,'fixed',1),(25,56,0,0.00,'fixed',1),(25,69,0,0.00,'fixed',1),(26,11,0,0.00,'fixed',1),(26,21,0,0.00,'fixed',1),(26,23,0,0.00,'fixed',1),(26,75,0,0.00,'fixed',1),(27,1,0,0.00,'fixed',1),(27,6,0,0.00,'fixed',1),(27,66,0,0.00,'fixed',1),(27,68,0,0.00,'fixed',1),(28,3,0,0.00,'fixed',1),(28,13,0,0.00,'fixed',1),(28,68,0,0.00,'fixed',1),(28,70,0,0.00,'fixed',1),(29,32,0,0.00,'fixed',1),(29,61,0,0.00,'fixed',1),(29,62,0,0.00,'fixed',1),(29,71,0,0.00,'fixed',1),(30,3,0,0.00,'fixed',1),(30,22,0,0.00,'fixed',1),(30,34,0,0.00,'fixed',1),(30,71,0,0.00,'fixed',1),(31,19,0,0.00,'fixed',1),(31,34,0,0.00,'fixed',1),(31,61,0,0.00,'fixed',1),(31,75,0,0.00,'fixed',1),(32,3,0,0.00,'fixed',1),(32,27,0,0.00,'fixed',1),(32,35,0,0.00,'fixed',1),(32,59,0,0.00,'fixed',1),(33,15,0,0.00,'fixed',1),(33,32,0,0.00,'fixed',1),(33,43,0,0.00,'fixed',1),(33,63,0,0.00,'fixed',1),(34,3,0,0.00,'fixed',1),(34,6,0,0.00,'fixed',1),(34,32,0,0.00,'fixed',1),(34,54,0,0.00,'fixed',1),(35,12,0,0.00,'fixed',1),(35,33,0,0.00,'fixed',1),(35,40,0,0.00,'fixed',1),(35,50,0,0.00,'fixed',1),(36,5,0,0.00,'fixed',1),(36,47,0,0.00,'fixed',1),(36,49,0,0.00,'fixed',1),(36,55,0,0.00,'fixed',1),(37,16,0,0.00,'fixed',1),(37,53,0,0.00,'fixed',1),(37,58,0,0.00,'fixed',1),(37,65,0,0.00,'fixed',1),(38,21,0,0.00,'fixed',1),(38,36,0,0.00,'fixed',1),(38,40,0,0.00,'fixed',1),(38,48,0,0.00,'fixed',1),(39,3,0,0.00,'fixed',1),(39,54,0,0.00,'fixed',1),(39,71,0,0.00,'fixed',1),(40,3,0,0.00,'fixed',1),(40,27,0,0.00,'fixed',1),(40,55,0,0.00,'fixed',1),(40,63,0,0.00,'fixed',1),(41,12,0,0.00,'fixed',1),(41,18,0,0.00,'fixed',1),(41,28,0,0.00,'fixed',1),(41,39,0,0.00,'fixed',1),(42,8,0,0.00,'fixed',1),(42,18,0,0.00,'fixed',1),(42,60,0,0.00,'fixed',1),(42,66,0,0.00,'fixed',1),(43,12,0,0.00,'fixed',1),(43,24,0,0.00,'fixed',1),(43,25,0,0.00,'fixed',1),(43,29,0,0.00,'fixed',1),(44,7,0,0.00,'fixed',1),(44,13,0,0.00,'fixed',1),(44,32,0,0.00,'fixed',1),(44,50,0,0.00,'fixed',1),(45,1,0,0.00,'fixed',1),(45,14,0,0.00,'fixed',1),(45,48,0,0.00,'fixed',1),(45,60,0,0.00,'fixed',1),(46,58,0,0.00,'fixed',1),(46,59,0,0.00,'fixed',1),(46,69,0,0.00,'fixed',1),(46,71,0,0.00,'fixed',1),(47,12,0,0.00,'fixed',1),(47,13,0,0.00,'fixed',1),(47,38,0,0.00,'fixed',1),(47,70,0,0.00,'fixed',1),(48,21,0,0.00,'fixed',1),(48,27,0,0.00,'fixed',1),(48,53,0,0.00,'fixed',1),(48,70,0,0.00,'fixed',1),(49,8,0,0.00,'fixed',1),(49,29,0,0.00,'fixed',1),(49,54,0,0.00,'fixed',1),(49,67,0,0.00,'fixed',1),(50,15,0,0.00,'fixed',1),(50,20,0,0.00,'fixed',1),(50,28,0,0.00,'fixed',1),(50,75,0,0.00,'fixed',1),(51,31,0,0.00,'fixed',1),(51,35,0,0.00,'fixed',1),(51,37,0,0.00,'fixed',1),(51,71,0,0.00,'fixed',1),(52,5,0,0.00,'fixed',1),(52,23,0,0.00,'fixed',1),(52,28,0,0.00,'fixed',1),(52,59,0,0.00,'fixed',1),(53,4,0,0.00,'fixed',1),(53,9,0,0.00,'fixed',1),(53,26,0,0.00,'fixed',1),(53,41,0,0.00,'fixed',1),(54,56,0,0.00,'fixed',1),(54,58,0,0.00,'fixed',1),(54,61,0,0.00,'fixed',1),(54,73,0,0.00,'fixed',1),(55,20,0,0.00,'fixed',1),(55,24,0,0.00,'fixed',1),(55,31,0,0.00,'fixed',1),(55,58,0,0.00,'fixed',1),(56,2,0,0.00,'fixed',1),(56,37,0,0.00,'fixed',1),(56,39,0,0.00,'fixed',1),(56,48,0,0.00,'fixed',1),(57,16,0,0.00,'fixed',1),(57,37,0,0.00,'fixed',1),(57,55,0,0.00,'fixed',1),(57,64,0,0.00,'fixed',1),(58,19,0,0.00,'fixed',1),(58,27,0,0.00,'fixed',1),(58,42,0,0.00,'fixed',1),(58,65,0,0.00,'fixed',1),(59,40,0,0.00,'fixed',1),(59,43,0,0.00,'fixed',1),(59,45,0,0.00,'fixed',1),(59,69,0,0.00,'fixed',1),(60,8,0,0.00,'fixed',1),(60,40,0,0.00,'fixed',1),(60,43,0,0.00,'fixed',1),(60,57,0,0.00,'fixed',1),(61,13,0,0.00,'fixed',1),(61,14,0,0.00,'fixed',1),(61,32,0,0.00,'fixed',1),(61,42,0,0.00,'fixed',1),(62,18,0,0.00,'fixed',1),(62,39,0,0.00,'fixed',1),(62,69,0,0.00,'fixed',1),(62,74,0,0.00,'fixed',1),(63,53,0,0.00,'fixed',1),(63,57,0,0.00,'fixed',1),(63,60,0,0.00,'fixed',1),(63,64,0,0.00,'fixed',1),(64,35,0,0.00,'fixed',1),(64,54,0,0.00,'fixed',1),(64,67,0,0.00,'fixed',1),(65,31,0,0.00,'fixed',1),(65,35,0,0.00,'fixed',1),(65,52,0,0.00,'fixed',1),(65,60,0,0.00,'fixed',1),(66,13,0,0.00,'fixed',1),(66,23,0,0.00,'fixed',1),(66,57,0,0.00,'fixed',1),(66,70,0,0.00,'fixed',1),(67,1,0,0.00,'fixed',1),(67,26,0,0.00,'fixed',1),(67,45,0,0.00,'fixed',1),(67,72,0,0.00,'fixed',1),(68,10,0,0.00,'fixed',1),(68,50,0,0.00,'fixed',1),(68,55,0,0.00,'fixed',1),(68,72,0,0.00,'fixed',1),(69,18,0,0.00,'fixed',1),(69,24,0,0.00,'fixed',1),(69,48,0,0.00,'fixed',1),(69,65,0,0.00,'fixed',1),(70,30,0,0.00,'fixed',1),(70,34,0,0.00,'fixed',1),(70,56,0,0.00,'fixed',1),(70,59,0,0.00,'fixed',1),(71,6,0,0.00,'fixed',1),(71,11,0,0.00,'fixed',1),(71,32,0,0.00,'fixed',1),(71,65,0,0.00,'fixed',1),(72,13,0,0.00,'fixed',1),(72,17,0,0.00,'fixed',1),(72,19,0,0.00,'fixed',1),(72,29,0,0.00,'fixed',1),(73,11,0,0.00,'fixed',1),(73,18,0,0.00,'fixed',1),(73,30,0,0.00,'fixed',1),(73,36,0,0.00,'fixed',1),(74,5,0,0.00,'fixed',1),(74,18,0,0.00,'fixed',1),(74,56,0,0.00,'fixed',1),(74,68,0,0.00,'fixed',1),(75,1,0,0.00,'fixed',1),(75,6,0,0.00,'fixed',1),(75,58,0,0.00,'fixed',1),(75,64,0,0.00,'fixed',1);
/*!40000 ALTER TABLE `ec_product_cross_sale_relations` ENABLE KEYS */;
UNLOCK TABLES;

--
-- Table structure for table `ec_product_files`
--

DROP TABLE IF EXISTS `ec_product_files`;
/*!40101 SET @saved_cs_client     = @@character_set_client */;
/*!50503 SET character_set_client = utf8mb4 */;
CREATE TABLE `ec_product_files` (
  `id` bigint unsigned NOT NULL AUTO_INCREMENT,
  `product_id` bigint unsigned DEFAULT NULL,
  `url` varchar(400) COLLATE utf8mb4_unicode_ci DEFAULT NULL,
  `extras` mediumtext COLLATE utf8mb4_unicode_ci,
  `created_at` timestamp NULL DEFAULT NULL,
  `updated_at` timestamp NULL DEFAULT NULL,
  PRIMARY KEY (`id`),
  KEY `ec_product_files_product_id_index` (`product_id`)
) ENGINE=InnoDB AUTO_INCREMENT=380 DEFAULT CHARSET=utf8mb4 COLLATE=utf8mb4_unicode_ci;
/*!40101 SET character_set_client = @saved_cs_client */;

--
-- Dumping data for table `ec_product_files`
--

LOCK TABLES `ec_product_files` WRITE;
/*!40000 ALTER TABLE `ec_product_files` DISABLE KEYS */;
INSERT INTO `ec_product_files` VALUES (1,76,'ecommerce/digital-product-files/product-46.jpg','{\"filename\":\"product-46.jpg\",\"url\":\"ecommerce\\/digital-product-files\\/product-46.jpg\",\"mime_type\":\"image\\/jpeg\",\"size\":9730,\"modified\":\"2025-08-02 09:15:44\",\"name\":\"product-46\",\"extension\":\"jpg\"}','2025-08-02 02:15:44','2025-08-02 02:15:44'),(2,76,'ecommerce/digital-product-files/product-44.jpg','{\"filename\":\"product-44.jpg\",\"url\":\"ecommerce\\/digital-product-files\\/product-44.jpg\",\"mime_type\":\"image\\/jpeg\",\"size\":9730,\"modified\":\"2025-08-02 09:15:44\",\"name\":\"product-44\",\"extension\":\"jpg\"}','2025-08-02 02:15:44','2025-08-02 02:15:44'),(3,76,'ecommerce/digital-product-files/product-72.jpg','{\"filename\":\"product-72.jpg\",\"url\":\"ecommerce\\/digital-product-files\\/product-72.jpg\",\"mime_type\":\"image\\/jpeg\",\"size\":9730,\"modified\":\"2025-08-02 09:15:44\",\"name\":\"product-72\",\"extension\":\"jpg\"}','2025-08-02 02:15:44','2025-08-02 02:15:44'),(4,76,'ecommerce/digital-product-files/product-84.jpg','{\"filename\":\"product-84.jpg\",\"url\":\"ecommerce\\/digital-product-files\\/product-84.jpg\",\"mime_type\":\"image\\/jpeg\",\"size\":9730,\"modified\":\"2025-08-02 09:15:44\",\"name\":\"product-84\",\"extension\":\"jpg\"}','2025-08-02 02:15:44','2025-08-02 02:15:44'),(5,76,'ecommerce/digital-product-files/product-2.jpg','{\"filename\":\"product-2.jpg\",\"url\":\"ecommerce\\/digital-product-files\\/product-2.jpg\",\"mime_type\":\"image\\/jpeg\",\"size\":9730,\"modified\":\"2025-08-02 09:15:44\",\"name\":\"product-2\",\"extension\":\"jpg\"}','2025-08-02 02:15:44','2025-08-02 02:15:44'),(6,76,'ecommerce/digital-product-files/product-48.jpg','{\"filename\":\"product-48.jpg\",\"url\":\"ecommerce\\/digital-product-files\\/product-48.jpg\",\"mime_type\":\"image\\/jpeg\",\"size\":9730,\"modified\":\"2025-08-02 09:15:44\",\"name\":\"product-48\",\"extension\":\"jpg\"}','2025-08-02 02:15:44','2025-08-02 02:15:44'),(7,76,'ecommerce/digital-product-files/product-9.jpg','{\"filename\":\"product-9.jpg\",\"url\":\"ecommerce\\/digital-product-files\\/product-9.jpg\",\"mime_type\":\"image\\/jpeg\",\"size\":9730,\"modified\":\"2025-08-02 09:15:44\",\"name\":\"product-9\",\"extension\":\"jpg\"}','2025-08-02 02:15:44','2025-08-02 02:15:44'),(8,76,'ecommerce/digital-product-files/product-58.jpg','{\"filename\":\"product-58.jpg\",\"url\":\"ecommerce\\/digital-product-files\\/product-58.jpg\",\"mime_type\":\"image\\/jpeg\",\"size\":9730,\"modified\":\"2025-08-02 09:15:44\",\"name\":\"product-58\",\"extension\":\"jpg\"}','2025-08-02 02:15:44','2025-08-02 02:15:44'),(9,82,'ecommerce/digital-product-files/product-21.jpg','{\"filename\":\"product-21.jpg\",\"url\":\"ecommerce\\/digital-product-files\\/product-21.jpg\",\"mime_type\":\"image\\/jpeg\",\"size\":9730,\"modified\":\"2025-08-02 09:15:44\",\"name\":\"product-21\",\"extension\":\"jpg\"}','2025-08-02 02:15:44','2025-08-02 02:15:44'),(10,82,'ecommerce/digital-product-files/product-48.jpg','{\"filename\":\"product-48.jpg\",\"url\":\"ecommerce\\/digital-product-files\\/product-48.jpg\",\"mime_type\":\"image\\/jpeg\",\"size\":9730,\"modified\":\"2025-08-02 09:15:44\",\"name\":\"product-48\",\"extension\":\"jpg\"}','2025-08-02 02:15:44','2025-08-02 02:15:44'),(11,82,'ecommerce/digital-product-files/product-79.jpg','{\"filename\":\"product-79.jpg\",\"url\":\"ecommerce\\/digital-product-files\\/product-79.jpg\",\"mime_type\":\"image\\/jpeg\",\"size\":9730,\"modified\":\"2025-08-02 09:15:44\",\"name\":\"product-79\",\"extension\":\"jpg\"}','2025-08-02 02:15:44','2025-08-02 02:15:44'),(12,82,'ecommerce/digital-product-files/product-43.jpg','{\"filename\":\"product-43.jpg\",\"url\":\"ecommerce\\/digital-product-files\\/product-43.jpg\",\"mime_type\":\"image\\/jpeg\",\"size\":9730,\"modified\":\"2025-08-02 09:15:44\",\"name\":\"product-43\",\"extension\":\"jpg\"}','2025-08-02 02:15:44','2025-08-02 02:15:44'),(13,82,'ecommerce/digital-product-files/product-34.jpg','{\"filename\":\"product-34.jpg\",\"url\":\"ecommerce\\/digital-product-files\\/product-34.jpg\",\"mime_type\":\"image\\/jpeg\",\"size\":9730,\"modified\":\"2025-08-02 09:15:44\",\"name\":\"product-34\",\"extension\":\"jpg\"}','2025-08-02 02:15:44','2025-08-02 02:15:44'),(14,82,'ecommerce/digital-product-files/product-65.jpg','{\"filename\":\"product-65.jpg\",\"url\":\"ecommerce\\/digital-product-files\\/product-65.jpg\",\"mime_type\":\"image\\/jpeg\",\"size\":9730,\"modified\":\"2025-08-02 09:15:44\",\"name\":\"product-65\",\"extension\":\"jpg\"}','2025-08-02 02:15:44','2025-08-02 02:15:44'),(15,82,'ecommerce/digital-product-files/product-82.jpg','{\"filename\":\"product-82.jpg\",\"url\":\"ecommerce\\/digital-product-files\\/product-82.jpg\",\"mime_type\":\"image\\/jpeg\",\"size\":9730,\"modified\":\"2025-08-02 09:15:44\",\"name\":\"product-82\",\"extension\":\"jpg\"}','2025-08-02 02:15:44','2025-08-02 02:15:44'),(16,83,'ecommerce/digital-product-files/product-21.jpg','{\"filename\":\"product-21.jpg\",\"url\":\"ecommerce\\/digital-product-files\\/product-21.jpg\",\"mime_type\":\"image\\/jpeg\",\"size\":9730,\"modified\":\"2025-08-02 09:15:44\",\"name\":\"product-21\",\"extension\":\"jpg\"}','2025-08-02 02:15:44','2025-08-02 02:15:44'),(17,83,'ecommerce/digital-product-files/product-48.jpg','{\"filename\":\"product-48.jpg\",\"url\":\"ecommerce\\/digital-product-files\\/product-48.jpg\",\"mime_type\":\"image\\/jpeg\",\"size\":9730,\"modified\":\"2025-08-02 09:15:44\",\"name\":\"product-48\",\"extension\":\"jpg\"}','2025-08-02 02:15:44','2025-08-02 02:15:44'),(18,83,'ecommerce/digital-product-files/product-79.jpg','{\"filename\":\"product-79.jpg\",\"url\":\"ecommerce\\/digital-product-files\\/product-79.jpg\",\"mime_type\":\"image\\/jpeg\",\"size\":9730,\"modified\":\"2025-08-02 09:15:44\",\"name\":\"product-79\",\"extension\":\"jpg\"}','2025-08-02 02:15:44','2025-08-02 02:15:44'),(19,83,'ecommerce/digital-product-files/product-43.jpg','{\"filename\":\"product-43.jpg\",\"url\":\"ecommerce\\/digital-product-files\\/product-43.jpg\",\"mime_type\":\"image\\/jpeg\",\"size\":9730,\"modified\":\"2025-08-02 09:15:44\",\"name\":\"product-43\",\"extension\":\"jpg\"}','2025-08-02 02:15:44','2025-08-02 02:15:44'),(20,83,'ecommerce/digital-product-files/product-34.jpg','{\"filename\":\"product-34.jpg\",\"url\":\"ecommerce\\/digital-product-files\\/product-34.jpg\",\"mime_type\":\"image\\/jpeg\",\"size\":9730,\"modified\":\"2025-08-02 09:15:44\",\"name\":\"product-34\",\"extension\":\"jpg\"}','2025-08-02 02:15:44','2025-08-02 02:15:44'),(21,83,'ecommerce/digital-product-files/product-65.jpg','{\"filename\":\"product-65.jpg\",\"url\":\"ecommerce\\/digital-product-files\\/product-65.jpg\",\"mime_type\":\"image\\/jpeg\",\"size\":9730,\"modified\":\"2025-08-02 09:15:44\",\"name\":\"product-65\",\"extension\":\"jpg\"}','2025-08-02 02:15:44','2025-08-02 02:15:44'),(22,83,'ecommerce/digital-product-files/product-82.jpg','{\"filename\":\"product-82.jpg\",\"url\":\"ecommerce\\/digital-product-files\\/product-82.jpg\",\"mime_type\":\"image\\/jpeg\",\"size\":9730,\"modified\":\"2025-08-02 09:15:44\",\"name\":\"product-82\",\"extension\":\"jpg\"}','2025-08-02 02:15:44','2025-08-02 02:15:44'),(23,94,'ecommerce/digital-product-files/product-34.jpg','{\"filename\":\"product-34.jpg\",\"url\":\"ecommerce\\/digital-product-files\\/product-34.jpg\",\"mime_type\":\"image\\/jpeg\",\"size\":9730,\"modified\":\"2025-08-02 09:15:45\",\"name\":\"product-34\",\"extension\":\"jpg\"}','2025-08-02 02:15:45','2025-08-02 02:15:45'),(24,94,'ecommerce/digital-product-files/product-66.jpg','{\"filename\":\"product-66.jpg\",\"url\":\"ecommerce\\/digital-product-files\\/product-66.jpg\",\"mime_type\":\"image\\/jpeg\",\"size\":9730,\"modified\":\"2025-08-02 09:15:45\",\"name\":\"product-66\",\"extension\":\"jpg\"}','2025-08-02 02:15:45','2025-08-02 02:15:45'),(25,94,'ecommerce/digital-product-files/product-64.jpg','{\"filename\":\"product-64.jpg\",\"url\":\"ecommerce\\/digital-product-files\\/product-64.jpg\",\"mime_type\":\"image\\/jpeg\",\"size\":9730,\"modified\":\"2025-08-02 09:15:45\",\"name\":\"product-64\",\"extension\":\"jpg\"}','2025-08-02 02:15:45','2025-08-02 02:15:45'),(26,94,'ecommerce/digital-product-files/product-53.jpg','{\"filename\":\"product-53.jpg\",\"url\":\"ecommerce\\/digital-product-files\\/product-53.jpg\",\"mime_type\":\"image\\/jpeg\",\"size\":9730,\"modified\":\"2025-08-02 09:15:45\",\"name\":\"product-53\",\"extension\":\"jpg\"}','2025-08-02 02:15:45','2025-08-02 02:15:45'),(27,94,'ecommerce/digital-product-files/product-94.jpg','{\"filename\":\"product-94.jpg\",\"url\":\"ecommerce\\/digital-product-files\\/product-94.jpg\",\"mime_type\":\"image\\/jpeg\",\"size\":9730,\"modified\":\"2025-08-02 09:15:45\",\"name\":\"product-94\",\"extension\":\"jpg\"}','2025-08-02 02:15:45','2025-08-02 02:15:45'),(28,94,'ecommerce/digital-product-files/product-39.jpg','{\"filename\":\"product-39.jpg\",\"url\":\"ecommerce\\/digital-product-files\\/product-39.jpg\",\"mime_type\":\"image\\/jpeg\",\"size\":9730,\"modified\":\"2025-08-02 09:15:45\",\"name\":\"product-39\",\"extension\":\"jpg\"}','2025-08-02 02:15:45','2025-08-02 02:15:45'),(29,101,'ecommerce/digital-product-files/product-71.jpg','{\"filename\":\"product-71.jpg\",\"url\":\"ecommerce\\/digital-product-files\\/product-71.jpg\",\"mime_type\":\"image\\/jpeg\",\"size\":9730,\"modified\":\"2025-08-02 09:15:45\",\"name\":\"product-71\",\"extension\":\"jpg\"}','2025-08-02 02:15:45','2025-08-02 02:15:45'),(30,101,'ecommerce/digital-product-files/product-70.jpg','{\"filename\":\"product-70.jpg\",\"url\":\"ecommerce\\/digital-product-files\\/product-70.jpg\",\"mime_type\":\"image\\/jpeg\",\"size\":9730,\"modified\":\"2025-08-02 09:15:45\",\"name\":\"product-70\",\"extension\":\"jpg\"}','2025-08-02 02:15:45','2025-08-02 02:15:45'),(31,101,'ecommerce/digital-product-files/product-88.jpg','{\"filename\":\"product-88.jpg\",\"url\":\"ecommerce\\/digital-product-files\\/product-88.jpg\",\"mime_type\":\"image\\/jpeg\",\"size\":9730,\"modified\":\"2025-08-02 09:15:45\",\"name\":\"product-88\",\"extension\":\"jpg\"}','2025-08-02 02:15:45','2025-08-02 02:15:45'),(32,101,'ecommerce/digital-product-files/product-56.jpg','{\"filename\":\"product-56.jpg\",\"url\":\"ecommerce\\/digital-product-files\\/product-56.jpg\",\"mime_type\":\"image\\/jpeg\",\"size\":9730,\"modified\":\"2025-08-02 09:15:45\",\"name\":\"product-56\",\"extension\":\"jpg\"}','2025-08-02 02:15:45','2025-08-02 02:15:45'),(33,101,'ecommerce/digital-product-files/product-83.jpg','{\"filename\":\"product-83.jpg\",\"url\":\"ecommerce\\/digital-product-files\\/product-83.jpg\",\"mime_type\":\"image\\/jpeg\",\"size\":9730,\"modified\":\"2025-08-02 09:15:45\",\"name\":\"product-83\",\"extension\":\"jpg\"}','2025-08-02 02:15:45','2025-08-02 02:15:45'),(34,109,'ecommerce/digital-product-files/product-53.jpg','{\"filename\":\"product-53.jpg\",\"url\":\"ecommerce\\/digital-product-files\\/product-53.jpg\",\"mime_type\":\"image\\/jpeg\",\"size\":9730,\"modified\":\"2025-08-02 09:15:45\",\"name\":\"product-53\",\"extension\":\"jpg\"}','2025-08-02 02:15:45','2025-08-02 02:15:45'),(35,109,'ecommerce/digital-product-files/product-54.jpg','{\"filename\":\"product-54.jpg\",\"url\":\"ecommerce\\/digital-product-files\\/product-54.jpg\",\"mime_type\":\"image\\/jpeg\",\"size\":9730,\"modified\":\"2025-08-02 09:15:45\",\"name\":\"product-54\",\"extension\":\"jpg\"}','2025-08-02 02:15:45','2025-08-02 02:15:45'),(36,109,'ecommerce/digital-product-files/product-52.jpg','{\"filename\":\"product-52.jpg\",\"url\":\"ecommerce\\/digital-product-files\\/product-52.jpg\",\"mime_type\":\"image\\/jpeg\",\"size\":9730,\"modified\":\"2025-08-02 09:15:45\",\"name\":\"product-52\",\"extension\":\"jpg\"}','2025-08-02 02:15:45','2025-08-02 02:15:45'),(37,109,'ecommerce/digital-product-files/product-17.jpg','{\"filename\":\"product-17.jpg\",\"url\":\"ecommerce\\/digital-product-files\\/product-17.jpg\",\"mime_type\":\"image\\/jpeg\",\"size\":9730,\"modified\":\"2025-08-02 09:15:45\",\"name\":\"product-17\",\"extension\":\"jpg\"}','2025-08-02 02:15:45','2025-08-02 02:15:45'),(38,109,'ecommerce/digital-product-files/product-73.jpg','{\"filename\":\"product-73.jpg\",\"url\":\"ecommerce\\/digital-product-files\\/product-73.jpg\",\"mime_type\":\"image\\/jpeg\",\"size\":9730,\"modified\":\"2025-08-02 09:15:45\",\"name\":\"product-73\",\"extension\":\"jpg\"}','2025-08-02 02:15:45','2025-08-02 02:15:45'),(39,110,'ecommerce/digital-product-files/product-53.jpg','{\"filename\":\"product-53.jpg\",\"url\":\"ecommerce\\/digital-product-files\\/product-53.jpg\",\"mime_type\":\"image\\/jpeg\",\"size\":9730,\"modified\":\"2025-08-02 09:15:45\",\"name\":\"product-53\",\"extension\":\"jpg\"}','2025-08-02 02:15:45','2025-08-02 02:15:45'),(40,110,'ecommerce/digital-product-files/product-54.jpg','{\"filename\":\"product-54.jpg\",\"url\":\"ecommerce\\/digital-product-files\\/product-54.jpg\",\"mime_type\":\"image\\/jpeg\",\"size\":9730,\"modified\":\"2025-08-02 09:15:45\",\"name\":\"product-54\",\"extension\":\"jpg\"}','2025-08-02 02:15:45','2025-08-02 02:15:45'),(41,110,'ecommerce/digital-product-files/product-52.jpg','{\"filename\":\"product-52.jpg\",\"url\":\"ecommerce\\/digital-product-files\\/product-52.jpg\",\"mime_type\":\"image\\/jpeg\",\"size\":9730,\"modified\":\"2025-08-02 09:15:45\",\"name\":\"product-52\",\"extension\":\"jpg\"}','2025-08-02 02:15:45','2025-08-02 02:15:45'),(42,110,'ecommerce/digital-product-files/product-17.jpg','{\"filename\":\"product-17.jpg\",\"url\":\"ecommerce\\/digital-product-files\\/product-17.jpg\",\"mime_type\":\"image\\/jpeg\",\"size\":9730,\"modified\":\"2025-08-02 09:15:45\",\"name\":\"product-17\",\"extension\":\"jpg\"}','2025-08-02 02:15:45','2025-08-02 02:15:45'),(43,110,'ecommerce/digital-product-files/product-73.jpg','{\"filename\":\"product-73.jpg\",\"url\":\"ecommerce\\/digital-product-files\\/product-73.jpg\",\"mime_type\":\"image\\/jpeg\",\"size\":9730,\"modified\":\"2025-08-02 09:15:45\",\"name\":\"product-73\",\"extension\":\"jpg\"}','2025-08-02 02:15:45','2025-08-02 02:15:45'),(44,121,'ecommerce/digital-product-files/product-56.jpg','{\"filename\":\"product-56.jpg\",\"url\":\"ecommerce\\/digital-product-files\\/product-56.jpg\",\"mime_type\":\"image\\/jpeg\",\"size\":9730,\"modified\":\"2025-08-02 09:15:45\",\"name\":\"product-56\",\"extension\":\"jpg\"}','2025-08-02 02:15:45','2025-08-02 02:15:45'),(45,121,'ecommerce/digital-product-files/product-73.jpg','{\"filename\":\"product-73.jpg\",\"url\":\"ecommerce\\/digital-product-files\\/product-73.jpg\",\"mime_type\":\"image\\/jpeg\",\"size\":9730,\"modified\":\"2025-08-02 09:15:45\",\"name\":\"product-73\",\"extension\":\"jpg\"}','2025-08-02 02:15:45','2025-08-02 02:15:45'),(46,121,'ecommerce/digital-product-files/product-88.jpg','{\"filename\":\"product-88.jpg\",\"url\":\"ecommerce\\/digital-product-files\\/product-88.jpg\",\"mime_type\":\"image\\/jpeg\",\"size\":9730,\"modified\":\"2025-08-02 09:15:45\",\"name\":\"product-88\",\"extension\":\"jpg\"}','2025-08-02 02:15:45','2025-08-02 02:15:45'),(47,121,'ecommerce/digital-product-files/product-47.jpg','{\"filename\":\"product-47.jpg\",\"url\":\"ecommerce\\/digital-product-files\\/product-47.jpg\",\"mime_type\":\"image\\/jpeg\",\"size\":9730,\"modified\":\"2025-08-02 09:15:45\",\"name\":\"product-47\",\"extension\":\"jpg\"}','2025-08-02 02:15:45','2025-08-02 02:15:45'),(48,121,'ecommerce/digital-product-files/product-22.jpg','{\"filename\":\"product-22.jpg\",\"url\":\"ecommerce\\/digital-product-files\\/product-22.jpg\",\"mime_type\":\"image\\/jpeg\",\"size\":9730,\"modified\":\"2025-08-02 09:15:45\",\"name\":\"product-22\",\"extension\":\"jpg\"}','2025-08-02 02:15:45','2025-08-02 02:15:45'),(49,121,'ecommerce/digital-product-files/product-23.jpg','{\"filename\":\"product-23.jpg\",\"url\":\"ecommerce\\/digital-product-files\\/product-23.jpg\",\"mime_type\":\"image\\/jpeg\",\"size\":9730,\"modified\":\"2025-08-02 09:15:45\",\"name\":\"product-23\",\"extension\":\"jpg\"}','2025-08-02 02:15:45','2025-08-02 02:15:45'),(50,121,'ecommerce/digital-product-files/product-31.jpg','{\"filename\":\"product-31.jpg\",\"url\":\"ecommerce\\/digital-product-files\\/product-31.jpg\",\"mime_type\":\"image\\/jpeg\",\"size\":9730,\"modified\":\"2025-08-02 09:15:45\",\"name\":\"product-31\",\"extension\":\"jpg\"}','2025-08-02 02:15:45','2025-08-02 02:15:45'),(51,121,'ecommerce/digital-product-files/product-87.jpg','{\"filename\":\"product-87.jpg\",\"url\":\"ecommerce\\/digital-product-files\\/product-87.jpg\",\"mime_type\":\"image\\/jpeg\",\"size\":9730,\"modified\":\"2025-08-02 09:15:45\",\"name\":\"product-87\",\"extension\":\"jpg\"}','2025-08-02 02:15:45','2025-08-02 02:15:45'),(52,121,'ecommerce/digital-product-files/product-27.jpg','{\"filename\":\"product-27.jpg\",\"url\":\"ecommerce\\/digital-product-files\\/product-27.jpg\",\"mime_type\":\"image\\/jpeg\",\"size\":9730,\"modified\":\"2025-08-02 09:15:45\",\"name\":\"product-27\",\"extension\":\"jpg\"}','2025-08-02 02:15:45','2025-08-02 02:15:45'),(53,122,'ecommerce/digital-product-files/product-56.jpg','{\"filename\":\"product-56.jpg\",\"url\":\"ecommerce\\/digital-product-files\\/product-56.jpg\",\"mime_type\":\"image\\/jpeg\",\"size\":9730,\"modified\":\"2025-08-02 09:15:45\",\"name\":\"product-56\",\"extension\":\"jpg\"}','2025-08-02 02:15:45','2025-08-02 02:15:45'),(54,122,'ecommerce/digital-product-files/product-73.jpg','{\"filename\":\"product-73.jpg\",\"url\":\"ecommerce\\/digital-product-files\\/product-73.jpg\",\"mime_type\":\"image\\/jpeg\",\"size\":9730,\"modified\":\"2025-08-02 09:15:45\",\"name\":\"product-73\",\"extension\":\"jpg\"}','2025-08-02 02:15:45','2025-08-02 02:15:45'),(55,122,'ecommerce/digital-product-files/product-88.jpg','{\"filename\":\"product-88.jpg\",\"url\":\"ecommerce\\/digital-product-files\\/product-88.jpg\",\"mime_type\":\"image\\/jpeg\",\"size\":9730,\"modified\":\"2025-08-02 09:15:45\",\"name\":\"product-88\",\"extension\":\"jpg\"}','2025-08-02 02:15:45','2025-08-02 02:15:45'),(56,122,'ecommerce/digital-product-files/product-47.jpg','{\"filename\":\"product-47.jpg\",\"url\":\"ecommerce\\/digital-product-files\\/product-47.jpg\",\"mime_type\":\"image\\/jpeg\",\"size\":9730,\"modified\":\"2025-08-02 09:15:45\",\"name\":\"product-47\",\"extension\":\"jpg\"}','2025-08-02 02:15:45','2025-08-02 02:15:45'),(57,122,'ecommerce/digital-product-files/product-22.jpg','{\"filename\":\"product-22.jpg\",\"url\":\"ecommerce\\/digital-product-files\\/product-22.jpg\",\"mime_type\":\"image\\/jpeg\",\"size\":9730,\"modified\":\"2025-08-02 09:15:45\",\"name\":\"product-22\",\"extension\":\"jpg\"}','2025-08-02 02:15:45','2025-08-02 02:15:45'),(58,122,'ecommerce/digital-product-files/product-23.jpg','{\"filename\":\"product-23.jpg\",\"url\":\"ecommerce\\/digital-product-files\\/product-23.jpg\",\"mime_type\":\"image\\/jpeg\",\"size\":9730,\"modified\":\"2025-08-02 09:15:45\",\"name\":\"product-23\",\"extension\":\"jpg\"}','2025-08-02 02:15:45','2025-08-02 02:15:45'),(59,122,'ecommerce/digital-product-files/product-31.jpg','{\"filename\":\"product-31.jpg\",\"url\":\"ecommerce\\/digital-product-files\\/product-31.jpg\",\"mime_type\":\"image\\/jpeg\",\"size\":9730,\"modified\":\"2025-08-02 09:15:45\",\"name\":\"product-31\",\"extension\":\"jpg\"}','2025-08-02 02:15:45','2025-08-02 02:15:45'),(60,122,'ecommerce/digital-product-files/product-87.jpg','{\"filename\":\"product-87.jpg\",\"url\":\"ecommerce\\/digital-product-files\\/product-87.jpg\",\"mime_type\":\"image\\/jpeg\",\"size\":9730,\"modified\":\"2025-08-02 09:15:45\",\"name\":\"product-87\",\"extension\":\"jpg\"}','2025-08-02 02:15:45','2025-08-02 02:15:45'),(61,122,'ecommerce/digital-product-files/product-27.jpg','{\"filename\":\"product-27.jpg\",\"url\":\"ecommerce\\/digital-product-files\\/product-27.jpg\",\"mime_type\":\"image\\/jpeg\",\"size\":9730,\"modified\":\"2025-08-02 09:15:45\",\"name\":\"product-27\",\"extension\":\"jpg\"}','2025-08-02 02:15:45','2025-08-02 02:15:45'),(62,123,'ecommerce/digital-product-files/product-56.jpg','{\"filename\":\"product-56.jpg\",\"url\":\"ecommerce\\/digital-product-files\\/product-56.jpg\",\"mime_type\":\"image\\/jpeg\",\"size\":9730,\"modified\":\"2025-08-02 09:15:45\",\"name\":\"product-56\",\"extension\":\"jpg\"}','2025-08-02 02:15:45','2025-08-02 02:15:45'),(63,123,'ecommerce/digital-product-files/product-73.jpg','{\"filename\":\"product-73.jpg\",\"url\":\"ecommerce\\/digital-product-files\\/product-73.jpg\",\"mime_type\":\"image\\/jpeg\",\"size\":9730,\"modified\":\"2025-08-02 09:15:45\",\"name\":\"product-73\",\"extension\":\"jpg\"}','2025-08-02 02:15:45','2025-08-02 02:15:45'),(64,123,'ecommerce/digital-product-files/product-88.jpg','{\"filename\":\"product-88.jpg\",\"url\":\"ecommerce\\/digital-product-files\\/product-88.jpg\",\"mime_type\":\"image\\/jpeg\",\"size\":9730,\"modified\":\"2025-08-02 09:15:45\",\"name\":\"product-88\",\"extension\":\"jpg\"}','2025-08-02 02:15:45','2025-08-02 02:15:45'),(65,123,'ecommerce/digital-product-files/product-47.jpg','{\"filename\":\"product-47.jpg\",\"url\":\"ecommerce\\/digital-product-files\\/product-47.jpg\",\"mime_type\":\"image\\/jpeg\",\"size\":9730,\"modified\":\"2025-08-02 09:15:45\",\"name\":\"product-47\",\"extension\":\"jpg\"}','2025-08-02 02:15:45','2025-08-02 02:15:45'),(66,123,'ecommerce/digital-product-files/product-22.jpg','{\"filename\":\"product-22.jpg\",\"url\":\"ecommerce\\/digital-product-files\\/product-22.jpg\",\"mime_type\":\"image\\/jpeg\",\"size\":9730,\"modified\":\"2025-08-02 09:15:45\",\"name\":\"product-22\",\"extension\":\"jpg\"}','2025-08-02 02:15:45','2025-08-02 02:15:45'),(67,123,'ecommerce/digital-product-files/product-23.jpg','{\"filename\":\"product-23.jpg\",\"url\":\"ecommerce\\/digital-product-files\\/product-23.jpg\",\"mime_type\":\"image\\/jpeg\",\"size\":9730,\"modified\":\"2025-08-02 09:15:45\",\"name\":\"product-23\",\"extension\":\"jpg\"}','2025-08-02 02:15:45','2025-08-02 02:15:45'),(68,123,'ecommerce/digital-product-files/product-31.jpg','{\"filename\":\"product-31.jpg\",\"url\":\"ecommerce\\/digital-product-files\\/product-31.jpg\",\"mime_type\":\"image\\/jpeg\",\"size\":9730,\"modified\":\"2025-08-02 09:15:45\",\"name\":\"product-31\",\"extension\":\"jpg\"}','2025-08-02 02:15:45','2025-08-02 02:15:45'),(69,123,'ecommerce/digital-product-files/product-87.jpg','{\"filename\":\"product-87.jpg\",\"url\":\"ecommerce\\/digital-product-files\\/product-87.jpg\",\"mime_type\":\"image\\/jpeg\",\"size\":9730,\"modified\":\"2025-08-02 09:15:45\",\"name\":\"product-87\",\"extension\":\"jpg\"}','2025-08-02 02:15:45','2025-08-02 02:15:45'),(70,123,'ecommerce/digital-product-files/product-27.jpg','{\"filename\":\"product-27.jpg\",\"url\":\"ecommerce\\/digital-product-files\\/product-27.jpg\",\"mime_type\":\"image\\/jpeg\",\"size\":9730,\"modified\":\"2025-08-02 09:15:45\",\"name\":\"product-27\",\"extension\":\"jpg\"}','2025-08-02 02:15:45','2025-08-02 02:15:45'),(71,124,'ecommerce/digital-product-files/product-56.jpg','{\"filename\":\"product-56.jpg\",\"url\":\"ecommerce\\/digital-product-files\\/product-56.jpg\",\"mime_type\":\"image\\/jpeg\",\"size\":9730,\"modified\":\"2025-08-02 09:15:45\",\"name\":\"product-56\",\"extension\":\"jpg\"}','2025-08-02 02:15:45','2025-08-02 02:15:45'),(72,124,'ecommerce/digital-product-files/product-73.jpg','{\"filename\":\"product-73.jpg\",\"url\":\"ecommerce\\/digital-product-files\\/product-73.jpg\",\"mime_type\":\"image\\/jpeg\",\"size\":9730,\"modified\":\"2025-08-02 09:15:45\",\"name\":\"product-73\",\"extension\":\"jpg\"}','2025-08-02 02:15:45','2025-08-02 02:15:45'),(73,124,'ecommerce/digital-product-files/product-88.jpg','{\"filename\":\"product-88.jpg\",\"url\":\"ecommerce\\/digital-product-files\\/product-88.jpg\",\"mime_type\":\"image\\/jpeg\",\"size\":9730,\"modified\":\"2025-08-02 09:15:45\",\"name\":\"product-88\",\"extension\":\"jpg\"}','2025-08-02 02:15:45','2025-08-02 02:15:45'),(74,124,'ecommerce/digital-product-files/product-47.jpg','{\"filename\":\"product-47.jpg\",\"url\":\"ecommerce\\/digital-product-files\\/product-47.jpg\",\"mime_type\":\"image\\/jpeg\",\"size\":9730,\"modified\":\"2025-08-02 09:15:45\",\"name\":\"product-47\",\"extension\":\"jpg\"}','2025-08-02 02:15:45','2025-08-02 02:15:45'),(75,124,'ecommerce/digital-product-files/product-22.jpg','{\"filename\":\"product-22.jpg\",\"url\":\"ecommerce\\/digital-product-files\\/product-22.jpg\",\"mime_type\":\"image\\/jpeg\",\"size\":9730,\"modified\":\"2025-08-02 09:15:45\",\"name\":\"product-22\",\"extension\":\"jpg\"}','2025-08-02 02:15:45','2025-08-02 02:15:45'),(76,124,'ecommerce/digital-product-files/product-23.jpg','{\"filename\":\"product-23.jpg\",\"url\":\"ecommerce\\/digital-product-files\\/product-23.jpg\",\"mime_type\":\"image\\/jpeg\",\"size\":9730,\"modified\":\"2025-08-02 09:15:45\",\"name\":\"product-23\",\"extension\":\"jpg\"}','2025-08-02 02:15:45','2025-08-02 02:15:45'),(77,124,'ecommerce/digital-product-files/product-31.jpg','{\"filename\":\"product-31.jpg\",\"url\":\"ecommerce\\/digital-product-files\\/product-31.jpg\",\"mime_type\":\"image\\/jpeg\",\"size\":9730,\"modified\":\"2025-08-02 09:15:45\",\"name\":\"product-31\",\"extension\":\"jpg\"}','2025-08-02 02:15:45','2025-08-02 02:15:45'),(78,124,'ecommerce/digital-product-files/product-87.jpg','{\"filename\":\"product-87.jpg\",\"url\":\"ecommerce\\/digital-product-files\\/product-87.jpg\",\"mime_type\":\"image\\/jpeg\",\"size\":9730,\"modified\":\"2025-08-02 09:15:45\",\"name\":\"product-87\",\"extension\":\"jpg\"}','2025-08-02 02:15:45','2025-08-02 02:15:45'),(79,124,'ecommerce/digital-product-files/product-27.jpg','{\"filename\":\"product-27.jpg\",\"url\":\"ecommerce\\/digital-product-files\\/product-27.jpg\",\"mime_type\":\"image\\/jpeg\",\"size\":9730,\"modified\":\"2025-08-02 09:15:45\",\"name\":\"product-27\",\"extension\":\"jpg\"}','2025-08-02 02:15:45','2025-08-02 02:15:45'),(80,132,'ecommerce/digital-product-files/product-83.jpg','{\"filename\":\"product-83.jpg\",\"url\":\"ecommerce\\/digital-product-files\\/product-83.jpg\",\"mime_type\":\"image\\/jpeg\",\"size\":9730,\"modified\":\"2025-08-02 09:15:45\",\"name\":\"product-83\",\"extension\":\"jpg\"}','2025-08-02 02:15:45','2025-08-02 02:15:45'),(81,132,'ecommerce/digital-product-files/product-39.jpg','{\"filename\":\"product-39.jpg\",\"url\":\"ecommerce\\/digital-product-files\\/product-39.jpg\",\"mime_type\":\"image\\/jpeg\",\"size\":9730,\"modified\":\"2025-08-02 09:15:45\",\"name\":\"product-39\",\"extension\":\"jpg\"}','2025-08-02 02:15:45','2025-08-02 02:15:45'),(82,132,'ecommerce/digital-product-files/product-74.jpg','{\"filename\":\"product-74.jpg\",\"url\":\"ecommerce\\/digital-product-files\\/product-74.jpg\",\"mime_type\":\"image\\/jpeg\",\"size\":9730,\"modified\":\"2025-08-02 09:15:45\",\"name\":\"product-74\",\"extension\":\"jpg\"}','2025-08-02 02:15:45','2025-08-02 02:15:45'),(83,132,'ecommerce/digital-product-files/product-49.jpg','{\"filename\":\"product-49.jpg\",\"url\":\"ecommerce\\/digital-product-files\\/product-49.jpg\",\"mime_type\":\"image\\/jpeg\",\"size\":9730,\"modified\":\"2025-08-02 09:15:45\",\"name\":\"product-49\",\"extension\":\"jpg\"}','2025-08-02 02:15:45','2025-08-02 02:15:45'),(84,132,'ecommerce/digital-product-files/product-92.jpg','{\"filename\":\"product-92.jpg\",\"url\":\"ecommerce\\/digital-product-files\\/product-92.jpg\",\"mime_type\":\"image\\/jpeg\",\"size\":9730,\"modified\":\"2025-08-02 09:15:45\",\"name\":\"product-92\",\"extension\":\"jpg\"}','2025-08-02 02:15:45','2025-08-02 02:15:45'),(85,132,'ecommerce/digital-product-files/product-33.jpg','{\"filename\":\"product-33.jpg\",\"url\":\"ecommerce\\/digital-product-files\\/product-33.jpg\",\"mime_type\":\"image\\/jpeg\",\"size\":9730,\"modified\":\"2025-08-02 09:15:45\",\"name\":\"product-33\",\"extension\":\"jpg\"}','2025-08-02 02:15:45','2025-08-02 02:15:45'),(86,132,'ecommerce/digital-product-files/product-86.jpg','{\"filename\":\"product-86.jpg\",\"url\":\"ecommerce\\/digital-product-files\\/product-86.jpg\",\"mime_type\":\"image\\/jpeg\",\"size\":9730,\"modified\":\"2025-08-02 09:15:45\",\"name\":\"product-86\",\"extension\":\"jpg\"}','2025-08-02 02:15:45','2025-08-02 02:15:45'),(87,132,'ecommerce/digital-product-files/product-40.jpg','{\"filename\":\"product-40.jpg\",\"url\":\"ecommerce\\/digital-product-files\\/product-40.jpg\",\"mime_type\":\"image\\/jpeg\",\"size\":9730,\"modified\":\"2025-08-02 09:15:45\",\"name\":\"product-40\",\"extension\":\"jpg\"}','2025-08-02 02:15:45','2025-08-02 02:15:45'),(88,132,'ecommerce/digital-product-files/product-2.jpg','{\"filename\":\"product-2.jpg\",\"url\":\"ecommerce\\/digital-product-files\\/product-2.jpg\",\"mime_type\":\"image\\/jpeg\",\"size\":9730,\"modified\":\"2025-08-02 09:15:45\",\"name\":\"product-2\",\"extension\":\"jpg\"}','2025-08-02 02:15:45','2025-08-02 02:15:45'),(89,133,'ecommerce/digital-product-files/product-83.jpg','{\"filename\":\"product-83.jpg\",\"url\":\"ecommerce\\/digital-product-files\\/product-83.jpg\",\"mime_type\":\"image\\/jpeg\",\"size\":9730,\"modified\":\"2025-08-02 09:15:45\",\"name\":\"product-83\",\"extension\":\"jpg\"}','2025-08-02 02:15:45','2025-08-02 02:15:45'),(90,133,'ecommerce/digital-product-files/product-39.jpg','{\"filename\":\"product-39.jpg\",\"url\":\"ecommerce\\/digital-product-files\\/product-39.jpg\",\"mime_type\":\"image\\/jpeg\",\"size\":9730,\"modified\":\"2025-08-02 09:15:45\",\"name\":\"product-39\",\"extension\":\"jpg\"}','2025-08-02 02:15:45','2025-08-02 02:15:45'),(91,133,'ecommerce/digital-product-files/product-74.jpg','{\"filename\":\"product-74.jpg\",\"url\":\"ecommerce\\/digital-product-files\\/product-74.jpg\",\"mime_type\":\"image\\/jpeg\",\"size\":9730,\"modified\":\"2025-08-02 09:15:45\",\"name\":\"product-74\",\"extension\":\"jpg\"}','2025-08-02 02:15:45','2025-08-02 02:15:45'),(92,133,'ecommerce/digital-product-files/product-49.jpg','{\"filename\":\"product-49.jpg\",\"url\":\"ecommerce\\/digital-product-files\\/product-49.jpg\",\"mime_type\":\"image\\/jpeg\",\"size\":9730,\"modified\":\"2025-08-02 09:15:45\",\"name\":\"product-49\",\"extension\":\"jpg\"}','2025-08-02 02:15:45','2025-08-02 02:15:45'),(93,133,'ecommerce/digital-product-files/product-92.jpg','{\"filename\":\"product-92.jpg\",\"url\":\"ecommerce\\/digital-product-files\\/product-92.jpg\",\"mime_type\":\"image\\/jpeg\",\"size\":9730,\"modified\":\"2025-08-02 09:15:45\",\"name\":\"product-92\",\"extension\":\"jpg\"}','2025-08-02 02:15:45','2025-08-02 02:15:45'),(94,133,'ecommerce/digital-product-files/product-33.jpg','{\"filename\":\"product-33.jpg\",\"url\":\"ecommerce\\/digital-product-files\\/product-33.jpg\",\"mime_type\":\"image\\/jpeg\",\"size\":9730,\"modified\":\"2025-08-02 09:15:45\",\"name\":\"product-33\",\"extension\":\"jpg\"}','2025-08-02 02:15:45','2025-08-02 02:15:45'),(95,133,'ecommerce/digital-product-files/product-86.jpg','{\"filename\":\"product-86.jpg\",\"url\":\"ecommerce\\/digital-product-files\\/product-86.jpg\",\"mime_type\":\"image\\/jpeg\",\"size\":9730,\"modified\":\"2025-08-02 09:15:45\",\"name\":\"product-86\",\"extension\":\"jpg\"}','2025-08-02 02:15:45','2025-08-02 02:15:45'),(96,133,'ecommerce/digital-product-files/product-40.jpg','{\"filename\":\"product-40.jpg\",\"url\":\"ecommerce\\/digital-product-files\\/product-40.jpg\",\"mime_type\":\"image\\/jpeg\",\"size\":9730,\"modified\":\"2025-08-02 09:15:45\",\"name\":\"product-40\",\"extension\":\"jpg\"}','2025-08-02 02:15:45','2025-08-02 02:15:45'),(97,133,'ecommerce/digital-product-files/product-2.jpg','{\"filename\":\"product-2.jpg\",\"url\":\"ecommerce\\/digital-product-files\\/product-2.jpg\",\"mime_type\":\"image\\/jpeg\",\"size\":9730,\"modified\":\"2025-08-02 09:15:45\",\"name\":\"product-2\",\"extension\":\"jpg\"}','2025-08-02 02:15:45','2025-08-02 02:15:45'),(98,134,'ecommerce/digital-product-files/product-83.jpg','{\"filename\":\"product-83.jpg\",\"url\":\"ecommerce\\/digital-product-files\\/product-83.jpg\",\"mime_type\":\"image\\/jpeg\",\"size\":9730,\"modified\":\"2025-08-02 09:15:45\",\"name\":\"product-83\",\"extension\":\"jpg\"}','2025-08-02 02:15:45','2025-08-02 02:15:45'),(99,134,'ecommerce/digital-product-files/product-39.jpg','{\"filename\":\"product-39.jpg\",\"url\":\"ecommerce\\/digital-product-files\\/product-39.jpg\",\"mime_type\":\"image\\/jpeg\",\"size\":9730,\"modified\":\"2025-08-02 09:15:45\",\"name\":\"product-39\",\"extension\":\"jpg\"}','2025-08-02 02:15:45','2025-08-02 02:15:45'),(100,134,'ecommerce/digital-product-files/product-74.jpg','{\"filename\":\"product-74.jpg\",\"url\":\"ecommerce\\/digital-product-files\\/product-74.jpg\",\"mime_type\":\"image\\/jpeg\",\"size\":9730,\"modified\":\"2025-08-02 09:15:45\",\"name\":\"product-74\",\"extension\":\"jpg\"}','2025-08-02 02:15:45','2025-08-02 02:15:45'),(101,134,'ecommerce/digital-product-files/product-49.jpg','{\"filename\":\"product-49.jpg\",\"url\":\"ecommerce\\/digital-product-files\\/product-49.jpg\",\"mime_type\":\"image\\/jpeg\",\"size\":9730,\"modified\":\"2025-08-02 09:15:45\",\"name\":\"product-49\",\"extension\":\"jpg\"}','2025-08-02 02:15:45','2025-08-02 02:15:45'),(102,134,'ecommerce/digital-product-files/product-92.jpg','{\"filename\":\"product-92.jpg\",\"url\":\"ecommerce\\/digital-product-files\\/product-92.jpg\",\"mime_type\":\"image\\/jpeg\",\"size\":9730,\"modified\":\"2025-08-02 09:15:45\",\"name\":\"product-92\",\"extension\":\"jpg\"}','2025-08-02 02:15:45','2025-08-02 02:15:45'),(103,134,'ecommerce/digital-product-files/product-33.jpg','{\"filename\":\"product-33.jpg\",\"url\":\"ecommerce\\/digital-product-files\\/product-33.jpg\",\"mime_type\":\"image\\/jpeg\",\"size\":9730,\"modified\":\"2025-08-02 09:15:45\",\"name\":\"product-33\",\"extension\":\"jpg\"}','2025-08-02 02:15:45','2025-08-02 02:15:45'),(104,134,'ecommerce/digital-product-files/product-86.jpg','{\"filename\":\"product-86.jpg\",\"url\":\"ecommerce\\/digital-product-files\\/product-86.jpg\",\"mime_type\":\"image\\/jpeg\",\"size\":9730,\"modified\":\"2025-08-02 09:15:45\",\"name\":\"product-86\",\"extension\":\"jpg\"}','2025-08-02 02:15:45','2025-08-02 02:15:45'),(105,134,'ecommerce/digital-product-files/product-40.jpg','{\"filename\":\"product-40.jpg\",\"url\":\"ecommerce\\/digital-product-files\\/product-40.jpg\",\"mime_type\":\"image\\/jpeg\",\"size\":9730,\"modified\":\"2025-08-02 09:15:45\",\"name\":\"product-40\",\"extension\":\"jpg\"}','2025-08-02 02:15:45','2025-08-02 02:15:45'),(106,134,'ecommerce/digital-product-files/product-2.jpg','{\"filename\":\"product-2.jpg\",\"url\":\"ecommerce\\/digital-product-files\\/product-2.jpg\",\"mime_type\":\"image\\/jpeg\",\"size\":9730,\"modified\":\"2025-08-02 09:15:45\",\"name\":\"product-2\",\"extension\":\"jpg\"}','2025-08-02 02:15:45','2025-08-02 02:15:45'),(107,135,'ecommerce/digital-product-files/product-83.jpg','{\"filename\":\"product-83.jpg\",\"url\":\"ecommerce\\/digital-product-files\\/product-83.jpg\",\"mime_type\":\"image\\/jpeg\",\"size\":9730,\"modified\":\"2025-08-02 09:15:45\",\"name\":\"product-83\",\"extension\":\"jpg\"}','2025-08-02 02:15:45','2025-08-02 02:15:45'),(108,135,'ecommerce/digital-product-files/product-39.jpg','{\"filename\":\"product-39.jpg\",\"url\":\"ecommerce\\/digital-product-files\\/product-39.jpg\",\"mime_type\":\"image\\/jpeg\",\"size\":9730,\"modified\":\"2025-08-02 09:15:45\",\"name\":\"product-39\",\"extension\":\"jpg\"}','2025-08-02 02:15:45','2025-08-02 02:15:45'),(109,135,'ecommerce/digital-product-files/product-74.jpg','{\"filename\":\"product-74.jpg\",\"url\":\"ecommerce\\/digital-product-files\\/product-74.jpg\",\"mime_type\":\"image\\/jpeg\",\"size\":9730,\"modified\":\"2025-08-02 09:15:45\",\"name\":\"product-74\",\"extension\":\"jpg\"}','2025-08-02 02:15:45','2025-08-02 02:15:45'),(110,135,'ecommerce/digital-product-files/product-49.jpg','{\"filename\":\"product-49.jpg\",\"url\":\"ecommerce\\/digital-product-files\\/product-49.jpg\",\"mime_type\":\"image\\/jpeg\",\"size\":9730,\"modified\":\"2025-08-02 09:15:45\",\"name\":\"product-49\",\"extension\":\"jpg\"}','2025-08-02 02:15:45','2025-08-02 02:15:45'),(111,135,'ecommerce/digital-product-files/product-92.jpg','{\"filename\":\"product-92.jpg\",\"url\":\"ecommerce\\/digital-product-files\\/product-92.jpg\",\"mime_type\":\"image\\/jpeg\",\"size\":9730,\"modified\":\"2025-08-02 09:15:45\",\"name\":\"product-92\",\"extension\":\"jpg\"}','2025-08-02 02:15:45','2025-08-02 02:15:45'),(112,135,'ecommerce/digital-product-files/product-33.jpg','{\"filename\":\"product-33.jpg\",\"url\":\"ecommerce\\/digital-product-files\\/product-33.jpg\",\"mime_type\":\"image\\/jpeg\",\"size\":9730,\"modified\":\"2025-08-02 09:15:45\",\"name\":\"product-33\",\"extension\":\"jpg\"}','2025-08-02 02:15:45','2025-08-02 02:15:45'),(113,135,'ecommerce/digital-product-files/product-86.jpg','{\"filename\":\"product-86.jpg\",\"url\":\"ecommerce\\/digital-product-files\\/product-86.jpg\",\"mime_type\":\"image\\/jpeg\",\"size\":9730,\"modified\":\"2025-08-02 09:15:45\",\"name\":\"product-86\",\"extension\":\"jpg\"}','2025-08-02 02:15:45','2025-08-02 02:15:45'),(114,135,'ecommerce/digital-product-files/product-40.jpg','{\"filename\":\"product-40.jpg\",\"url\":\"ecommerce\\/digital-product-files\\/product-40.jpg\",\"mime_type\":\"image\\/jpeg\",\"size\":9730,\"modified\":\"2025-08-02 09:15:45\",\"name\":\"product-40\",\"extension\":\"jpg\"}','2025-08-02 02:15:45','2025-08-02 02:15:45'),(115,135,'ecommerce/digital-product-files/product-2.jpg','{\"filename\":\"product-2.jpg\",\"url\":\"ecommerce\\/digital-product-files\\/product-2.jpg\",\"mime_type\":\"image\\/jpeg\",\"size\":9730,\"modified\":\"2025-08-02 09:15:45\",\"name\":\"product-2\",\"extension\":\"jpg\"}','2025-08-02 02:15:45','2025-08-02 02:15:45'),(116,145,'ecommerce/digital-product-files/product-59.jpg','{\"filename\":\"product-59.jpg\",\"url\":\"ecommerce\\/digital-product-files\\/product-59.jpg\",\"mime_type\":\"image\\/jpeg\",\"size\":9730,\"modified\":\"2025-08-02 09:15:45\",\"name\":\"product-59\",\"extension\":\"jpg\"}','2025-08-02 02:15:45','2025-08-02 02:15:45'),(117,145,'ecommerce/digital-product-files/product-68.jpg','{\"filename\":\"product-68.jpg\",\"url\":\"ecommerce\\/digital-product-files\\/product-68.jpg\",\"mime_type\":\"image\\/jpeg\",\"size\":9730,\"modified\":\"2025-08-02 09:15:45\",\"name\":\"product-68\",\"extension\":\"jpg\"}','2025-08-02 02:15:45','2025-08-02 02:15:45'),(118,145,'ecommerce/digital-product-files/product-90.jpg','{\"filename\":\"product-90.jpg\",\"url\":\"ecommerce\\/digital-product-files\\/product-90.jpg\",\"mime_type\":\"image\\/jpeg\",\"size\":9730,\"modified\":\"2025-08-02 09:15:45\",\"name\":\"product-90\",\"extension\":\"jpg\"}','2025-08-02 02:15:45','2025-08-02 02:15:45'),(119,145,'ecommerce/digital-product-files/product-36.jpg','{\"filename\":\"product-36.jpg\",\"url\":\"ecommerce\\/digital-product-files\\/product-36.jpg\",\"mime_type\":\"image\\/jpeg\",\"size\":9730,\"modified\":\"2025-08-02 09:15:45\",\"name\":\"product-36\",\"extension\":\"jpg\"}','2025-08-02 02:15:45','2025-08-02 02:15:45'),(120,145,'ecommerce/digital-product-files/product-64.jpg','{\"filename\":\"product-64.jpg\",\"url\":\"ecommerce\\/digital-product-files\\/product-64.jpg\",\"mime_type\":\"image\\/jpeg\",\"size\":9730,\"modified\":\"2025-08-02 09:15:45\",\"name\":\"product-64\",\"extension\":\"jpg\"}','2025-08-02 02:15:45','2025-08-02 02:15:45'),(121,145,'ecommerce/digital-product-files/product-83.jpg','{\"filename\":\"product-83.jpg\",\"url\":\"ecommerce\\/digital-product-files\\/product-83.jpg\",\"mime_type\":\"image\\/jpeg\",\"size\":9730,\"modified\":\"2025-08-02 09:15:45\",\"name\":\"product-83\",\"extension\":\"jpg\"}','2025-08-02 02:15:45','2025-08-02 02:15:45'),(122,145,'ecommerce/digital-product-files/product-52.jpg','{\"filename\":\"product-52.jpg\",\"url\":\"ecommerce\\/digital-product-files\\/product-52.jpg\",\"mime_type\":\"image\\/jpeg\",\"size\":9730,\"modified\":\"2025-08-02 09:15:45\",\"name\":\"product-52\",\"extension\":\"jpg\"}','2025-08-02 02:15:45','2025-08-02 02:15:45'),(123,145,'ecommerce/digital-product-files/product-3.jpg','{\"filename\":\"product-3.jpg\",\"url\":\"ecommerce\\/digital-product-files\\/product-3.jpg\",\"mime_type\":\"image\\/jpeg\",\"size\":9730,\"modified\":\"2025-08-02 09:15:45\",\"name\":\"product-3\",\"extension\":\"jpg\"}','2025-08-02 02:15:45','2025-08-02 02:15:45'),(124,145,'ecommerce/digital-product-files/product-70.jpg','{\"filename\":\"product-70.jpg\",\"url\":\"ecommerce\\/digital-product-files\\/product-70.jpg\",\"mime_type\":\"image\\/jpeg\",\"size\":9730,\"modified\":\"2025-08-02 09:15:45\",\"name\":\"product-70\",\"extension\":\"jpg\"}','2025-08-02 02:15:45','2025-08-02 02:15:45'),(125,154,'ecommerce/digital-product-files/product-83.jpg','{\"filename\":\"product-83.jpg\",\"url\":\"ecommerce\\/digital-product-files\\/product-83.jpg\",\"mime_type\":\"image\\/jpeg\",\"size\":9730,\"modified\":\"2025-08-02 09:15:45\",\"name\":\"product-83\",\"extension\":\"jpg\"}','2025-08-02 02:15:45','2025-08-02 02:15:45'),(126,154,'ecommerce/digital-product-files/product-66.jpg','{\"filename\":\"product-66.jpg\",\"url\":\"ecommerce\\/digital-product-files\\/product-66.jpg\",\"mime_type\":\"image\\/jpeg\",\"size\":9730,\"modified\":\"2025-08-02 09:15:45\",\"name\":\"product-66\",\"extension\":\"jpg\"}','2025-08-02 02:15:45','2025-08-02 02:15:45'),(127,154,'ecommerce/digital-product-files/product-85.jpg','{\"filename\":\"product-85.jpg\",\"url\":\"ecommerce\\/digital-product-files\\/product-85.jpg\",\"mime_type\":\"image\\/jpeg\",\"size\":9730,\"modified\":\"2025-08-02 09:15:45\",\"name\":\"product-85\",\"extension\":\"jpg\"}','2025-08-02 02:15:45','2025-08-02 02:15:45'),(128,154,'ecommerce/digital-product-files/product-27.jpg','{\"filename\":\"product-27.jpg\",\"url\":\"ecommerce\\/digital-product-files\\/product-27.jpg\",\"mime_type\":\"image\\/jpeg\",\"size\":9730,\"modified\":\"2025-08-02 09:15:45\",\"name\":\"product-27\",\"extension\":\"jpg\"}','2025-08-02 02:15:45','2025-08-02 02:15:45'),(129,154,'ecommerce/digital-product-files/product-52.jpg','{\"filename\":\"product-52.jpg\",\"url\":\"ecommerce\\/digital-product-files\\/product-52.jpg\",\"mime_type\":\"image\\/jpeg\",\"size\":9730,\"modified\":\"2025-08-02 09:15:45\",\"name\":\"product-52\",\"extension\":\"jpg\"}','2025-08-02 02:15:45','2025-08-02 02:15:45'),(130,154,'ecommerce/digital-product-files/product-44.jpg','{\"filename\":\"product-44.jpg\",\"url\":\"ecommerce\\/digital-product-files\\/product-44.jpg\",\"mime_type\":\"image\\/jpeg\",\"size\":9730,\"modified\":\"2025-08-02 09:15:45\",\"name\":\"product-44\",\"extension\":\"jpg\"}','2025-08-02 02:15:45','2025-08-02 02:15:45'),(131,155,'ecommerce/digital-product-files/product-83.jpg','{\"filename\":\"product-83.jpg\",\"url\":\"ecommerce\\/digital-product-files\\/product-83.jpg\",\"mime_type\":\"image\\/jpeg\",\"size\":9730,\"modified\":\"2025-08-02 09:15:45\",\"name\":\"product-83\",\"extension\":\"jpg\"}','2025-08-02 02:15:45','2025-08-02 02:15:45'),(132,155,'ecommerce/digital-product-files/product-66.jpg','{\"filename\":\"product-66.jpg\",\"url\":\"ecommerce\\/digital-product-files\\/product-66.jpg\",\"mime_type\":\"image\\/jpeg\",\"size\":9730,\"modified\":\"2025-08-02 09:15:45\",\"name\":\"product-66\",\"extension\":\"jpg\"}','2025-08-02 02:15:45','2025-08-02 02:15:45'),(133,155,'ecommerce/digital-product-files/product-85.jpg','{\"filename\":\"product-85.jpg\",\"url\":\"ecommerce\\/digital-product-files\\/product-85.jpg\",\"mime_type\":\"image\\/jpeg\",\"size\":9730,\"modified\":\"2025-08-02 09:15:45\",\"name\":\"product-85\",\"extension\":\"jpg\"}','2025-08-02 02:15:45','2025-08-02 02:15:45'),(134,155,'ecommerce/digital-product-files/product-27.jpg','{\"filename\":\"product-27.jpg\",\"url\":\"ecommerce\\/digital-product-files\\/product-27.jpg\",\"mime_type\":\"image\\/jpeg\",\"size\":9730,\"modified\":\"2025-08-02 09:15:45\",\"name\":\"product-27\",\"extension\":\"jpg\"}','2025-08-02 02:15:45','2025-08-02 02:15:45'),(135,155,'ecommerce/digital-product-files/product-52.jpg','{\"filename\":\"product-52.jpg\",\"url\":\"ecommerce\\/digital-product-files\\/product-52.jpg\",\"mime_type\":\"image\\/jpeg\",\"size\":9730,\"modified\":\"2025-08-02 09:15:45\",\"name\":\"product-52\",\"extension\":\"jpg\"}','2025-08-02 02:15:45','2025-08-02 02:15:45'),(136,155,'ecommerce/digital-product-files/product-44.jpg','{\"filename\":\"product-44.jpg\",\"url\":\"ecommerce\\/digital-product-files\\/product-44.jpg\",\"mime_type\":\"image\\/jpeg\",\"size\":9730,\"modified\":\"2025-08-02 09:15:45\",\"name\":\"product-44\",\"extension\":\"jpg\"}','2025-08-02 02:15:45','2025-08-02 02:15:45'),(137,156,'ecommerce/digital-product-files/product-83.jpg','{\"filename\":\"product-83.jpg\",\"url\":\"ecommerce\\/digital-product-files\\/product-83.jpg\",\"mime_type\":\"image\\/jpeg\",\"size\":9730,\"modified\":\"2025-08-02 09:15:45\",\"name\":\"product-83\",\"extension\":\"jpg\"}','2025-08-02 02:15:45','2025-08-02 02:15:45'),(138,156,'ecommerce/digital-product-files/product-66.jpg','{\"filename\":\"product-66.jpg\",\"url\":\"ecommerce\\/digital-product-files\\/product-66.jpg\",\"mime_type\":\"image\\/jpeg\",\"size\":9730,\"modified\":\"2025-08-02 09:15:45\",\"name\":\"product-66\",\"extension\":\"jpg\"}','2025-08-02 02:15:45','2025-08-02 02:15:45'),(139,156,'ecommerce/digital-product-files/product-85.jpg','{\"filename\":\"product-85.jpg\",\"url\":\"ecommerce\\/digital-product-files\\/product-85.jpg\",\"mime_type\":\"image\\/jpeg\",\"size\":9730,\"modified\":\"2025-08-02 09:15:45\",\"name\":\"product-85\",\"extension\":\"jpg\"}','2025-08-02 02:15:45','2025-08-02 02:15:45'),(140,156,'ecommerce/digital-product-files/product-27.jpg','{\"filename\":\"product-27.jpg\",\"url\":\"ecommerce\\/digital-product-files\\/product-27.jpg\",\"mime_type\":\"image\\/jpeg\",\"size\":9730,\"modified\":\"2025-08-02 09:15:45\",\"name\":\"product-27\",\"extension\":\"jpg\"}','2025-08-02 02:15:45','2025-08-02 02:15:45'),(141,156,'ecommerce/digital-product-files/product-52.jpg','{\"filename\":\"product-52.jpg\",\"url\":\"ecommerce\\/digital-product-files\\/product-52.jpg\",\"mime_type\":\"image\\/jpeg\",\"size\":9730,\"modified\":\"2025-08-02 09:15:45\",\"name\":\"product-52\",\"extension\":\"jpg\"}','2025-08-02 02:15:45','2025-08-02 02:15:45'),(142,156,'ecommerce/digital-product-files/product-44.jpg','{\"filename\":\"product-44.jpg\",\"url\":\"ecommerce\\/digital-product-files\\/product-44.jpg\",\"mime_type\":\"image\\/jpeg\",\"size\":9730,\"modified\":\"2025-08-02 09:15:45\",\"name\":\"product-44\",\"extension\":\"jpg\"}','2025-08-02 02:15:45','2025-08-02 02:15:45'),(143,157,'ecommerce/digital-product-files/product-83.jpg','{\"filename\":\"product-83.jpg\",\"url\":\"ecommerce\\/digital-product-files\\/product-83.jpg\",\"mime_type\":\"image\\/jpeg\",\"size\":9730,\"modified\":\"2025-08-02 09:15:45\",\"name\":\"product-83\",\"extension\":\"jpg\"}','2025-08-02 02:15:45','2025-08-02 02:15:45'),(144,157,'ecommerce/digital-product-files/product-66.jpg','{\"filename\":\"product-66.jpg\",\"url\":\"ecommerce\\/digital-product-files\\/product-66.jpg\",\"mime_type\":\"image\\/jpeg\",\"size\":9730,\"modified\":\"2025-08-02 09:15:45\",\"name\":\"product-66\",\"extension\":\"jpg\"}','2025-08-02 02:15:45','2025-08-02 02:15:45'),(145,157,'ecommerce/digital-product-files/product-85.jpg','{\"filename\":\"product-85.jpg\",\"url\":\"ecommerce\\/digital-product-files\\/product-85.jpg\",\"mime_type\":\"image\\/jpeg\",\"size\":9730,\"modified\":\"2025-08-02 09:15:45\",\"name\":\"product-85\",\"extension\":\"jpg\"}','2025-08-02 02:15:45','2025-08-02 02:15:45'),(146,157,'ecommerce/digital-product-files/product-27.jpg','{\"filename\":\"product-27.jpg\",\"url\":\"ecommerce\\/digital-product-files\\/product-27.jpg\",\"mime_type\":\"image\\/jpeg\",\"size\":9730,\"modified\":\"2025-08-02 09:15:45\",\"name\":\"product-27\",\"extension\":\"jpg\"}','2025-08-02 02:15:45','2025-08-02 02:15:45'),(147,157,'ecommerce/digital-product-files/product-52.jpg','{\"filename\":\"product-52.jpg\",\"url\":\"ecommerce\\/digital-product-files\\/product-52.jpg\",\"mime_type\":\"image\\/jpeg\",\"size\":9730,\"modified\":\"2025-08-02 09:15:45\",\"name\":\"product-52\",\"extension\":\"jpg\"}','2025-08-02 02:15:45','2025-08-02 02:15:45'),(148,157,'ecommerce/digital-product-files/product-44.jpg','{\"filename\":\"product-44.jpg\",\"url\":\"ecommerce\\/digital-product-files\\/product-44.jpg\",\"mime_type\":\"image\\/jpeg\",\"size\":9730,\"modified\":\"2025-08-02 09:15:45\",\"name\":\"product-44\",\"extension\":\"jpg\"}','2025-08-02 02:15:45','2025-08-02 02:15:45'),(149,164,'ecommerce/digital-product-files/product-5.jpg','{\"filename\":\"product-5.jpg\",\"url\":\"ecommerce\\/digital-product-files\\/product-5.jpg\",\"mime_type\":\"image\\/jpeg\",\"size\":9730,\"modified\":\"2025-08-02 09:15:45\",\"name\":\"product-5\",\"extension\":\"jpg\"}','2025-08-02 02:15:45','2025-08-02 02:15:45'),(150,164,'ecommerce/digital-product-files/product-92.jpg','{\"filename\":\"product-92.jpg\",\"url\":\"ecommerce\\/digital-product-files\\/product-92.jpg\",\"mime_type\":\"image\\/jpeg\",\"size\":9730,\"modified\":\"2025-08-02 09:15:45\",\"name\":\"product-92\",\"extension\":\"jpg\"}','2025-08-02 02:15:45','2025-08-02 02:15:45'),(151,164,'ecommerce/digital-product-files/product-44.jpg','{\"filename\":\"product-44.jpg\",\"url\":\"ecommerce\\/digital-product-files\\/product-44.jpg\",\"mime_type\":\"image\\/jpeg\",\"size\":9730,\"modified\":\"2025-08-02 09:15:45\",\"name\":\"product-44\",\"extension\":\"jpg\"}','2025-08-02 02:15:45','2025-08-02 02:15:45'),(152,164,'ecommerce/digital-product-files/product-63.jpg','{\"filename\":\"product-63.jpg\",\"url\":\"ecommerce\\/digital-product-files\\/product-63.jpg\",\"mime_type\":\"image\\/jpeg\",\"size\":9730,\"modified\":\"2025-08-02 09:15:45\",\"name\":\"product-63\",\"extension\":\"jpg\"}','2025-08-02 02:15:45','2025-08-02 02:15:45'),(153,164,'ecommerce/digital-product-files/product-78.jpg','{\"filename\":\"product-78.jpg\",\"url\":\"ecommerce\\/digital-product-files\\/product-78.jpg\",\"mime_type\":\"image\\/jpeg\",\"size\":9730,\"modified\":\"2025-08-02 09:15:45\",\"name\":\"product-78\",\"extension\":\"jpg\"}','2025-08-02 02:15:45','2025-08-02 02:15:45'),(154,165,'ecommerce/digital-product-files/product-5.jpg','{\"filename\":\"product-5.jpg\",\"url\":\"ecommerce\\/digital-product-files\\/product-5.jpg\",\"mime_type\":\"image\\/jpeg\",\"size\":9730,\"modified\":\"2025-08-02 09:15:45\",\"name\":\"product-5\",\"extension\":\"jpg\"}','2025-08-02 02:15:45','2025-08-02 02:15:45'),(155,165,'ecommerce/digital-product-files/product-92.jpg','{\"filename\":\"product-92.jpg\",\"url\":\"ecommerce\\/digital-product-files\\/product-92.jpg\",\"mime_type\":\"image\\/jpeg\",\"size\":9730,\"modified\":\"2025-08-02 09:15:45\",\"name\":\"product-92\",\"extension\":\"jpg\"}','2025-08-02 02:15:45','2025-08-02 02:15:45'),(156,165,'ecommerce/digital-product-files/product-44.jpg','{\"filename\":\"product-44.jpg\",\"url\":\"ecommerce\\/digital-product-files\\/product-44.jpg\",\"mime_type\":\"image\\/jpeg\",\"size\":9730,\"modified\":\"2025-08-02 09:15:45\",\"name\":\"product-44\",\"extension\":\"jpg\"}','2025-08-02 02:15:45','2025-08-02 02:15:45'),(157,165,'ecommerce/digital-product-files/product-63.jpg','{\"filename\":\"product-63.jpg\",\"url\":\"ecommerce\\/digital-product-files\\/product-63.jpg\",\"mime_type\":\"image\\/jpeg\",\"size\":9730,\"modified\":\"2025-08-02 09:15:45\",\"name\":\"product-63\",\"extension\":\"jpg\"}','2025-08-02 02:15:45','2025-08-02 02:15:45'),(158,165,'ecommerce/digital-product-files/product-78.jpg','{\"filename\":\"product-78.jpg\",\"url\":\"ecommerce\\/digital-product-files\\/product-78.jpg\",\"mime_type\":\"image\\/jpeg\",\"size\":9730,\"modified\":\"2025-08-02 09:15:45\",\"name\":\"product-78\",\"extension\":\"jpg\"}','2025-08-02 02:15:45','2025-08-02 02:15:45'),(159,166,'ecommerce/digital-product-files/product-5.jpg','{\"filename\":\"product-5.jpg\",\"url\":\"ecommerce\\/digital-product-files\\/product-5.jpg\",\"mime_type\":\"image\\/jpeg\",\"size\":9730,\"modified\":\"2025-08-02 09:15:46\",\"name\":\"product-5\",\"extension\":\"jpg\"}','2025-08-02 02:15:46','2025-08-02 02:15:46'),(160,166,'ecommerce/digital-product-files/product-92.jpg','{\"filename\":\"product-92.jpg\",\"url\":\"ecommerce\\/digital-product-files\\/product-92.jpg\",\"mime_type\":\"image\\/jpeg\",\"size\":9730,\"modified\":\"2025-08-02 09:15:46\",\"name\":\"product-92\",\"extension\":\"jpg\"}','2025-08-02 02:15:46','2025-08-02 02:15:46'),(161,166,'ecommerce/digital-product-files/product-44.jpg','{\"filename\":\"product-44.jpg\",\"url\":\"ecommerce\\/digital-product-files\\/product-44.jpg\",\"mime_type\":\"image\\/jpeg\",\"size\":9730,\"modified\":\"2025-08-02 09:15:46\",\"name\":\"product-44\",\"extension\":\"jpg\"}','2025-08-02 02:15:46','2025-08-02 02:15:46'),(162,166,'ecommerce/digital-product-files/product-63.jpg','{\"filename\":\"product-63.jpg\",\"url\":\"ecommerce\\/digital-product-files\\/product-63.jpg\",\"mime_type\":\"image\\/jpeg\",\"size\":9730,\"modified\":\"2025-08-02 09:15:46\",\"name\":\"product-63\",\"extension\":\"jpg\"}','2025-08-02 02:15:46','2025-08-02 02:15:46'),(163,166,'ecommerce/digital-product-files/product-78.jpg','{\"filename\":\"product-78.jpg\",\"url\":\"ecommerce\\/digital-product-files\\/product-78.jpg\",\"mime_type\":\"image\\/jpeg\",\"size\":9730,\"modified\":\"2025-08-02 09:15:46\",\"name\":\"product-78\",\"extension\":\"jpg\"}','2025-08-02 02:15:46','2025-08-02 02:15:46'),(164,167,'ecommerce/digital-product-files/product-5.jpg','{\"filename\":\"product-5.jpg\",\"url\":\"ecommerce\\/digital-product-files\\/product-5.jpg\",\"mime_type\":\"image\\/jpeg\",\"size\":9730,\"modified\":\"2025-08-02 09:15:46\",\"name\":\"product-5\",\"extension\":\"jpg\"}','2025-08-02 02:15:46','2025-08-02 02:15:46'),(165,167,'ecommerce/digital-product-files/product-92.jpg','{\"filename\":\"product-92.jpg\",\"url\":\"ecommerce\\/digital-product-files\\/product-92.jpg\",\"mime_type\":\"image\\/jpeg\",\"size\":9730,\"modified\":\"2025-08-02 09:15:46\",\"name\":\"product-92\",\"extension\":\"jpg\"}','2025-08-02 02:15:46','2025-08-02 02:15:46'),(166,167,'ecommerce/digital-product-files/product-44.jpg','{\"filename\":\"product-44.jpg\",\"url\":\"ecommerce\\/digital-product-files\\/product-44.jpg\",\"mime_type\":\"image\\/jpeg\",\"size\":9730,\"modified\":\"2025-08-02 09:15:46\",\"name\":\"product-44\",\"extension\":\"jpg\"}','2025-08-02 02:15:46','2025-08-02 02:15:46'),(167,167,'ecommerce/digital-product-files/product-63.jpg','{\"filename\":\"product-63.jpg\",\"url\":\"ecommerce\\/digital-product-files\\/product-63.jpg\",\"mime_type\":\"image\\/jpeg\",\"size\":9730,\"modified\":\"2025-08-02 09:15:46\",\"name\":\"product-63\",\"extension\":\"jpg\"}','2025-08-02 02:15:46','2025-08-02 02:15:46'),(168,167,'ecommerce/digital-product-files/product-78.jpg','{\"filename\":\"product-78.jpg\",\"url\":\"ecommerce\\/digital-product-files\\/product-78.jpg\",\"mime_type\":\"image\\/jpeg\",\"size\":9730,\"modified\":\"2025-08-02 09:15:46\",\"name\":\"product-78\",\"extension\":\"jpg\"}','2025-08-02 02:15:46','2025-08-02 02:15:46'),(169,176,'ecommerce/digital-product-files/product-58.jpg','{\"filename\":\"product-58.jpg\",\"url\":\"ecommerce\\/digital-product-files\\/product-58.jpg\",\"mime_type\":\"image\\/jpeg\",\"size\":9730,\"modified\":\"2025-08-02 09:15:46\",\"name\":\"product-58\",\"extension\":\"jpg\"}','2025-08-02 02:15:46','2025-08-02 02:15:46'),(170,176,'ecommerce/digital-product-files/product-73.jpg','{\"filename\":\"product-73.jpg\",\"url\":\"ecommerce\\/digital-product-files\\/product-73.jpg\",\"mime_type\":\"image\\/jpeg\",\"size\":9730,\"modified\":\"2025-08-02 09:15:46\",\"name\":\"product-73\",\"extension\":\"jpg\"}','2025-08-02 02:15:46','2025-08-02 02:15:46'),(171,176,'ecommerce/digital-product-files/product-53.jpg','{\"filename\":\"product-53.jpg\",\"url\":\"ecommerce\\/digital-product-files\\/product-53.jpg\",\"mime_type\":\"image\\/jpeg\",\"size\":9730,\"modified\":\"2025-08-02 09:15:46\",\"name\":\"product-53\",\"extension\":\"jpg\"}','2025-08-02 02:15:46','2025-08-02 02:15:46'),(172,176,'ecommerce/digital-product-files/product-91.jpg','{\"filename\":\"product-91.jpg\",\"url\":\"ecommerce\\/digital-product-files\\/product-91.jpg\",\"mime_type\":\"image\\/jpeg\",\"size\":9730,\"modified\":\"2025-08-02 09:15:46\",\"name\":\"product-91\",\"extension\":\"jpg\"}','2025-08-02 02:15:46','2025-08-02 02:15:46'),(173,176,'ecommerce/digital-product-files/product-89.jpg','{\"filename\":\"product-89.jpg\",\"url\":\"ecommerce\\/digital-product-files\\/product-89.jpg\",\"mime_type\":\"image\\/jpeg\",\"size\":9730,\"modified\":\"2025-08-02 09:15:46\",\"name\":\"product-89\",\"extension\":\"jpg\"}','2025-08-02 02:15:46','2025-08-02 02:15:46'),(174,176,'ecommerce/digital-product-files/product-77.jpg','{\"filename\":\"product-77.jpg\",\"url\":\"ecommerce\\/digital-product-files\\/product-77.jpg\",\"mime_type\":\"image\\/jpeg\",\"size\":9730,\"modified\":\"2025-08-02 09:15:46\",\"name\":\"product-77\",\"extension\":\"jpg\"}','2025-08-02 02:15:46','2025-08-02 02:15:46'),(175,176,'ecommerce/digital-product-files/product-8.jpg','{\"filename\":\"product-8.jpg\",\"url\":\"ecommerce\\/digital-product-files\\/product-8.jpg\",\"mime_type\":\"image\\/jpeg\",\"size\":9730,\"modified\":\"2025-08-02 09:15:46\",\"name\":\"product-8\",\"extension\":\"jpg\"}','2025-08-02 02:15:46','2025-08-02 02:15:46'),(176,176,'ecommerce/digital-product-files/product-94.jpg','{\"filename\":\"product-94.jpg\",\"url\":\"ecommerce\\/digital-product-files\\/product-94.jpg\",\"mime_type\":\"image\\/jpeg\",\"size\":9730,\"modified\":\"2025-08-02 09:15:46\",\"name\":\"product-94\",\"extension\":\"jpg\"}','2025-08-02 02:15:46','2025-08-02 02:15:46'),(177,177,'ecommerce/digital-product-files/product-58.jpg','{\"filename\":\"product-58.jpg\",\"url\":\"ecommerce\\/digital-product-files\\/product-58.jpg\",\"mime_type\":\"image\\/jpeg\",\"size\":9730,\"modified\":\"2025-08-02 09:15:46\",\"name\":\"product-58\",\"extension\":\"jpg\"}','2025-08-02 02:15:46','2025-08-02 02:15:46'),(178,177,'ecommerce/digital-product-files/product-73.jpg','{\"filename\":\"product-73.jpg\",\"url\":\"ecommerce\\/digital-product-files\\/product-73.jpg\",\"mime_type\":\"image\\/jpeg\",\"size\":9730,\"modified\":\"2025-08-02 09:15:46\",\"name\":\"product-73\",\"extension\":\"jpg\"}','2025-08-02 02:15:46','2025-08-02 02:15:46'),(179,177,'ecommerce/digital-product-files/product-53.jpg','{\"filename\":\"product-53.jpg\",\"url\":\"ecommerce\\/digital-product-files\\/product-53.jpg\",\"mime_type\":\"image\\/jpeg\",\"size\":9730,\"modified\":\"2025-08-02 09:15:46\",\"name\":\"product-53\",\"extension\":\"jpg\"}','2025-08-02 02:15:46','2025-08-02 02:15:46'),(180,177,'ecommerce/digital-product-files/product-91.jpg','{\"filename\":\"product-91.jpg\",\"url\":\"ecommerce\\/digital-product-files\\/product-91.jpg\",\"mime_type\":\"image\\/jpeg\",\"size\":9730,\"modified\":\"2025-08-02 09:15:46\",\"name\":\"product-91\",\"extension\":\"jpg\"}','2025-08-02 02:15:46','2025-08-02 02:15:46'),(181,177,'ecommerce/digital-product-files/product-89.jpg','{\"filename\":\"product-89.jpg\",\"url\":\"ecommerce\\/digital-product-files\\/product-89.jpg\",\"mime_type\":\"image\\/jpeg\",\"size\":9730,\"modified\":\"2025-08-02 09:15:46\",\"name\":\"product-89\",\"extension\":\"jpg\"}','2025-08-02 02:15:46','2025-08-02 02:15:46'),(182,177,'ecommerce/digital-product-files/product-77.jpg','{\"filename\":\"product-77.jpg\",\"url\":\"ecommerce\\/digital-product-files\\/product-77.jpg\",\"mime_type\":\"image\\/jpeg\",\"size\":9730,\"modified\":\"2025-08-02 09:15:46\",\"name\":\"product-77\",\"extension\":\"jpg\"}','2025-08-02 02:15:46','2025-08-02 02:15:46'),(183,177,'ecommerce/digital-product-files/product-8.jpg','{\"filename\":\"product-8.jpg\",\"url\":\"ecommerce\\/digital-product-files\\/product-8.jpg\",\"mime_type\":\"image\\/jpeg\",\"size\":9730,\"modified\":\"2025-08-02 09:15:46\",\"name\":\"product-8\",\"extension\":\"jpg\"}','2025-08-02 02:15:46','2025-08-02 02:15:46'),(184,177,'ecommerce/digital-product-files/product-94.jpg','{\"filename\":\"product-94.jpg\",\"url\":\"ecommerce\\/digital-product-files\\/product-94.jpg\",\"mime_type\":\"image\\/jpeg\",\"size\":9730,\"modified\":\"2025-08-02 09:15:46\",\"name\":\"product-94\",\"extension\":\"jpg\"}','2025-08-02 02:15:46','2025-08-02 02:15:46'),(185,178,'ecommerce/digital-product-files/product-58.jpg','{\"filename\":\"product-58.jpg\",\"url\":\"ecommerce\\/digital-product-files\\/product-58.jpg\",\"mime_type\":\"image\\/jpeg\",\"size\":9730,\"modified\":\"2025-08-02 09:15:46\",\"name\":\"product-58\",\"extension\":\"jpg\"}','2025-08-02 02:15:46','2025-08-02 02:15:46'),(186,178,'ecommerce/digital-product-files/product-73.jpg','{\"filename\":\"product-73.jpg\",\"url\":\"ecommerce\\/digital-product-files\\/product-73.jpg\",\"mime_type\":\"image\\/jpeg\",\"size\":9730,\"modified\":\"2025-08-02 09:15:46\",\"name\":\"product-73\",\"extension\":\"jpg\"}','2025-08-02 02:15:46','2025-08-02 02:15:46'),(187,178,'ecommerce/digital-product-files/product-53.jpg','{\"filename\":\"product-53.jpg\",\"url\":\"ecommerce\\/digital-product-files\\/product-53.jpg\",\"mime_type\":\"image\\/jpeg\",\"size\":9730,\"modified\":\"2025-08-02 09:15:46\",\"name\":\"product-53\",\"extension\":\"jpg\"}','2025-08-02 02:15:46','2025-08-02 02:15:46'),(188,178,'ecommerce/digital-product-files/product-91.jpg','{\"filename\":\"product-91.jpg\",\"url\":\"ecommerce\\/digital-product-files\\/product-91.jpg\",\"mime_type\":\"image\\/jpeg\",\"size\":9730,\"modified\":\"2025-08-02 09:15:46\",\"name\":\"product-91\",\"extension\":\"jpg\"}','2025-08-02 02:15:46','2025-08-02 02:15:46'),(189,178,'ecommerce/digital-product-files/product-89.jpg','{\"filename\":\"product-89.jpg\",\"url\":\"ecommerce\\/digital-product-files\\/product-89.jpg\",\"mime_type\":\"image\\/jpeg\",\"size\":9730,\"modified\":\"2025-08-02 09:15:46\",\"name\":\"product-89\",\"extension\":\"jpg\"}','2025-08-02 02:15:46','2025-08-02 02:15:46'),(190,178,'ecommerce/digital-product-files/product-77.jpg','{\"filename\":\"product-77.jpg\",\"url\":\"ecommerce\\/digital-product-files\\/product-77.jpg\",\"mime_type\":\"image\\/jpeg\",\"size\":9730,\"modified\":\"2025-08-02 09:15:46\",\"name\":\"product-77\",\"extension\":\"jpg\"}','2025-08-02 02:15:46','2025-08-02 02:15:46'),(191,178,'ecommerce/digital-product-files/product-8.jpg','{\"filename\":\"product-8.jpg\",\"url\":\"ecommerce\\/digital-product-files\\/product-8.jpg\",\"mime_type\":\"image\\/jpeg\",\"size\":9730,\"modified\":\"2025-08-02 09:15:46\",\"name\":\"product-8\",\"extension\":\"jpg\"}','2025-08-02 02:15:46','2025-08-02 02:15:46'),(192,178,'ecommerce/digital-product-files/product-94.jpg','{\"filename\":\"product-94.jpg\",\"url\":\"ecommerce\\/digital-product-files\\/product-94.jpg\",\"mime_type\":\"image\\/jpeg\",\"size\":9730,\"modified\":\"2025-08-02 09:15:46\",\"name\":\"product-94\",\"extension\":\"jpg\"}','2025-08-02 02:15:46','2025-08-02 02:15:46'),(193,179,'ecommerce/digital-product-files/product-58.jpg','{\"filename\":\"product-58.jpg\",\"url\":\"ecommerce\\/digital-product-files\\/product-58.jpg\",\"mime_type\":\"image\\/jpeg\",\"size\":9730,\"modified\":\"2025-08-02 09:15:46\",\"name\":\"product-58\",\"extension\":\"jpg\"}','2025-08-02 02:15:46','2025-08-02 02:15:46'),(194,179,'ecommerce/digital-product-files/product-73.jpg','{\"filename\":\"product-73.jpg\",\"url\":\"ecommerce\\/digital-product-files\\/product-73.jpg\",\"mime_type\":\"image\\/jpeg\",\"size\":9730,\"modified\":\"2025-08-02 09:15:46\",\"name\":\"product-73\",\"extension\":\"jpg\"}','2025-08-02 02:15:46','2025-08-02 02:15:46'),(195,179,'ecommerce/digital-product-files/product-53.jpg','{\"filename\":\"product-53.jpg\",\"url\":\"ecommerce\\/digital-product-files\\/product-53.jpg\",\"mime_type\":\"image\\/jpeg\",\"size\":9730,\"modified\":\"2025-08-02 09:15:46\",\"name\":\"product-53\",\"extension\":\"jpg\"}','2025-08-02 02:15:46','2025-08-02 02:15:46'),(196,179,'ecommerce/digital-product-files/product-91.jpg','{\"filename\":\"product-91.jpg\",\"url\":\"ecommerce\\/digital-product-files\\/product-91.jpg\",\"mime_type\":\"image\\/jpeg\",\"size\":9730,\"modified\":\"2025-08-02 09:15:46\",\"name\":\"product-91\",\"extension\":\"jpg\"}','2025-08-02 02:15:46','2025-08-02 02:15:46'),(197,179,'ecommerce/digital-product-files/product-89.jpg','{\"filename\":\"product-89.jpg\",\"url\":\"ecommerce\\/digital-product-files\\/product-89.jpg\",\"mime_type\":\"image\\/jpeg\",\"size\":9730,\"modified\":\"2025-08-02 09:15:46\",\"name\":\"product-89\",\"extension\":\"jpg\"}','2025-08-02 02:15:46','2025-08-02 02:15:46'),(198,179,'ecommerce/digital-product-files/product-77.jpg','{\"filename\":\"product-77.jpg\",\"url\":\"ecommerce\\/digital-product-files\\/product-77.jpg\",\"mime_type\":\"image\\/jpeg\",\"size\":9730,\"modified\":\"2025-08-02 09:15:46\",\"name\":\"product-77\",\"extension\":\"jpg\"}','2025-08-02 02:15:46','2025-08-02 02:15:46'),(199,179,'ecommerce/digital-product-files/product-8.jpg','{\"filename\":\"product-8.jpg\",\"url\":\"ecommerce\\/digital-product-files\\/product-8.jpg\",\"mime_type\":\"image\\/jpeg\",\"size\":9730,\"modified\":\"2025-08-02 09:15:46\",\"name\":\"product-8\",\"extension\":\"jpg\"}','2025-08-02 02:15:46','2025-08-02 02:15:46'),(200,179,'ecommerce/digital-product-files/product-94.jpg','{\"filename\":\"product-94.jpg\",\"url\":\"ecommerce\\/digital-product-files\\/product-94.jpg\",\"mime_type\":\"image\\/jpeg\",\"size\":9730,\"modified\":\"2025-08-02 09:15:46\",\"name\":\"product-94\",\"extension\":\"jpg\"}','2025-08-02 02:15:46','2025-08-02 02:15:46'),(201,180,'ecommerce/digital-product-files/product-58.jpg','{\"filename\":\"product-58.jpg\",\"url\":\"ecommerce\\/digital-product-files\\/product-58.jpg\",\"mime_type\":\"image\\/jpeg\",\"size\":9730,\"modified\":\"2025-08-02 09:15:46\",\"name\":\"product-58\",\"extension\":\"jpg\"}','2025-08-02 02:15:46','2025-08-02 02:15:46'),(202,180,'ecommerce/digital-product-files/product-73.jpg','{\"filename\":\"product-73.jpg\",\"url\":\"ecommerce\\/digital-product-files\\/product-73.jpg\",\"mime_type\":\"image\\/jpeg\",\"size\":9730,\"modified\":\"2025-08-02 09:15:46\",\"name\":\"product-73\",\"extension\":\"jpg\"}','2025-08-02 02:15:46','2025-08-02 02:15:46'),(203,180,'ecommerce/digital-product-files/product-53.jpg','{\"filename\":\"product-53.jpg\",\"url\":\"ecommerce\\/digital-product-files\\/product-53.jpg\",\"mime_type\":\"image\\/jpeg\",\"size\":9730,\"modified\":\"2025-08-02 09:15:46\",\"name\":\"product-53\",\"extension\":\"jpg\"}','2025-08-02 02:15:46','2025-08-02 02:15:46'),(204,180,'ecommerce/digital-product-files/product-91.jpg','{\"filename\":\"product-91.jpg\",\"url\":\"ecommerce\\/digital-product-files\\/product-91.jpg\",\"mime_type\":\"image\\/jpeg\",\"size\":9730,\"modified\":\"2025-08-02 09:15:46\",\"name\":\"product-91\",\"extension\":\"jpg\"}','2025-08-02 02:15:46','2025-08-02 02:15:46'),(205,180,'ecommerce/digital-product-files/product-89.jpg','{\"filename\":\"product-89.jpg\",\"url\":\"ecommerce\\/digital-product-files\\/product-89.jpg\",\"mime_type\":\"image\\/jpeg\",\"size\":9730,\"modified\":\"2025-08-02 09:15:46\",\"name\":\"product-89\",\"extension\":\"jpg\"}','2025-08-02 02:15:46','2025-08-02 02:15:46'),(206,180,'ecommerce/digital-product-files/product-77.jpg','{\"filename\":\"product-77.jpg\",\"url\":\"ecommerce\\/digital-product-files\\/product-77.jpg\",\"mime_type\":\"image\\/jpeg\",\"size\":9730,\"modified\":\"2025-08-02 09:15:46\",\"name\":\"product-77\",\"extension\":\"jpg\"}','2025-08-02 02:15:46','2025-08-02 02:15:46'),(207,180,'ecommerce/digital-product-files/product-8.jpg','{\"filename\":\"product-8.jpg\",\"url\":\"ecommerce\\/digital-product-files\\/product-8.jpg\",\"mime_type\":\"image\\/jpeg\",\"size\":9730,\"modified\":\"2025-08-02 09:15:46\",\"name\":\"product-8\",\"extension\":\"jpg\"}','2025-08-02 02:15:46','2025-08-02 02:15:46'),(208,180,'ecommerce/digital-product-files/product-94.jpg','{\"filename\":\"product-94.jpg\",\"url\":\"ecommerce\\/digital-product-files\\/product-94.jpg\",\"mime_type\":\"image\\/jpeg\",\"size\":9730,\"modified\":\"2025-08-02 09:15:46\",\"name\":\"product-94\",\"extension\":\"jpg\"}','2025-08-02 02:15:46','2025-08-02 02:15:46'),(209,189,'ecommerce/digital-product-files/product-17.jpg','{\"filename\":\"product-17.jpg\",\"url\":\"ecommerce\\/digital-product-files\\/product-17.jpg\",\"mime_type\":\"image\\/jpeg\",\"size\":9730,\"modified\":\"2025-08-02 09:15:46\",\"name\":\"product-17\",\"extension\":\"jpg\"}','2025-08-02 02:15:46','2025-08-02 02:15:46'),(210,189,'ecommerce/digital-product-files/product-28.jpg','{\"filename\":\"product-28.jpg\",\"url\":\"ecommerce\\/digital-product-files\\/product-28.jpg\",\"mime_type\":\"image\\/jpeg\",\"size\":9730,\"modified\":\"2025-08-02 09:15:46\",\"name\":\"product-28\",\"extension\":\"jpg\"}','2025-08-02 02:15:46','2025-08-02 02:15:46'),(211,189,'ecommerce/digital-product-files/product-19.jpg','{\"filename\":\"product-19.jpg\",\"url\":\"ecommerce\\/digital-product-files\\/product-19.jpg\",\"mime_type\":\"image\\/jpeg\",\"size\":9730,\"modified\":\"2025-08-02 09:15:46\",\"name\":\"product-19\",\"extension\":\"jpg\"}','2025-08-02 02:15:46','2025-08-02 02:15:46'),(212,189,'ecommerce/digital-product-files/product-23.jpg','{\"filename\":\"product-23.jpg\",\"url\":\"ecommerce\\/digital-product-files\\/product-23.jpg\",\"mime_type\":\"image\\/jpeg\",\"size\":9730,\"modified\":\"2025-08-02 09:15:46\",\"name\":\"product-23\",\"extension\":\"jpg\"}','2025-08-02 02:15:46','2025-08-02 02:15:46'),(213,189,'ecommerce/digital-product-files/product-48.jpg','{\"filename\":\"product-48.jpg\",\"url\":\"ecommerce\\/digital-product-files\\/product-48.jpg\",\"mime_type\":\"image\\/jpeg\",\"size\":9730,\"modified\":\"2025-08-02 09:15:46\",\"name\":\"product-48\",\"extension\":\"jpg\"}','2025-08-02 02:15:46','2025-08-02 02:15:46'),(214,189,'ecommerce/digital-product-files/product-82.jpg','{\"filename\":\"product-82.jpg\",\"url\":\"ecommerce\\/digital-product-files\\/product-82.jpg\",\"mime_type\":\"image\\/jpeg\",\"size\":9730,\"modified\":\"2025-08-02 09:15:46\",\"name\":\"product-82\",\"extension\":\"jpg\"}','2025-08-02 02:15:46','2025-08-02 02:15:46'),(215,189,'ecommerce/digital-product-files/product-44.jpg','{\"filename\":\"product-44.jpg\",\"url\":\"ecommerce\\/digital-product-files\\/product-44.jpg\",\"mime_type\":\"image\\/jpeg\",\"size\":9730,\"modified\":\"2025-08-02 09:15:46\",\"name\":\"product-44\",\"extension\":\"jpg\"}','2025-08-02 02:15:46','2025-08-02 02:15:46'),(216,189,'ecommerce/digital-product-files/product-1.jpg','{\"filename\":\"product-1.jpg\",\"url\":\"ecommerce\\/digital-product-files\\/product-1.jpg\",\"mime_type\":\"image\\/jpeg\",\"size\":9730,\"modified\":\"2025-08-02 09:15:46\",\"name\":\"product-1\",\"extension\":\"jpg\"}','2025-08-02 02:15:46','2025-08-02 02:15:46'),(217,189,'ecommerce/digital-product-files/product-6.jpg','{\"filename\":\"product-6.jpg\",\"url\":\"ecommerce\\/digital-product-files\\/product-6.jpg\",\"mime_type\":\"image\\/jpeg\",\"size\":9730,\"modified\":\"2025-08-02 09:15:46\",\"name\":\"product-6\",\"extension\":\"jpg\"}','2025-08-02 02:15:46','2025-08-02 02:15:46'),(218,189,'ecommerce/digital-product-files/product-2.jpg','{\"filename\":\"product-2.jpg\",\"url\":\"ecommerce\\/digital-product-files\\/product-2.jpg\",\"mime_type\":\"image\\/jpeg\",\"size\":9730,\"modified\":\"2025-08-02 09:15:46\",\"name\":\"product-2\",\"extension\":\"jpg\"}','2025-08-02 02:15:46','2025-08-02 02:15:46'),(219,189,'ecommerce/digital-product-files/product-77.jpg','{\"filename\":\"product-77.jpg\",\"url\":\"ecommerce\\/digital-product-files\\/product-77.jpg\",\"mime_type\":\"image\\/jpeg\",\"size\":9730,\"modified\":\"2025-08-02 09:15:46\",\"name\":\"product-77\",\"extension\":\"jpg\"}','2025-08-02 02:15:46','2025-08-02 02:15:46'),(220,189,'ecommerce/digital-product-files/product-49.jpg','{\"filename\":\"product-49.jpg\",\"url\":\"ecommerce\\/digital-product-files\\/product-49.jpg\",\"mime_type\":\"image\\/jpeg\",\"size\":9730,\"modified\":\"2025-08-02 09:15:46\",\"name\":\"product-49\",\"extension\":\"jpg\"}','2025-08-02 02:15:46','2025-08-02 02:15:46'),(221,198,'ecommerce/digital-product-files/product-27.jpg','{\"filename\":\"product-27.jpg\",\"url\":\"ecommerce\\/digital-product-files\\/product-27.jpg\",\"mime_type\":\"image\\/jpeg\",\"size\":9730,\"modified\":\"2025-08-02 09:15:46\",\"name\":\"product-27\",\"extension\":\"jpg\"}','2025-08-02 02:15:46','2025-08-02 02:15:46'),(222,198,'ecommerce/digital-product-files/product-83.jpg','{\"filename\":\"product-83.jpg\",\"url\":\"ecommerce\\/digital-product-files\\/product-83.jpg\",\"mime_type\":\"image\\/jpeg\",\"size\":9730,\"modified\":\"2025-08-02 09:15:46\",\"name\":\"product-83\",\"extension\":\"jpg\"}','2025-08-02 02:15:46','2025-08-02 02:15:46'),(223,198,'ecommerce/digital-product-files/product-52.jpg','{\"filename\":\"product-52.jpg\",\"url\":\"ecommerce\\/digital-product-files\\/product-52.jpg\",\"mime_type\":\"image\\/jpeg\",\"size\":9730,\"modified\":\"2025-08-02 09:15:46\",\"name\":\"product-52\",\"extension\":\"jpg\"}','2025-08-02 02:15:46','2025-08-02 02:15:46'),(224,198,'ecommerce/digital-product-files/product-14.jpg','{\"filename\":\"product-14.jpg\",\"url\":\"ecommerce\\/digital-product-files\\/product-14.jpg\",\"mime_type\":\"image\\/jpeg\",\"size\":9730,\"modified\":\"2025-08-02 09:15:46\",\"name\":\"product-14\",\"extension\":\"jpg\"}','2025-08-02 02:15:46','2025-08-02 02:15:46'),(225,198,'ecommerce/digital-product-files/product-78.jpg','{\"filename\":\"product-78.jpg\",\"url\":\"ecommerce\\/digital-product-files\\/product-78.jpg\",\"mime_type\":\"image\\/jpeg\",\"size\":9730,\"modified\":\"2025-08-02 09:15:46\",\"name\":\"product-78\",\"extension\":\"jpg\"}','2025-08-02 02:15:46','2025-08-02 02:15:46'),(226,198,'ecommerce/digital-product-files/product-23.jpg','{\"filename\":\"product-23.jpg\",\"url\":\"ecommerce\\/digital-product-files\\/product-23.jpg\",\"mime_type\":\"image\\/jpeg\",\"size\":9730,\"modified\":\"2025-08-02 09:15:46\",\"name\":\"product-23\",\"extension\":\"jpg\"}','2025-08-02 02:15:46','2025-08-02 02:15:46'),(227,198,'ecommerce/digital-product-files/product-34.jpg','{\"filename\":\"product-34.jpg\",\"url\":\"ecommerce\\/digital-product-files\\/product-34.jpg\",\"mime_type\":\"image\\/jpeg\",\"size\":9730,\"modified\":\"2025-08-02 09:15:46\",\"name\":\"product-34\",\"extension\":\"jpg\"}','2025-08-02 02:15:46','2025-08-02 02:15:46'),(228,198,'ecommerce/digital-product-files/product-29.jpg','{\"filename\":\"product-29.jpg\",\"url\":\"ecommerce\\/digital-product-files\\/product-29.jpg\",\"mime_type\":\"image\\/jpeg\",\"size\":9730,\"modified\":\"2025-08-02 09:15:46\",\"name\":\"product-29\",\"extension\":\"jpg\"}','2025-08-02 02:15:46','2025-08-02 02:15:46'),(229,199,'ecommerce/digital-product-files/product-27.jpg','{\"filename\":\"product-27.jpg\",\"url\":\"ecommerce\\/digital-product-files\\/product-27.jpg\",\"mime_type\":\"image\\/jpeg\",\"size\":9730,\"modified\":\"2025-08-02 09:15:46\",\"name\":\"product-27\",\"extension\":\"jpg\"}','2025-08-02 02:15:46','2025-08-02 02:15:46'),(230,199,'ecommerce/digital-product-files/product-83.jpg','{\"filename\":\"product-83.jpg\",\"url\":\"ecommerce\\/digital-product-files\\/product-83.jpg\",\"mime_type\":\"image\\/jpeg\",\"size\":9730,\"modified\":\"2025-08-02 09:15:46\",\"name\":\"product-83\",\"extension\":\"jpg\"}','2025-08-02 02:15:46','2025-08-02 02:15:46'),(231,199,'ecommerce/digital-product-files/product-52.jpg','{\"filename\":\"product-52.jpg\",\"url\":\"ecommerce\\/digital-product-files\\/product-52.jpg\",\"mime_type\":\"image\\/jpeg\",\"size\":9730,\"modified\":\"2025-08-02 09:15:46\",\"name\":\"product-52\",\"extension\":\"jpg\"}','2025-08-02 02:15:46','2025-08-02 02:15:46'),(232,199,'ecommerce/digital-product-files/product-14.jpg','{\"filename\":\"product-14.jpg\",\"url\":\"ecommerce\\/digital-product-files\\/product-14.jpg\",\"mime_type\":\"image\\/jpeg\",\"size\":9730,\"modified\":\"2025-08-02 09:15:46\",\"name\":\"product-14\",\"extension\":\"jpg\"}','2025-08-02 02:15:46','2025-08-02 02:15:46'),(233,199,'ecommerce/digital-product-files/product-78.jpg','{\"filename\":\"product-78.jpg\",\"url\":\"ecommerce\\/digital-product-files\\/product-78.jpg\",\"mime_type\":\"image\\/jpeg\",\"size\":9730,\"modified\":\"2025-08-02 09:15:46\",\"name\":\"product-78\",\"extension\":\"jpg\"}','2025-08-02 02:15:46','2025-08-02 02:15:46'),(234,199,'ecommerce/digital-product-files/product-23.jpg','{\"filename\":\"product-23.jpg\",\"url\":\"ecommerce\\/digital-product-files\\/product-23.jpg\",\"mime_type\":\"image\\/jpeg\",\"size\":9730,\"modified\":\"2025-08-02 09:15:46\",\"name\":\"product-23\",\"extension\":\"jpg\"}','2025-08-02 02:15:46','2025-08-02 02:15:46'),(235,199,'ecommerce/digital-product-files/product-34.jpg','{\"filename\":\"product-34.jpg\",\"url\":\"ecommerce\\/digital-product-files\\/product-34.jpg\",\"mime_type\":\"image\\/jpeg\",\"size\":9730,\"modified\":\"2025-08-02 09:15:46\",\"name\":\"product-34\",\"extension\":\"jpg\"}','2025-08-02 02:15:46','2025-08-02 02:15:46'),(236,199,'ecommerce/digital-product-files/product-29.jpg','{\"filename\":\"product-29.jpg\",\"url\":\"ecommerce\\/digital-product-files\\/product-29.jpg\",\"mime_type\":\"image\\/jpeg\",\"size\":9730,\"modified\":\"2025-08-02 09:15:46\",\"name\":\"product-29\",\"extension\":\"jpg\"}','2025-08-02 02:15:46','2025-08-02 02:15:46'),(237,206,'ecommerce/digital-product-files/product-24.jpg','{\"filename\":\"product-24.jpg\",\"url\":\"ecommerce\\/digital-product-files\\/product-24.jpg\",\"mime_type\":\"image\\/jpeg\",\"size\":9730,\"modified\":\"2025-08-02 09:15:46\",\"name\":\"product-24\",\"extension\":\"jpg\"}','2025-08-02 02:15:46','2025-08-02 02:15:46'),(238,206,'ecommerce/digital-product-files/product-81.jpg','{\"filename\":\"product-81.jpg\",\"url\":\"ecommerce\\/digital-product-files\\/product-81.jpg\",\"mime_type\":\"image\\/jpeg\",\"size\":9730,\"modified\":\"2025-08-02 09:15:46\",\"name\":\"product-81\",\"extension\":\"jpg\"}','2025-08-02 02:15:46','2025-08-02 02:15:46'),(239,206,'ecommerce/digital-product-files/product-77.jpg','{\"filename\":\"product-77.jpg\",\"url\":\"ecommerce\\/digital-product-files\\/product-77.jpg\",\"mime_type\":\"image\\/jpeg\",\"size\":9730,\"modified\":\"2025-08-02 09:15:46\",\"name\":\"product-77\",\"extension\":\"jpg\"}','2025-08-02 02:15:46','2025-08-02 02:15:46'),(240,206,'ecommerce/digital-product-files/product-92.jpg','{\"filename\":\"product-92.jpg\",\"url\":\"ecommerce\\/digital-product-files\\/product-92.jpg\",\"mime_type\":\"image\\/jpeg\",\"size\":9730,\"modified\":\"2025-08-02 09:15:46\",\"name\":\"product-92\",\"extension\":\"jpg\"}','2025-08-02 02:15:46','2025-08-02 02:15:46'),(241,206,'ecommerce/digital-product-files/product-68.jpg','{\"filename\":\"product-68.jpg\",\"url\":\"ecommerce\\/digital-product-files\\/product-68.jpg\",\"mime_type\":\"image\\/jpeg\",\"size\":9730,\"modified\":\"2025-08-02 09:15:46\",\"name\":\"product-68\",\"extension\":\"jpg\"}','2025-08-02 02:15:46','2025-08-02 02:15:46'),(242,206,'ecommerce/digital-product-files/product-80.jpg','{\"filename\":\"product-80.jpg\",\"url\":\"ecommerce\\/digital-product-files\\/product-80.jpg\",\"mime_type\":\"image\\/jpeg\",\"size\":9730,\"modified\":\"2025-08-02 09:15:46\",\"name\":\"product-80\",\"extension\":\"jpg\"}','2025-08-02 02:15:46','2025-08-02 02:15:46'),(243,206,'ecommerce/digital-product-files/product-3.jpg','{\"filename\":\"product-3.jpg\",\"url\":\"ecommerce\\/digital-product-files\\/product-3.jpg\",\"mime_type\":\"image\\/jpeg\",\"size\":9730,\"modified\":\"2025-08-02 09:15:46\",\"name\":\"product-3\",\"extension\":\"jpg\"}','2025-08-02 02:15:46','2025-08-02 02:15:46'),(244,206,'ecommerce/digital-product-files/product-55.jpg','{\"filename\":\"product-55.jpg\",\"url\":\"ecommerce\\/digital-product-files\\/product-55.jpg\",\"mime_type\":\"image\\/jpeg\",\"size\":9730,\"modified\":\"2025-08-02 09:15:46\",\"name\":\"product-55\",\"extension\":\"jpg\"}','2025-08-02 02:15:46','2025-08-02 02:15:46'),(245,206,'ecommerce/digital-product-files/product-27.jpg','{\"filename\":\"product-27.jpg\",\"url\":\"ecommerce\\/digital-product-files\\/product-27.jpg\",\"mime_type\":\"image\\/jpeg\",\"size\":9730,\"modified\":\"2025-08-02 09:15:46\",\"name\":\"product-27\",\"extension\":\"jpg\"}','2025-08-02 02:15:46','2025-08-02 02:15:46'),(246,206,'ecommerce/digital-product-files/product-36.jpg','{\"filename\":\"product-36.jpg\",\"url\":\"ecommerce\\/digital-product-files\\/product-36.jpg\",\"mime_type\":\"image\\/jpeg\",\"size\":9730,\"modified\":\"2025-08-02 09:15:46\",\"name\":\"product-36\",\"extension\":\"jpg\"}','2025-08-02 02:15:46','2025-08-02 02:15:46'),(247,206,'ecommerce/digital-product-files/product-70.jpg','{\"filename\":\"product-70.jpg\",\"url\":\"ecommerce\\/digital-product-files\\/product-70.jpg\",\"mime_type\":\"image\\/jpeg\",\"size\":9730,\"modified\":\"2025-08-02 09:15:46\",\"name\":\"product-70\",\"extension\":\"jpg\"}','2025-08-02 02:15:46','2025-08-02 02:15:46'),(248,206,'ecommerce/digital-product-files/product-75.jpg','{\"filename\":\"product-75.jpg\",\"url\":\"ecommerce\\/digital-product-files\\/product-75.jpg\",\"mime_type\":\"image\\/jpeg\",\"size\":9730,\"modified\":\"2025-08-02 09:15:46\",\"name\":\"product-75\",\"extension\":\"jpg\"}','2025-08-02 02:15:46','2025-08-02 02:15:46'),(249,207,'ecommerce/digital-product-files/product-24.jpg','{\"filename\":\"product-24.jpg\",\"url\":\"ecommerce\\/digital-product-files\\/product-24.jpg\",\"mime_type\":\"image\\/jpeg\",\"size\":9730,\"modified\":\"2025-08-02 09:15:46\",\"name\":\"product-24\",\"extension\":\"jpg\"}','2025-08-02 02:15:46','2025-08-02 02:15:46'),(250,207,'ecommerce/digital-product-files/product-81.jpg','{\"filename\":\"product-81.jpg\",\"url\":\"ecommerce\\/digital-product-files\\/product-81.jpg\",\"mime_type\":\"image\\/jpeg\",\"size\":9730,\"modified\":\"2025-08-02 09:15:46\",\"name\":\"product-81\",\"extension\":\"jpg\"}','2025-08-02 02:15:46','2025-08-02 02:15:46'),(251,207,'ecommerce/digital-product-files/product-77.jpg','{\"filename\":\"product-77.jpg\",\"url\":\"ecommerce\\/digital-product-files\\/product-77.jpg\",\"mime_type\":\"image\\/jpeg\",\"size\":9730,\"modified\":\"2025-08-02 09:15:46\",\"name\":\"product-77\",\"extension\":\"jpg\"}','2025-08-02 02:15:46','2025-08-02 02:15:46'),(252,207,'ecommerce/digital-product-files/product-92.jpg','{\"filename\":\"product-92.jpg\",\"url\":\"ecommerce\\/digital-product-files\\/product-92.jpg\",\"mime_type\":\"image\\/jpeg\",\"size\":9730,\"modified\":\"2025-08-02 09:15:46\",\"name\":\"product-92\",\"extension\":\"jpg\"}','2025-08-02 02:15:46','2025-08-02 02:15:46'),(253,207,'ecommerce/digital-product-files/product-68.jpg','{\"filename\":\"product-68.jpg\",\"url\":\"ecommerce\\/digital-product-files\\/product-68.jpg\",\"mime_type\":\"image\\/jpeg\",\"size\":9730,\"modified\":\"2025-08-02 09:15:46\",\"name\":\"product-68\",\"extension\":\"jpg\"}','2025-08-02 02:15:46','2025-08-02 02:15:46'),(254,207,'ecommerce/digital-product-files/product-80.jpg','{\"filename\":\"product-80.jpg\",\"url\":\"ecommerce\\/digital-product-files\\/product-80.jpg\",\"mime_type\":\"image\\/jpeg\",\"size\":9730,\"modified\":\"2025-08-02 09:15:46\",\"name\":\"product-80\",\"extension\":\"jpg\"}','2025-08-02 02:15:46','2025-08-02 02:15:46'),(255,207,'ecommerce/digital-product-files/product-3.jpg','{\"filename\":\"product-3.jpg\",\"url\":\"ecommerce\\/digital-product-files\\/product-3.jpg\",\"mime_type\":\"image\\/jpeg\",\"size\":9730,\"modified\":\"2025-08-02 09:15:46\",\"name\":\"product-3\",\"extension\":\"jpg\"}','2025-08-02 02:15:46','2025-08-02 02:15:46'),(256,207,'ecommerce/digital-product-files/product-55.jpg','{\"filename\":\"product-55.jpg\",\"url\":\"ecommerce\\/digital-product-files\\/product-55.jpg\",\"mime_type\":\"image\\/jpeg\",\"size\":9730,\"modified\":\"2025-08-02 09:15:46\",\"name\":\"product-55\",\"extension\":\"jpg\"}','2025-08-02 02:15:46','2025-08-02 02:15:46'),(257,207,'ecommerce/digital-product-files/product-27.jpg','{\"filename\":\"product-27.jpg\",\"url\":\"ecommerce\\/digital-product-files\\/product-27.jpg\",\"mime_type\":\"image\\/jpeg\",\"size\":9730,\"modified\":\"2025-08-02 09:15:46\",\"name\":\"product-27\",\"extension\":\"jpg\"}','2025-08-02 02:15:46','2025-08-02 02:15:46'),(258,207,'ecommerce/digital-product-files/product-36.jpg','{\"filename\":\"product-36.jpg\",\"url\":\"ecommerce\\/digital-product-files\\/product-36.jpg\",\"mime_type\":\"image\\/jpeg\",\"size\":9730,\"modified\":\"2025-08-02 09:15:46\",\"name\":\"product-36\",\"extension\":\"jpg\"}','2025-08-02 02:15:46','2025-08-02 02:15:46'),(259,207,'ecommerce/digital-product-files/product-70.jpg','{\"filename\":\"product-70.jpg\",\"url\":\"ecommerce\\/digital-product-files\\/product-70.jpg\",\"mime_type\":\"image\\/jpeg\",\"size\":9730,\"modified\":\"2025-08-02 09:15:46\",\"name\":\"product-70\",\"extension\":\"jpg\"}','2025-08-02 02:15:46','2025-08-02 02:15:46'),(260,207,'ecommerce/digital-product-files/product-75.jpg','{\"filename\":\"product-75.jpg\",\"url\":\"ecommerce\\/digital-product-files\\/product-75.jpg\",\"mime_type\":\"image\\/jpeg\",\"size\":9730,\"modified\":\"2025-08-02 09:15:46\",\"name\":\"product-75\",\"extension\":\"jpg\"}','2025-08-02 02:15:46','2025-08-02 02:15:46'),(261,220,'ecommerce/digital-product-files/product-57.jpg','{\"filename\":\"product-57.jpg\",\"url\":\"ecommerce\\/digital-product-files\\/product-57.jpg\",\"mime_type\":\"image\\/jpeg\",\"size\":9730,\"modified\":\"2025-08-02 09:15:46\",\"name\":\"product-57\",\"extension\":\"jpg\"}','2025-08-02 02:15:46','2025-08-02 02:15:46'),(262,220,'ecommerce/digital-product-files/product-51.jpg','{\"filename\":\"product-51.jpg\",\"url\":\"ecommerce\\/digital-product-files\\/product-51.jpg\",\"mime_type\":\"image\\/jpeg\",\"size\":9730,\"modified\":\"2025-08-02 09:15:46\",\"name\":\"product-51\",\"extension\":\"jpg\"}','2025-08-02 02:15:46','2025-08-02 02:15:46'),(263,220,'ecommerce/digital-product-files/product-10.jpg','{\"filename\":\"product-10.jpg\",\"url\":\"ecommerce\\/digital-product-files\\/product-10.jpg\",\"mime_type\":\"image\\/jpeg\",\"size\":9730,\"modified\":\"2025-08-02 09:15:46\",\"name\":\"product-10\",\"extension\":\"jpg\"}','2025-08-02 02:15:46','2025-08-02 02:15:46'),(264,220,'ecommerce/digital-product-files/product-83.jpg','{\"filename\":\"product-83.jpg\",\"url\":\"ecommerce\\/digital-product-files\\/product-83.jpg\",\"mime_type\":\"image\\/jpeg\",\"size\":9730,\"modified\":\"2025-08-02 09:15:46\",\"name\":\"product-83\",\"extension\":\"jpg\"}','2025-08-02 02:15:46','2025-08-02 02:15:46'),(265,220,'ecommerce/digital-product-files/product-9.jpg','{\"filename\":\"product-9.jpg\",\"url\":\"ecommerce\\/digital-product-files\\/product-9.jpg\",\"mime_type\":\"image\\/jpeg\",\"size\":9730,\"modified\":\"2025-08-02 09:15:46\",\"name\":\"product-9\",\"extension\":\"jpg\"}','2025-08-02 02:15:46','2025-08-02 02:15:46'),(266,220,'ecommerce/digital-product-files/product-20.jpg','{\"filename\":\"product-20.jpg\",\"url\":\"ecommerce\\/digital-product-files\\/product-20.jpg\",\"mime_type\":\"image\\/jpeg\",\"size\":9730,\"modified\":\"2025-08-02 09:15:46\",\"name\":\"product-20\",\"extension\":\"jpg\"}','2025-08-02 02:15:46','2025-08-02 02:15:46'),(267,221,'ecommerce/digital-product-files/product-57.jpg','{\"filename\":\"product-57.jpg\",\"url\":\"ecommerce\\/digital-product-files\\/product-57.jpg\",\"mime_type\":\"image\\/jpeg\",\"size\":9730,\"modified\":\"2025-08-02 09:15:46\",\"name\":\"product-57\",\"extension\":\"jpg\"}','2025-08-02 02:15:46','2025-08-02 02:15:46'),(268,221,'ecommerce/digital-product-files/product-51.jpg','{\"filename\":\"product-51.jpg\",\"url\":\"ecommerce\\/digital-product-files\\/product-51.jpg\",\"mime_type\":\"image\\/jpeg\",\"size\":9730,\"modified\":\"2025-08-02 09:15:46\",\"name\":\"product-51\",\"extension\":\"jpg\"}','2025-08-02 02:15:46','2025-08-02 02:15:46'),(269,221,'ecommerce/digital-product-files/product-10.jpg','{\"filename\":\"product-10.jpg\",\"url\":\"ecommerce\\/digital-product-files\\/product-10.jpg\",\"mime_type\":\"image\\/jpeg\",\"size\":9730,\"modified\":\"2025-08-02 09:15:46\",\"name\":\"product-10\",\"extension\":\"jpg\"}','2025-08-02 02:15:46','2025-08-02 02:15:46'),(270,221,'ecommerce/digital-product-files/product-83.jpg','{\"filename\":\"product-83.jpg\",\"url\":\"ecommerce\\/digital-product-files\\/product-83.jpg\",\"mime_type\":\"image\\/jpeg\",\"size\":9730,\"modified\":\"2025-08-02 09:15:46\",\"name\":\"product-83\",\"extension\":\"jpg\"}','2025-08-02 02:15:46','2025-08-02 02:15:46'),(271,221,'ecommerce/digital-product-files/product-9.jpg','{\"filename\":\"product-9.jpg\",\"url\":\"ecommerce\\/digital-product-files\\/product-9.jpg\",\"mime_type\":\"image\\/jpeg\",\"size\":9730,\"modified\":\"2025-08-02 09:15:46\",\"name\":\"product-9\",\"extension\":\"jpg\"}','2025-08-02 02:15:46','2025-08-02 02:15:46'),(272,221,'ecommerce/digital-product-files/product-20.jpg','{\"filename\":\"product-20.jpg\",\"url\":\"ecommerce\\/digital-product-files\\/product-20.jpg\",\"mime_type\":\"image\\/jpeg\",\"size\":9730,\"modified\":\"2025-08-02 09:15:46\",\"name\":\"product-20\",\"extension\":\"jpg\"}','2025-08-02 02:15:46','2025-08-02 02:15:46'),(273,222,'ecommerce/digital-product-files/product-57.jpg','{\"filename\":\"product-57.jpg\",\"url\":\"ecommerce\\/digital-product-files\\/product-57.jpg\",\"mime_type\":\"image\\/jpeg\",\"size\":9730,\"modified\":\"2025-08-02 09:15:46\",\"name\":\"product-57\",\"extension\":\"jpg\"}','2025-08-02 02:15:46','2025-08-02 02:15:46'),(274,222,'ecommerce/digital-product-files/product-51.jpg','{\"filename\":\"product-51.jpg\",\"url\":\"ecommerce\\/digital-product-files\\/product-51.jpg\",\"mime_type\":\"image\\/jpeg\",\"size\":9730,\"modified\":\"2025-08-02 09:15:46\",\"name\":\"product-51\",\"extension\":\"jpg\"}','2025-08-02 02:15:46','2025-08-02 02:15:46'),(275,222,'ecommerce/digital-product-files/product-10.jpg','{\"filename\":\"product-10.jpg\",\"url\":\"ecommerce\\/digital-product-files\\/product-10.jpg\",\"mime_type\":\"image\\/jpeg\",\"size\":9730,\"modified\":\"2025-08-02 09:15:46\",\"name\":\"product-10\",\"extension\":\"jpg\"}','2025-08-02 02:15:46','2025-08-02 02:15:46'),(276,222,'ecommerce/digital-product-files/product-83.jpg','{\"filename\":\"product-83.jpg\",\"url\":\"ecommerce\\/digital-product-files\\/product-83.jpg\",\"mime_type\":\"image\\/jpeg\",\"size\":9730,\"modified\":\"2025-08-02 09:15:46\",\"name\":\"product-83\",\"extension\":\"jpg\"}','2025-08-02 02:15:46','2025-08-02 02:15:46'),(277,222,'ecommerce/digital-product-files/product-9.jpg','{\"filename\":\"product-9.jpg\",\"url\":\"ecommerce\\/digital-product-files\\/product-9.jpg\",\"mime_type\":\"image\\/jpeg\",\"size\":9730,\"modified\":\"2025-08-02 09:15:46\",\"name\":\"product-9\",\"extension\":\"jpg\"}','2025-08-02 02:15:46','2025-08-02 02:15:46'),(278,222,'ecommerce/digital-product-files/product-20.jpg','{\"filename\":\"product-20.jpg\",\"url\":\"ecommerce\\/digital-product-files\\/product-20.jpg\",\"mime_type\":\"image\\/jpeg\",\"size\":9730,\"modified\":\"2025-08-02 09:15:46\",\"name\":\"product-20\",\"extension\":\"jpg\"}','2025-08-02 02:15:46','2025-08-02 02:15:46'),(279,232,'ecommerce/digital-product-files/product-59.jpg','{\"filename\":\"product-59.jpg\",\"url\":\"ecommerce\\/digital-product-files\\/product-59.jpg\",\"mime_type\":\"image\\/jpeg\",\"size\":9730,\"modified\":\"2025-08-02 09:15:46\",\"name\":\"product-59\",\"extension\":\"jpg\"}','2025-08-02 02:15:46','2025-08-02 02:15:46'),(280,232,'ecommerce/digital-product-files/product-46.jpg','{\"filename\":\"product-46.jpg\",\"url\":\"ecommerce\\/digital-product-files\\/product-46.jpg\",\"mime_type\":\"image\\/jpeg\",\"size\":9730,\"modified\":\"2025-08-02 09:15:46\",\"name\":\"product-46\",\"extension\":\"jpg\"}','2025-08-02 02:15:46','2025-08-02 02:15:46'),(281,232,'ecommerce/digital-product-files/product-40.jpg','{\"filename\":\"product-40.jpg\",\"url\":\"ecommerce\\/digital-product-files\\/product-40.jpg\",\"mime_type\":\"image\\/jpeg\",\"size\":9730,\"modified\":\"2025-08-02 09:15:46\",\"name\":\"product-40\",\"extension\":\"jpg\"}','2025-08-02 02:15:46','2025-08-02 02:15:46'),(282,232,'ecommerce/digital-product-files/product-42.jpg','{\"filename\":\"product-42.jpg\",\"url\":\"ecommerce\\/digital-product-files\\/product-42.jpg\",\"mime_type\":\"image\\/jpeg\",\"size\":9730,\"modified\":\"2025-08-02 09:15:46\",\"name\":\"product-42\",\"extension\":\"jpg\"}','2025-08-02 02:15:46','2025-08-02 02:15:46'),(283,232,'ecommerce/digital-product-files/product-65.jpg','{\"filename\":\"product-65.jpg\",\"url\":\"ecommerce\\/digital-product-files\\/product-65.jpg\",\"mime_type\":\"image\\/jpeg\",\"size\":9730,\"modified\":\"2025-08-02 09:15:46\",\"name\":\"product-65\",\"extension\":\"jpg\"}','2025-08-02 02:15:46','2025-08-02 02:15:46'),(284,232,'ecommerce/digital-product-files/product-27.jpg','{\"filename\":\"product-27.jpg\",\"url\":\"ecommerce\\/digital-product-files\\/product-27.jpg\",\"mime_type\":\"image\\/jpeg\",\"size\":9730,\"modified\":\"2025-08-02 09:15:46\",\"name\":\"product-27\",\"extension\":\"jpg\"}','2025-08-02 02:15:46','2025-08-02 02:15:46'),(285,232,'ecommerce/digital-product-files/product-84.jpg','{\"filename\":\"product-84.jpg\",\"url\":\"ecommerce\\/digital-product-files\\/product-84.jpg\",\"mime_type\":\"image\\/jpeg\",\"size\":9730,\"modified\":\"2025-08-02 09:15:46\",\"name\":\"product-84\",\"extension\":\"jpg\"}','2025-08-02 02:15:46','2025-08-02 02:15:46'),(286,232,'ecommerce/digital-product-files/product-34.jpg','{\"filename\":\"product-34.jpg\",\"url\":\"ecommerce\\/digital-product-files\\/product-34.jpg\",\"mime_type\":\"image\\/jpeg\",\"size\":9730,\"modified\":\"2025-08-02 09:15:46\",\"name\":\"product-34\",\"extension\":\"jpg\"}','2025-08-02 02:15:46','2025-08-02 02:15:46'),(287,241,'ecommerce/digital-product-files/product-22.jpg','{\"filename\":\"product-22.jpg\",\"url\":\"ecommerce\\/digital-product-files\\/product-22.jpg\",\"mime_type\":\"image\\/jpeg\",\"size\":9730,\"modified\":\"2025-08-02 09:15:46\",\"name\":\"product-22\",\"extension\":\"jpg\"}','2025-08-02 02:15:46','2025-08-02 02:15:46'),(288,241,'ecommerce/digital-product-files/product-2.jpg','{\"filename\":\"product-2.jpg\",\"url\":\"ecommerce\\/digital-product-files\\/product-2.jpg\",\"mime_type\":\"image\\/jpeg\",\"size\":9730,\"modified\":\"2025-08-02 09:15:46\",\"name\":\"product-2\",\"extension\":\"jpg\"}','2025-08-02 02:15:46','2025-08-02 02:15:46'),(289,241,'ecommerce/digital-product-files/product-23.jpg','{\"filename\":\"product-23.jpg\",\"url\":\"ecommerce\\/digital-product-files\\/product-23.jpg\",\"mime_type\":\"image\\/jpeg\",\"size\":9730,\"modified\":\"2025-08-02 09:15:46\",\"name\":\"product-23\",\"extension\":\"jpg\"}','2025-08-02 02:15:46','2025-08-02 02:15:46'),(290,241,'ecommerce/digital-product-files/product-30.jpg','{\"filename\":\"product-30.jpg\",\"url\":\"ecommerce\\/digital-product-files\\/product-30.jpg\",\"mime_type\":\"image\\/jpeg\",\"size\":9730,\"modified\":\"2025-08-02 09:15:46\",\"name\":\"product-30\",\"extension\":\"jpg\"}','2025-08-02 02:15:46','2025-08-02 02:15:46'),(291,241,'ecommerce/digital-product-files/product-5.jpg','{\"filename\":\"product-5.jpg\",\"url\":\"ecommerce\\/digital-product-files\\/product-5.jpg\",\"mime_type\":\"image\\/jpeg\",\"size\":9730,\"modified\":\"2025-08-02 09:15:46\",\"name\":\"product-5\",\"extension\":\"jpg\"}','2025-08-02 02:15:46','2025-08-02 02:15:46'),(292,241,'ecommerce/digital-product-files/product-53.jpg','{\"filename\":\"product-53.jpg\",\"url\":\"ecommerce\\/digital-product-files\\/product-53.jpg\",\"mime_type\":\"image\\/jpeg\",\"size\":9730,\"modified\":\"2025-08-02 09:15:46\",\"name\":\"product-53\",\"extension\":\"jpg\"}','2025-08-02 02:15:46','2025-08-02 02:15:46'),(293,241,'ecommerce/digital-product-files/product-52.jpg','{\"filename\":\"product-52.jpg\",\"url\":\"ecommerce\\/digital-product-files\\/product-52.jpg\",\"mime_type\":\"image\\/jpeg\",\"size\":9730,\"modified\":\"2025-08-02 09:15:46\",\"name\":\"product-52\",\"extension\":\"jpg\"}','2025-08-02 02:15:46','2025-08-02 02:15:46'),(294,241,'ecommerce/digital-product-files/product-93.jpg','{\"filename\":\"product-93.jpg\",\"url\":\"ecommerce\\/digital-product-files\\/product-93.jpg\",\"mime_type\":\"image\\/jpeg\",\"size\":9730,\"modified\":\"2025-08-02 09:15:46\",\"name\":\"product-93\",\"extension\":\"jpg\"}','2025-08-02 02:15:46','2025-08-02 02:15:46'),(295,241,'ecommerce/digital-product-files/product-86.jpg','{\"filename\":\"product-86.jpg\",\"url\":\"ecommerce\\/digital-product-files\\/product-86.jpg\",\"mime_type\":\"image\\/jpeg\",\"size\":9730,\"modified\":\"2025-08-02 09:15:46\",\"name\":\"product-86\",\"extension\":\"jpg\"}','2025-08-02 02:15:46','2025-08-02 02:15:46'),(296,241,'ecommerce/digital-product-files/product-37.jpg','{\"filename\":\"product-37.jpg\",\"url\":\"ecommerce\\/digital-product-files\\/product-37.jpg\",\"mime_type\":\"image\\/jpeg\",\"size\":9730,\"modified\":\"2025-08-02 09:15:46\",\"name\":\"product-37\",\"extension\":\"jpg\"}','2025-08-02 02:15:46','2025-08-02 02:15:46'),(297,241,'ecommerce/digital-product-files/product-16.jpg','{\"filename\":\"product-16.jpg\",\"url\":\"ecommerce\\/digital-product-files\\/product-16.jpg\",\"mime_type\":\"image\\/jpeg\",\"size\":9730,\"modified\":\"2025-08-02 09:15:46\",\"name\":\"product-16\",\"extension\":\"jpg\"}','2025-08-02 02:15:46','2025-08-02 02:15:46'),(298,242,'ecommerce/digital-product-files/product-22.jpg','{\"filename\":\"product-22.jpg\",\"url\":\"ecommerce\\/digital-product-files\\/product-22.jpg\",\"mime_type\":\"image\\/jpeg\",\"size\":9730,\"modified\":\"2025-08-02 09:15:46\",\"name\":\"product-22\",\"extension\":\"jpg\"}','2025-08-02 02:15:46','2025-08-02 02:15:46'),(299,242,'ecommerce/digital-product-files/product-2.jpg','{\"filename\":\"product-2.jpg\",\"url\":\"ecommerce\\/digital-product-files\\/product-2.jpg\",\"mime_type\":\"image\\/jpeg\",\"size\":9730,\"modified\":\"2025-08-02 09:15:46\",\"name\":\"product-2\",\"extension\":\"jpg\"}','2025-08-02 02:15:46','2025-08-02 02:15:46'),(300,242,'ecommerce/digital-product-files/product-23.jpg','{\"filename\":\"product-23.jpg\",\"url\":\"ecommerce\\/digital-product-files\\/product-23.jpg\",\"mime_type\":\"image\\/jpeg\",\"size\":9730,\"modified\":\"2025-08-02 09:15:46\",\"name\":\"product-23\",\"extension\":\"jpg\"}','2025-08-02 02:15:46','2025-08-02 02:15:46'),(301,242,'ecommerce/digital-product-files/product-30.jpg','{\"filename\":\"product-30.jpg\",\"url\":\"ecommerce\\/digital-product-files\\/product-30.jpg\",\"mime_type\":\"image\\/jpeg\",\"size\":9730,\"modified\":\"2025-08-02 09:15:46\",\"name\":\"product-30\",\"extension\":\"jpg\"}','2025-08-02 02:15:46','2025-08-02 02:15:46'),(302,242,'ecommerce/digital-product-files/product-5.jpg','{\"filename\":\"product-5.jpg\",\"url\":\"ecommerce\\/digital-product-files\\/product-5.jpg\",\"mime_type\":\"image\\/jpeg\",\"size\":9730,\"modified\":\"2025-08-02 09:15:46\",\"name\":\"product-5\",\"extension\":\"jpg\"}','2025-08-02 02:15:46','2025-08-02 02:15:46'),(303,242,'ecommerce/digital-product-files/product-53.jpg','{\"filename\":\"product-53.jpg\",\"url\":\"ecommerce\\/digital-product-files\\/product-53.jpg\",\"mime_type\":\"image\\/jpeg\",\"size\":9730,\"modified\":\"2025-08-02 09:15:46\",\"name\":\"product-53\",\"extension\":\"jpg\"}','2025-08-02 02:15:46','2025-08-02 02:15:46'),(304,242,'ecommerce/digital-product-files/product-52.jpg','{\"filename\":\"product-52.jpg\",\"url\":\"ecommerce\\/digital-product-files\\/product-52.jpg\",\"mime_type\":\"image\\/jpeg\",\"size\":9730,\"modified\":\"2025-08-02 09:15:46\",\"name\":\"product-52\",\"extension\":\"jpg\"}','2025-08-02 02:15:46','2025-08-02 02:15:46'),(305,242,'ecommerce/digital-product-files/product-93.jpg','{\"filename\":\"product-93.jpg\",\"url\":\"ecommerce\\/digital-product-files\\/product-93.jpg\",\"mime_type\":\"image\\/jpeg\",\"size\":9730,\"modified\":\"2025-08-02 09:15:46\",\"name\":\"product-93\",\"extension\":\"jpg\"}','2025-08-02 02:15:46','2025-08-02 02:15:46'),(306,242,'ecommerce/digital-product-files/product-86.jpg','{\"filename\":\"product-86.jpg\",\"url\":\"ecommerce\\/digital-product-files\\/product-86.jpg\",\"mime_type\":\"image\\/jpeg\",\"size\":9730,\"modified\":\"2025-08-02 09:15:46\",\"name\":\"product-86\",\"extension\":\"jpg\"}','2025-08-02 02:15:46','2025-08-02 02:15:46'),(307,242,'ecommerce/digital-product-files/product-37.jpg','{\"filename\":\"product-37.jpg\",\"url\":\"ecommerce\\/digital-product-files\\/product-37.jpg\",\"mime_type\":\"image\\/jpeg\",\"size\":9730,\"modified\":\"2025-08-02 09:15:46\",\"name\":\"product-37\",\"extension\":\"jpg\"}','2025-08-02 02:15:46','2025-08-02 02:15:46'),(308,242,'ecommerce/digital-product-files/product-16.jpg','{\"filename\":\"product-16.jpg\",\"url\":\"ecommerce\\/digital-product-files\\/product-16.jpg\",\"mime_type\":\"image\\/jpeg\",\"size\":9730,\"modified\":\"2025-08-02 09:15:47\",\"name\":\"product-16\",\"extension\":\"jpg\"}','2025-08-02 02:15:47','2025-08-02 02:15:47'),(309,243,'ecommerce/digital-product-files/product-22.jpg','{\"filename\":\"product-22.jpg\",\"url\":\"ecommerce\\/digital-product-files\\/product-22.jpg\",\"mime_type\":\"image\\/jpeg\",\"size\":9730,\"modified\":\"2025-08-02 09:15:47\",\"name\":\"product-22\",\"extension\":\"jpg\"}','2025-08-02 02:15:47','2025-08-02 02:15:47'),(310,243,'ecommerce/digital-product-files/product-2.jpg','{\"filename\":\"product-2.jpg\",\"url\":\"ecommerce\\/digital-product-files\\/product-2.jpg\",\"mime_type\":\"image\\/jpeg\",\"size\":9730,\"modified\":\"2025-08-02 09:15:47\",\"name\":\"product-2\",\"extension\":\"jpg\"}','2025-08-02 02:15:47','2025-08-02 02:15:47'),(311,243,'ecommerce/digital-product-files/product-23.jpg','{\"filename\":\"product-23.jpg\",\"url\":\"ecommerce\\/digital-product-files\\/product-23.jpg\",\"mime_type\":\"image\\/jpeg\",\"size\":9730,\"modified\":\"2025-08-02 09:15:47\",\"name\":\"product-23\",\"extension\":\"jpg\"}','2025-08-02 02:15:47','2025-08-02 02:15:47'),(312,243,'ecommerce/digital-product-files/product-30.jpg','{\"filename\":\"product-30.jpg\",\"url\":\"ecommerce\\/digital-product-files\\/product-30.jpg\",\"mime_type\":\"image\\/jpeg\",\"size\":9730,\"modified\":\"2025-08-02 09:15:47\",\"name\":\"product-30\",\"extension\":\"jpg\"}','2025-08-02 02:15:47','2025-08-02 02:15:47'),(313,243,'ecommerce/digital-product-files/product-5.jpg','{\"filename\":\"product-5.jpg\",\"url\":\"ecommerce\\/digital-product-files\\/product-5.jpg\",\"mime_type\":\"image\\/jpeg\",\"size\":9730,\"modified\":\"2025-08-02 09:15:47\",\"name\":\"product-5\",\"extension\":\"jpg\"}','2025-08-02 02:15:47','2025-08-02 02:15:47'),(314,243,'ecommerce/digital-product-files/product-53.jpg','{\"filename\":\"product-53.jpg\",\"url\":\"ecommerce\\/digital-product-files\\/product-53.jpg\",\"mime_type\":\"image\\/jpeg\",\"size\":9730,\"modified\":\"2025-08-02 09:15:47\",\"name\":\"product-53\",\"extension\":\"jpg\"}','2025-08-02 02:15:47','2025-08-02 02:15:47'),(315,243,'ecommerce/digital-product-files/product-52.jpg','{\"filename\":\"product-52.jpg\",\"url\":\"ecommerce\\/digital-product-files\\/product-52.jpg\",\"mime_type\":\"image\\/jpeg\",\"size\":9730,\"modified\":\"2025-08-02 09:15:47\",\"name\":\"product-52\",\"extension\":\"jpg\"}','2025-08-02 02:15:47','2025-08-02 02:15:47'),(316,243,'ecommerce/digital-product-files/product-93.jpg','{\"filename\":\"product-93.jpg\",\"url\":\"ecommerce\\/digital-product-files\\/product-93.jpg\",\"mime_type\":\"image\\/jpeg\",\"size\":9730,\"modified\":\"2025-08-02 09:15:47\",\"name\":\"product-93\",\"extension\":\"jpg\"}','2025-08-02 02:15:47','2025-08-02 02:15:47'),(317,243,'ecommerce/digital-product-files/product-86.jpg','{\"filename\":\"product-86.jpg\",\"url\":\"ecommerce\\/digital-product-files\\/product-86.jpg\",\"mime_type\":\"image\\/jpeg\",\"size\":9730,\"modified\":\"2025-08-02 09:15:47\",\"name\":\"product-86\",\"extension\":\"jpg\"}','2025-08-02 02:15:47','2025-08-02 02:15:47'),(318,243,'ecommerce/digital-product-files/product-37.jpg','{\"filename\":\"product-37.jpg\",\"url\":\"ecommerce\\/digital-product-files\\/product-37.jpg\",\"mime_type\":\"image\\/jpeg\",\"size\":9730,\"modified\":\"2025-08-02 09:15:47\",\"name\":\"product-37\",\"extension\":\"jpg\"}','2025-08-02 02:15:47','2025-08-02 02:15:47'),(319,243,'ecommerce/digital-product-files/product-16.jpg','{\"filename\":\"product-16.jpg\",\"url\":\"ecommerce\\/digital-product-files\\/product-16.jpg\",\"mime_type\":\"image\\/jpeg\",\"size\":9730,\"modified\":\"2025-08-02 09:15:47\",\"name\":\"product-16\",\"extension\":\"jpg\"}','2025-08-02 02:15:47','2025-08-02 02:15:47'),(320,252,'ecommerce/digital-product-files/product-58.jpg','{\"filename\":\"product-58.jpg\",\"url\":\"ecommerce\\/digital-product-files\\/product-58.jpg\",\"mime_type\":\"image\\/jpeg\",\"size\":9730,\"modified\":\"2025-08-02 09:15:47\",\"name\":\"product-58\",\"extension\":\"jpg\"}','2025-08-02 02:15:47','2025-08-02 02:15:47'),(321,252,'ecommerce/digital-product-files/product-10.jpg','{\"filename\":\"product-10.jpg\",\"url\":\"ecommerce\\/digital-product-files\\/product-10.jpg\",\"mime_type\":\"image\\/jpeg\",\"size\":9730,\"modified\":\"2025-08-02 09:15:47\",\"name\":\"product-10\",\"extension\":\"jpg\"}','2025-08-02 02:15:47','2025-08-02 02:15:47'),(322,252,'ecommerce/digital-product-files/product-92.jpg','{\"filename\":\"product-92.jpg\",\"url\":\"ecommerce\\/digital-product-files\\/product-92.jpg\",\"mime_type\":\"image\\/jpeg\",\"size\":9730,\"modified\":\"2025-08-02 09:15:47\",\"name\":\"product-92\",\"extension\":\"jpg\"}','2025-08-02 02:15:47','2025-08-02 02:15:47'),(323,252,'ecommerce/digital-product-files/product-54.jpg','{\"filename\":\"product-54.jpg\",\"url\":\"ecommerce\\/digital-product-files\\/product-54.jpg\",\"mime_type\":\"image\\/jpeg\",\"size\":9730,\"modified\":\"2025-08-02 09:15:47\",\"name\":\"product-54\",\"extension\":\"jpg\"}','2025-08-02 02:15:47','2025-08-02 02:15:47'),(324,252,'ecommerce/digital-product-files/product-77.jpg','{\"filename\":\"product-77.jpg\",\"url\":\"ecommerce\\/digital-product-files\\/product-77.jpg\",\"mime_type\":\"image\\/jpeg\",\"size\":9730,\"modified\":\"2025-08-02 09:15:47\",\"name\":\"product-77\",\"extension\":\"jpg\"}','2025-08-02 02:15:47','2025-08-02 02:15:47'),(325,252,'ecommerce/digital-product-files/product-57.jpg','{\"filename\":\"product-57.jpg\",\"url\":\"ecommerce\\/digital-product-files\\/product-57.jpg\",\"mime_type\":\"image\\/jpeg\",\"size\":9730,\"modified\":\"2025-08-02 09:15:47\",\"name\":\"product-57\",\"extension\":\"jpg\"}','2025-08-02 02:15:47','2025-08-02 02:15:47'),(326,252,'ecommerce/digital-product-files/product-35.jpg','{\"filename\":\"product-35.jpg\",\"url\":\"ecommerce\\/digital-product-files\\/product-35.jpg\",\"mime_type\":\"image\\/jpeg\",\"size\":9730,\"modified\":\"2025-08-02 09:15:47\",\"name\":\"product-35\",\"extension\":\"jpg\"}','2025-08-02 02:15:47','2025-08-02 02:15:47'),(327,252,'ecommerce/digital-product-files/product-5.jpg','{\"filename\":\"product-5.jpg\",\"url\":\"ecommerce\\/digital-product-files\\/product-5.jpg\",\"mime_type\":\"image\\/jpeg\",\"size\":9730,\"modified\":\"2025-08-02 09:15:47\",\"name\":\"product-5\",\"extension\":\"jpg\"}','2025-08-02 02:15:47','2025-08-02 02:15:47'),(328,252,'ecommerce/digital-product-files/product-93.jpg','{\"filename\":\"product-93.jpg\",\"url\":\"ecommerce\\/digital-product-files\\/product-93.jpg\",\"mime_type\":\"image\\/jpeg\",\"size\":9730,\"modified\":\"2025-08-02 09:15:47\",\"name\":\"product-93\",\"extension\":\"jpg\"}','2025-08-02 02:15:47','2025-08-02 02:15:47'),(329,253,'ecommerce/digital-product-files/product-58.jpg','{\"filename\":\"product-58.jpg\",\"url\":\"ecommerce\\/digital-product-files\\/product-58.jpg\",\"mime_type\":\"image\\/jpeg\",\"size\":9730,\"modified\":\"2025-08-02 09:15:47\",\"name\":\"product-58\",\"extension\":\"jpg\"}','2025-08-02 02:15:47','2025-08-02 02:15:47'),(330,253,'ecommerce/digital-product-files/product-10.jpg','{\"filename\":\"product-10.jpg\",\"url\":\"ecommerce\\/digital-product-files\\/product-10.jpg\",\"mime_type\":\"image\\/jpeg\",\"size\":9730,\"modified\":\"2025-08-02 09:15:47\",\"name\":\"product-10\",\"extension\":\"jpg\"}','2025-08-02 02:15:47','2025-08-02 02:15:47'),(331,253,'ecommerce/digital-product-files/product-92.jpg','{\"filename\":\"product-92.jpg\",\"url\":\"ecommerce\\/digital-product-files\\/product-92.jpg\",\"mime_type\":\"image\\/jpeg\",\"size\":9730,\"modified\":\"2025-08-02 09:15:47\",\"name\":\"product-92\",\"extension\":\"jpg\"}','2025-08-02 02:15:47','2025-08-02 02:15:47'),(332,253,'ecommerce/digital-product-files/product-54.jpg','{\"filename\":\"product-54.jpg\",\"url\":\"ecommerce\\/digital-product-files\\/product-54.jpg\",\"mime_type\":\"image\\/jpeg\",\"size\":9730,\"modified\":\"2025-08-02 09:15:47\",\"name\":\"product-54\",\"extension\":\"jpg\"}','2025-08-02 02:15:47','2025-08-02 02:15:47'),(333,253,'ecommerce/digital-product-files/product-77.jpg','{\"filename\":\"product-77.jpg\",\"url\":\"ecommerce\\/digital-product-files\\/product-77.jpg\",\"mime_type\":\"image\\/jpeg\",\"size\":9730,\"modified\":\"2025-08-02 09:15:47\",\"name\":\"product-77\",\"extension\":\"jpg\"}','2025-08-02 02:15:47','2025-08-02 02:15:47'),(334,253,'ecommerce/digital-product-files/product-57.jpg','{\"filename\":\"product-57.jpg\",\"url\":\"ecommerce\\/digital-product-files\\/product-57.jpg\",\"mime_type\":\"image\\/jpeg\",\"size\":9730,\"modified\":\"2025-08-02 09:15:47\",\"name\":\"product-57\",\"extension\":\"jpg\"}','2025-08-02 02:15:47','2025-08-02 02:15:47'),(335,253,'ecommerce/digital-product-files/product-35.jpg','{\"filename\":\"product-35.jpg\",\"url\":\"ecommerce\\/digital-product-files\\/product-35.jpg\",\"mime_type\":\"image\\/jpeg\",\"size\":9730,\"modified\":\"2025-08-02 09:15:47\",\"name\":\"product-35\",\"extension\":\"jpg\"}','2025-08-02 02:15:47','2025-08-02 02:15:47'),(336,253,'ecommerce/digital-product-files/product-5.jpg','{\"filename\":\"product-5.jpg\",\"url\":\"ecommerce\\/digital-product-files\\/product-5.jpg\",\"mime_type\":\"image\\/jpeg\",\"size\":9730,\"modified\":\"2025-08-02 09:15:47\",\"name\":\"product-5\",\"extension\":\"jpg\"}','2025-08-02 02:15:47','2025-08-02 02:15:47'),(337,253,'ecommerce/digital-product-files/product-93.jpg','{\"filename\":\"product-93.jpg\",\"url\":\"ecommerce\\/digital-product-files\\/product-93.jpg\",\"mime_type\":\"image\\/jpeg\",\"size\":9730,\"modified\":\"2025-08-02 09:15:47\",\"name\":\"product-93\",\"extension\":\"jpg\"}','2025-08-02 02:15:47','2025-08-02 02:15:47'),(338,254,'ecommerce/digital-product-files/product-58.jpg','{\"filename\":\"product-58.jpg\",\"url\":\"ecommerce\\/digital-product-files\\/product-58.jpg\",\"mime_type\":\"image\\/jpeg\",\"size\":9730,\"modified\":\"2025-08-02 09:15:47\",\"name\":\"product-58\",\"extension\":\"jpg\"}','2025-08-02 02:15:47','2025-08-02 02:15:47'),(339,254,'ecommerce/digital-product-files/product-10.jpg','{\"filename\":\"product-10.jpg\",\"url\":\"ecommerce\\/digital-product-files\\/product-10.jpg\",\"mime_type\":\"image\\/jpeg\",\"size\":9730,\"modified\":\"2025-08-02 09:15:47\",\"name\":\"product-10\",\"extension\":\"jpg\"}','2025-08-02 02:15:47','2025-08-02 02:15:47'),(340,254,'ecommerce/digital-product-files/product-92.jpg','{\"filename\":\"product-92.jpg\",\"url\":\"ecommerce\\/digital-product-files\\/product-92.jpg\",\"mime_type\":\"image\\/jpeg\",\"size\":9730,\"modified\":\"2025-08-02 09:15:47\",\"name\":\"product-92\",\"extension\":\"jpg\"}','2025-08-02 02:15:47','2025-08-02 02:15:47'),(341,254,'ecommerce/digital-product-files/product-54.jpg','{\"filename\":\"product-54.jpg\",\"url\":\"ecommerce\\/digital-product-files\\/product-54.jpg\",\"mime_type\":\"image\\/jpeg\",\"size\":9730,\"modified\":\"2025-08-02 09:15:47\",\"name\":\"product-54\",\"extension\":\"jpg\"}','2025-08-02 02:15:47','2025-08-02 02:15:47'),(342,254,'ecommerce/digital-product-files/product-77.jpg','{\"filename\":\"product-77.jpg\",\"url\":\"ecommerce\\/digital-product-files\\/product-77.jpg\",\"mime_type\":\"image\\/jpeg\",\"size\":9730,\"modified\":\"2025-08-02 09:15:47\",\"name\":\"product-77\",\"extension\":\"jpg\"}','2025-08-02 02:15:47','2025-08-02 02:15:47'),(343,254,'ecommerce/digital-product-files/product-57.jpg','{\"filename\":\"product-57.jpg\",\"url\":\"ecommerce\\/digital-product-files\\/product-57.jpg\",\"mime_type\":\"image\\/jpeg\",\"size\":9730,\"modified\":\"2025-08-02 09:15:47\",\"name\":\"product-57\",\"extension\":\"jpg\"}','2025-08-02 02:15:47','2025-08-02 02:15:47'),(344,254,'ecommerce/digital-product-files/product-35.jpg','{\"filename\":\"product-35.jpg\",\"url\":\"ecommerce\\/digital-product-files\\/product-35.jpg\",\"mime_type\":\"image\\/jpeg\",\"size\":9730,\"modified\":\"2025-08-02 09:15:47\",\"name\":\"product-35\",\"extension\":\"jpg\"}','2025-08-02 02:15:47','2025-08-02 02:15:47'),(345,254,'ecommerce/digital-product-files/product-5.jpg','{\"filename\":\"product-5.jpg\",\"url\":\"ecommerce\\/digital-product-files\\/product-5.jpg\",\"mime_type\":\"image\\/jpeg\",\"size\":9730,\"modified\":\"2025-08-02 09:15:47\",\"name\":\"product-5\",\"extension\":\"jpg\"}','2025-08-02 02:15:47','2025-08-02 02:15:47'),(346,254,'ecommerce/digital-product-files/product-93.jpg','{\"filename\":\"product-93.jpg\",\"url\":\"ecommerce\\/digital-product-files\\/product-93.jpg\",\"mime_type\":\"image\\/jpeg\",\"size\":9730,\"modified\":\"2025-08-02 09:15:47\",\"name\":\"product-93\",\"extension\":\"jpg\"}','2025-08-02 02:15:47','2025-08-02 02:15:47'),(347,261,'ecommerce/digital-product-files/product-72.jpg','{\"filename\":\"product-72.jpg\",\"url\":\"ecommerce\\/digital-product-files\\/product-72.jpg\",\"mime_type\":\"image\\/jpeg\",\"size\":9730,\"modified\":\"2025-08-02 09:15:47\",\"name\":\"product-72\",\"extension\":\"jpg\"}','2025-08-02 02:15:47','2025-08-02 02:15:47'),(348,261,'ecommerce/digital-product-files/product-12.jpg','{\"filename\":\"product-12.jpg\",\"url\":\"ecommerce\\/digital-product-files\\/product-12.jpg\",\"mime_type\":\"image\\/jpeg\",\"size\":9730,\"modified\":\"2025-08-02 09:15:47\",\"name\":\"product-12\",\"extension\":\"jpg\"}','2025-08-02 02:15:47','2025-08-02 02:15:47'),(349,261,'ecommerce/digital-product-files/product-26.jpg','{\"filename\":\"product-26.jpg\",\"url\":\"ecommerce\\/digital-product-files\\/product-26.jpg\",\"mime_type\":\"image\\/jpeg\",\"size\":9730,\"modified\":\"2025-08-02 09:15:47\",\"name\":\"product-26\",\"extension\":\"jpg\"}','2025-08-02 02:15:47','2025-08-02 02:15:47'),(350,261,'ecommerce/digital-product-files/product-17.jpg','{\"filename\":\"product-17.jpg\",\"url\":\"ecommerce\\/digital-product-files\\/product-17.jpg\",\"mime_type\":\"image\\/jpeg\",\"size\":9730,\"modified\":\"2025-08-02 09:15:47\",\"name\":\"product-17\",\"extension\":\"jpg\"}','2025-08-02 02:15:47','2025-08-02 02:15:47'),(351,261,'ecommerce/digital-product-files/product-92.jpg','{\"filename\":\"product-92.jpg\",\"url\":\"ecommerce\\/digital-product-files\\/product-92.jpg\",\"mime_type\":\"image\\/jpeg\",\"size\":9730,\"modified\":\"2025-08-02 09:15:47\",\"name\":\"product-92\",\"extension\":\"jpg\"}','2025-08-02 02:15:47','2025-08-02 02:15:47'),(352,261,'ecommerce/digital-product-files/product-20.jpg','{\"filename\":\"product-20.jpg\",\"url\":\"ecommerce\\/digital-product-files\\/product-20.jpg\",\"mime_type\":\"image\\/jpeg\",\"size\":9730,\"modified\":\"2025-08-02 09:15:47\",\"name\":\"product-20\",\"extension\":\"jpg\"}','2025-08-02 02:15:47','2025-08-02 02:15:47'),(353,261,'ecommerce/digital-product-files/product-23.jpg','{\"filename\":\"product-23.jpg\",\"url\":\"ecommerce\\/digital-product-files\\/product-23.jpg\",\"mime_type\":\"image\\/jpeg\",\"size\":9730,\"modified\":\"2025-08-02 09:15:47\",\"name\":\"product-23\",\"extension\":\"jpg\"}','2025-08-02 02:15:47','2025-08-02 02:15:47'),(354,261,'ecommerce/digital-product-files/product-13.jpg','{\"filename\":\"product-13.jpg\",\"url\":\"ecommerce\\/digital-product-files\\/product-13.jpg\",\"mime_type\":\"image\\/jpeg\",\"size\":9730,\"modified\":\"2025-08-02 09:15:47\",\"name\":\"product-13\",\"extension\":\"jpg\"}','2025-08-02 02:15:47','2025-08-02 02:15:47'),(355,261,'ecommerce/digital-product-files/product-41.jpg','{\"filename\":\"product-41.jpg\",\"url\":\"ecommerce\\/digital-product-files\\/product-41.jpg\",\"mime_type\":\"image\\/jpeg\",\"size\":9730,\"modified\":\"2025-08-02 09:15:47\",\"name\":\"product-41\",\"extension\":\"jpg\"}','2025-08-02 02:15:47','2025-08-02 02:15:47'),(356,261,'ecommerce/digital-product-files/product-54.jpg','{\"filename\":\"product-54.jpg\",\"url\":\"ecommerce\\/digital-product-files\\/product-54.jpg\",\"mime_type\":\"image\\/jpeg\",\"size\":9730,\"modified\":\"2025-08-02 09:15:47\",\"name\":\"product-54\",\"extension\":\"jpg\"}','2025-08-02 02:15:47','2025-08-02 02:15:47'),(357,261,'ecommerce/digital-product-files/product-51.jpg','{\"filename\":\"product-51.jpg\",\"url\":\"ecommerce\\/digital-product-files\\/product-51.jpg\",\"mime_type\":\"image\\/jpeg\",\"size\":9730,\"modified\":\"2025-08-02 09:15:47\",\"name\":\"product-51\",\"extension\":\"jpg\"}','2025-08-02 02:15:47','2025-08-02 02:15:47'),(358,262,'ecommerce/digital-product-files/product-72.jpg','{\"filename\":\"product-72.jpg\",\"url\":\"ecommerce\\/digital-product-files\\/product-72.jpg\",\"mime_type\":\"image\\/jpeg\",\"size\":9730,\"modified\":\"2025-08-02 09:15:47\",\"name\":\"product-72\",\"extension\":\"jpg\"}','2025-08-02 02:15:47','2025-08-02 02:15:47'),(359,262,'ecommerce/digital-product-files/product-12.jpg','{\"filename\":\"product-12.jpg\",\"url\":\"ecommerce\\/digital-product-files\\/product-12.jpg\",\"mime_type\":\"image\\/jpeg\",\"size\":9730,\"modified\":\"2025-08-02 09:15:47\",\"name\":\"product-12\",\"extension\":\"jpg\"}','2025-08-02 02:15:47','2025-08-02 02:15:47'),(360,262,'ecommerce/digital-product-files/product-26.jpg','{\"filename\":\"product-26.jpg\",\"url\":\"ecommerce\\/digital-product-files\\/product-26.jpg\",\"mime_type\":\"image\\/jpeg\",\"size\":9730,\"modified\":\"2025-08-02 09:15:47\",\"name\":\"product-26\",\"extension\":\"jpg\"}','2025-08-02 02:15:47','2025-08-02 02:15:47'),(361,262,'ecommerce/digital-product-files/product-17.jpg','{\"filename\":\"product-17.jpg\",\"url\":\"ecommerce\\/digital-product-files\\/product-17.jpg\",\"mime_type\":\"image\\/jpeg\",\"size\":9730,\"modified\":\"2025-08-02 09:15:47\",\"name\":\"product-17\",\"extension\":\"jpg\"}','2025-08-02 02:15:47','2025-08-02 02:15:47'),(362,262,'ecommerce/digital-product-files/product-92.jpg','{\"filename\":\"product-92.jpg\",\"url\":\"ecommerce\\/digital-product-files\\/product-92.jpg\",\"mime_type\":\"image\\/jpeg\",\"size\":9730,\"modified\":\"2025-08-02 09:15:47\",\"name\":\"product-92\",\"extension\":\"jpg\"}','2025-08-02 02:15:47','2025-08-02 02:15:47'),(363,262,'ecommerce/digital-product-files/product-20.jpg','{\"filename\":\"product-20.jpg\",\"url\":\"ecommerce\\/digital-product-files\\/product-20.jpg\",\"mime_type\":\"image\\/jpeg\",\"size\":9730,\"modified\":\"2025-08-02 09:15:47\",\"name\":\"product-20\",\"extension\":\"jpg\"}','2025-08-02 02:15:47','2025-08-02 02:15:47'),(364,262,'ecommerce/digital-product-files/product-23.jpg','{\"filename\":\"product-23.jpg\",\"url\":\"ecommerce\\/digital-product-files\\/product-23.jpg\",\"mime_type\":\"image\\/jpeg\",\"size\":9730,\"modified\":\"2025-08-02 09:15:47\",\"name\":\"product-23\",\"extension\":\"jpg\"}','2025-08-02 02:15:47','2025-08-02 02:15:47'),(365,262,'ecommerce/digital-product-files/product-13.jpg','{\"filename\":\"product-13.jpg\",\"url\":\"ecommerce\\/digital-product-files\\/product-13.jpg\",\"mime_type\":\"image\\/jpeg\",\"size\":9730,\"modified\":\"2025-08-02 09:15:47\",\"name\":\"product-13\",\"extension\":\"jpg\"}','2025-08-02 02:15:47','2025-08-02 02:15:47'),(366,262,'ecommerce/digital-product-files/product-41.jpg','{\"filename\":\"product-41.jpg\",\"url\":\"ecommerce\\/digital-product-files\\/product-41.jpg\",\"mime_type\":\"image\\/jpeg\",\"size\":9730,\"modified\":\"2025-08-02 09:15:47\",\"name\":\"product-41\",\"extension\":\"jpg\"}','2025-08-02 02:15:47','2025-08-02 02:15:47'),(367,262,'ecommerce/digital-product-files/product-54.jpg','{\"filename\":\"product-54.jpg\",\"url\":\"ecommerce\\/digital-product-files\\/product-54.jpg\",\"mime_type\":\"image\\/jpeg\",\"size\":9730,\"modified\":\"2025-08-02 09:15:47\",\"name\":\"product-54\",\"extension\":\"jpg\"}','2025-08-02 02:15:47','2025-08-02 02:15:47'),(368,262,'ecommerce/digital-product-files/product-51.jpg','{\"filename\":\"product-51.jpg\",\"url\":\"ecommerce\\/digital-product-files\\/product-51.jpg\",\"mime_type\":\"image\\/jpeg\",\"size\":9730,\"modified\":\"2025-08-02 09:15:47\",\"name\":\"product-51\",\"extension\":\"jpg\"}','2025-08-02 02:15:47','2025-08-02 02:15:47'),(369,263,'ecommerce/digital-product-files/product-72.jpg','{\"filename\":\"product-72.jpg\",\"url\":\"ecommerce\\/digital-product-files\\/product-72.jpg\",\"mime_type\":\"image\\/jpeg\",\"size\":9730,\"modified\":\"2025-08-02 09:15:47\",\"name\":\"product-72\",\"extension\":\"jpg\"}','2025-08-02 02:15:47','2025-08-02 02:15:47'),(370,263,'ecommerce/digital-product-files/product-12.jpg','{\"filename\":\"product-12.jpg\",\"url\":\"ecommerce\\/digital-product-files\\/product-12.jpg\",\"mime_type\":\"image\\/jpeg\",\"size\":9730,\"modified\":\"2025-08-02 09:15:47\",\"name\":\"product-12\",\"extension\":\"jpg\"}','2025-08-02 02:15:47','2025-08-02 02:15:47'),(371,263,'ecommerce/digital-product-files/product-26.jpg','{\"filename\":\"product-26.jpg\",\"url\":\"ecommerce\\/digital-product-files\\/product-26.jpg\",\"mime_type\":\"image\\/jpeg\",\"size\":9730,\"modified\":\"2025-08-02 09:15:47\",\"name\":\"product-26\",\"extension\":\"jpg\"}','2025-08-02 02:15:47','2025-08-02 02:15:47'),(372,263,'ecommerce/digital-product-files/product-17.jpg','{\"filename\":\"product-17.jpg\",\"url\":\"ecommerce\\/digital-product-files\\/product-17.jpg\",\"mime_type\":\"image\\/jpeg\",\"size\":9730,\"modified\":\"2025-08-02 09:15:47\",\"name\":\"product-17\",\"extension\":\"jpg\"}','2025-08-02 02:15:47','2025-08-02 02:15:47'),(373,263,'ecommerce/digital-product-files/product-92.jpg','{\"filename\":\"product-92.jpg\",\"url\":\"ecommerce\\/digital-product-files\\/product-92.jpg\",\"mime_type\":\"image\\/jpeg\",\"size\":9730,\"modified\":\"2025-08-02 09:15:47\",\"name\":\"product-92\",\"extension\":\"jpg\"}','2025-08-02 02:15:47','2025-08-02 02:15:47'),(374,263,'ecommerce/digital-product-files/product-20.jpg','{\"filename\":\"product-20.jpg\",\"url\":\"ecommerce\\/digital-product-files\\/product-20.jpg\",\"mime_type\":\"image\\/jpeg\",\"size\":9730,\"modified\":\"2025-08-02 09:15:47\",\"name\":\"product-20\",\"extension\":\"jpg\"}','2025-08-02 02:15:47','2025-08-02 02:15:47'),(375,263,'ecommerce/digital-product-files/product-23.jpg','{\"filename\":\"product-23.jpg\",\"url\":\"ecommerce\\/digital-product-files\\/product-23.jpg\",\"mime_type\":\"image\\/jpeg\",\"size\":9730,\"modified\":\"2025-08-02 09:15:47\",\"name\":\"product-23\",\"extension\":\"jpg\"}','2025-08-02 02:15:47','2025-08-02 02:15:47'),(376,263,'ecommerce/digital-product-files/product-13.jpg','{\"filename\":\"product-13.jpg\",\"url\":\"ecommerce\\/digital-product-files\\/product-13.jpg\",\"mime_type\":\"image\\/jpeg\",\"size\":9730,\"modified\":\"2025-08-02 09:15:47\",\"name\":\"product-13\",\"extension\":\"jpg\"}','2025-08-02 02:15:47','2025-08-02 02:15:47'),(377,263,'ecommerce/digital-product-files/product-41.jpg','{\"filename\":\"product-41.jpg\",\"url\":\"ecommerce\\/digital-product-files\\/product-41.jpg\",\"mime_type\":\"image\\/jpeg\",\"size\":9730,\"modified\":\"2025-08-02 09:15:47\",\"name\":\"product-41\",\"extension\":\"jpg\"}','2025-08-02 02:15:47','2025-08-02 02:15:47'),(378,263,'ecommerce/digital-product-files/product-54.jpg','{\"filename\":\"product-54.jpg\",\"url\":\"ecommerce\\/digital-product-files\\/product-54.jpg\",\"mime_type\":\"image\\/jpeg\",\"size\":9730,\"modified\":\"2025-08-02 09:15:47\",\"name\":\"product-54\",\"extension\":\"jpg\"}','2025-08-02 02:15:47','2025-08-02 02:15:47'),(379,263,'ecommerce/digital-product-files/product-51.jpg','{\"filename\":\"product-51.jpg\",\"url\":\"ecommerce\\/digital-product-files\\/product-51.jpg\",\"mime_type\":\"image\\/jpeg\",\"size\":9730,\"modified\":\"2025-08-02 09:15:47\",\"name\":\"product-51\",\"extension\":\"jpg\"}','2025-08-02 02:15:47','2025-08-02 02:15:47');
/*!40000 ALTER TABLE `ec_product_files` ENABLE KEYS */;
UNLOCK TABLES;

--
-- Table structure for table `ec_product_label_products`
--

DROP TABLE IF EXISTS `ec_product_label_products`;
/*!40101 SET @saved_cs_client     = @@character_set_client */;
/*!50503 SET character_set_client = utf8mb4 */;
CREATE TABLE `ec_product_label_products` (
  `product_label_id` bigint unsigned NOT NULL,
  `product_id` bigint unsigned NOT NULL,
  PRIMARY KEY (`product_label_id`,`product_id`),
  KEY `ec_product_label_products_product_label_id_index` (`product_label_id`),
  KEY `ec_product_label_products_product_id_index` (`product_id`)
) ENGINE=InnoDB DEFAULT CHARSET=utf8mb4 COLLATE=utf8mb4_unicode_ci;
/*!40101 SET character_set_client = @saved_cs_client */;

--
-- Dumping data for table `ec_product_label_products`
--

LOCK TABLES `ec_product_label_products` WRITE;
/*!40000 ALTER TABLE `ec_product_label_products` DISABLE KEYS */;
INSERT INTO `ec_product_label_products` VALUES (1,35),(2,7),(2,14),(2,28),(2,42),(2,49),(2,56),(2,70),(3,21),(3,63);
/*!40000 ALTER TABLE `ec_product_label_products` ENABLE KEYS */;
UNLOCK TABLES;

--
-- Table structure for table `ec_product_labels`
--

DROP TABLE IF EXISTS `ec_product_labels`;
/*!40101 SET @saved_cs_client     = @@character_set_client */;
/*!50503 SET character_set_client = utf8mb4 */;
CREATE TABLE `ec_product_labels` (
  `id` bigint unsigned NOT NULL AUTO_INCREMENT,
  `name` varchar(191) COLLATE utf8mb4_unicode_ci NOT NULL,
  `color` varchar(120) COLLATE utf8mb4_unicode_ci DEFAULT NULL,
  `status` varchar(60) COLLATE utf8mb4_unicode_ci NOT NULL DEFAULT 'published',
  `created_at` timestamp NULL DEFAULT NULL,
  `updated_at` timestamp NULL DEFAULT NULL,
  `text_color` varchar(120) COLLATE utf8mb4_unicode_ci DEFAULT NULL,
  PRIMARY KEY (`id`)
) ENGINE=InnoDB AUTO_INCREMENT=4 DEFAULT CHARSET=utf8mb4 COLLATE=utf8mb4_unicode_ci;
/*!40101 SET character_set_client = @saved_cs_client */;

--
-- Dumping data for table `ec_product_labels`
--

LOCK TABLES `ec_product_labels` WRITE;
/*!40000 ALTER TABLE `ec_product_labels` DISABLE KEYS */;
INSERT INTO `ec_product_labels` VALUES (1,'Hot','#d71e2d','published','2025-08-02 02:15:33','2025-08-02 02:15:33',NULL),(2,'New','#02856e','published','2025-08-02 02:15:33','2025-08-02 02:15:33',NULL),(3,'Sale','#fe9931','published','2025-08-02 02:15:33','2025-08-02 02:15:33',NULL);
/*!40000 ALTER TABLE `ec_product_labels` ENABLE KEYS */;
UNLOCK TABLES;

--
-- Table structure for table `ec_product_labels_translations`
--

DROP TABLE IF EXISTS `ec_product_labels_translations`;
/*!40101 SET @saved_cs_client     = @@character_set_client */;
/*!50503 SET character_set_client = utf8mb4 */;
CREATE TABLE `ec_product_labels_translations` (
  `lang_code` varchar(191) COLLATE utf8mb4_unicode_ci NOT NULL,
  `ec_product_labels_id` bigint unsigned NOT NULL,
  `name` varchar(191) COLLATE utf8mb4_unicode_ci DEFAULT NULL,
  `description` varchar(400) COLLATE utf8mb4_unicode_ci DEFAULT NULL,
  PRIMARY KEY (`lang_code`,`ec_product_labels_id`)
) ENGINE=InnoDB DEFAULT CHARSET=utf8mb4 COLLATE=utf8mb4_unicode_ci;
/*!40101 SET character_set_client = @saved_cs_client */;

--
-- Dumping data for table `ec_product_labels_translations`
--

LOCK TABLES `ec_product_labels_translations` WRITE;
/*!40000 ALTER TABLE `ec_product_labels_translations` DISABLE KEYS */;
/*!40000 ALTER TABLE `ec_product_labels_translations` ENABLE KEYS */;
UNLOCK TABLES;

--
-- Table structure for table `ec_product_license_codes`
--

DROP TABLE IF EXISTS `ec_product_license_codes`;
/*!40101 SET @saved_cs_client     = @@character_set_client */;
/*!50503 SET character_set_client = utf8mb4 */;
CREATE TABLE `ec_product_license_codes` (
  `id` bigint unsigned NOT NULL AUTO_INCREMENT,
  `product_id` bigint unsigned NOT NULL,
  `license_code` text COLLATE utf8mb4_unicode_ci NOT NULL,
  `status` varchar(60) COLLATE utf8mb4_unicode_ci NOT NULL DEFAULT 'available',
  `assigned_order_product_id` bigint unsigned DEFAULT NULL,
  `assigned_at` timestamp NULL DEFAULT NULL,
  `created_at` timestamp NULL DEFAULT NULL,
  `updated_at` timestamp NULL DEFAULT NULL,
  PRIMARY KEY (`id`),
  KEY `ec_product_license_codes_product_id_status_index` (`product_id`,`status`)
) ENGINE=InnoDB DEFAULT CHARSET=utf8mb4 COLLATE=utf8mb4_unicode_ci;
/*!40101 SET character_set_client = @saved_cs_client */;

--
-- Dumping data for table `ec_product_license_codes`
--

LOCK TABLES `ec_product_license_codes` WRITE;
/*!40000 ALTER TABLE `ec_product_license_codes` DISABLE KEYS */;
/*!40000 ALTER TABLE `ec_product_license_codes` ENABLE KEYS */;
UNLOCK TABLES;

--
-- Table structure for table `ec_product_related_relations`
--

DROP TABLE IF EXISTS `ec_product_related_relations`;
/*!40101 SET @saved_cs_client     = @@character_set_client */;
/*!50503 SET character_set_client = utf8mb4 */;
CREATE TABLE `ec_product_related_relations` (
  `from_product_id` bigint unsigned NOT NULL,
  `to_product_id` bigint unsigned NOT NULL,
  PRIMARY KEY (`from_product_id`,`to_product_id`),
  KEY `ec_product_related_relations_from_product_id_index` (`from_product_id`),
  KEY `ec_product_related_relations_to_product_id_index` (`to_product_id`)
) ENGINE=InnoDB DEFAULT CHARSET=utf8mb4 COLLATE=utf8mb4_unicode_ci;
/*!40101 SET character_set_client = @saved_cs_client */;

--
-- Dumping data for table `ec_product_related_relations`
--

LOCK TABLES `ec_product_related_relations` WRITE;
/*!40000 ALTER TABLE `ec_product_related_relations` DISABLE KEYS */;
/*!40000 ALTER TABLE `ec_product_related_relations` ENABLE KEYS */;
UNLOCK TABLES;

--
-- Table structure for table `ec_product_specification_attribute`
--

DROP TABLE IF EXISTS `ec_product_specification_attribute`;
/*!40101 SET @saved_cs_client     = @@character_set_client */;
/*!50503 SET character_set_client = utf8mb4 */;
CREATE TABLE `ec_product_specification_attribute` (
  `product_id` bigint unsigned NOT NULL,
  `attribute_id` bigint unsigned NOT NULL,
  `value` text COLLATE utf8mb4_unicode_ci,
  `hidden` tinyint(1) NOT NULL DEFAULT '0',
  `order` tinyint NOT NULL DEFAULT '0',
  PRIMARY KEY (`product_id`,`attribute_id`)
) ENGINE=InnoDB DEFAULT CHARSET=utf8mb4 COLLATE=utf8mb4_unicode_ci;
/*!40101 SET character_set_client = @saved_cs_client */;

--
-- Dumping data for table `ec_product_specification_attribute`
--

LOCK TABLES `ec_product_specification_attribute` WRITE;
/*!40000 ALTER TABLE `ec_product_specification_attribute` DISABLE KEYS */;
INSERT INTO `ec_product_specification_attribute` VALUES (1,1,'64.61 cm',0,0),(1,2,'67.57 cm',0,0),(1,3,'74.67 cm',0,0),(1,4,'4.28 cm',0,0),(1,5,'24.53 cm',0,0),(2,6,'57.54 cm',0,0),(2,7,'58.25 cm',0,0),(2,8,'1920x1080',0,0),(3,1,'74.55 cm',0,0),(3,2,'59.93 cm',0,0),(3,3,'66.04 cm',0,0),(3,4,'11.97 cm',0,0),(3,5,'25.59 cm',0,0),(4,6,'9.59 cm',0,0),(4,7,'37.54 cm',0,0),(4,8,'3840x2160',0,0),(5,6,'45.59 cm',0,0),(5,7,'27.23 cm',0,0),(5,8,'2560x1440',0,0),(6,1,'91.87 cm',0,0),(6,2,'67.22 cm',0,0),(6,3,'2.73 cm',0,0),(6,4,'6.61 cm',0,0),(6,5,'15.88 cm',0,0),(7,1,'88.22 cm',0,0),(7,2,'75.28 cm',0,0),(7,3,'59.02 cm',0,0),(7,4,'69.23 cm',0,0),(7,5,'89.69 cm',0,0),(8,6,'8.46 cm',0,0),(8,7,'21.29 cm',0,0),(8,8,'1920x1080',0,0),(9,6,'52.98 cm',0,0),(9,7,'60.22 cm',0,0),(9,8,'2560x1440',0,0),(10,1,'22.45 cm',0,0),(10,2,'74.83 cm',0,0),(10,3,'64.41 cm',0,0),(10,4,'82.78 cm',0,0),(10,5,'4.19 cm',0,0),(11,1,'79.95 cm',0,0),(11,2,'79.5 cm',0,0),(11,3,'71.48 cm',0,0),(11,4,'73.51 cm',0,0),(11,5,'96.78 cm',0,0),(12,1,'7.67 cm',0,0),(12,2,'50.41 cm',0,0),(12,3,'32.8 cm',0,0),(12,4,'82.54 cm',0,0),(12,5,'78.31 cm',0,0),(13,1,'17.44 cm',0,0),(13,2,'39.38 cm',0,0),(13,3,'35.87 cm',0,0),(13,4,'8.09 cm',0,0),(13,5,'26.72 cm',0,0),(14,6,'90.7 cm',0,0),(14,7,'68.58 cm',0,0),(14,8,'1920x1080',0,0),(15,1,'74.02 cm',0,0),(15,2,'65.33 cm',0,0),(15,3,'96 cm',0,0),(15,4,'13.44 cm',0,0),(15,5,'55.45 cm',0,0),(16,1,'38.05 cm',0,0),(16,2,'54.27 cm',0,0),(16,3,'38.23 cm',0,0),(16,4,'68.56 cm',0,0),(16,5,'37.57 cm',0,0),(17,1,'84.4 cm',0,0),(17,2,'35.49 cm',0,0),(17,3,'63.41 cm',0,0),(17,4,'63.93 cm',0,0),(17,5,'73.11 cm',0,0),(18,1,'24.96 cm',0,0),(18,2,'86.8 cm',0,0),(18,3,'79.33 cm',0,0),(18,4,'28.04 cm',0,0),(18,5,'6.17 cm',0,0),(19,1,'69.73 cm',0,0),(19,2,'44.69 cm',0,0),(19,3,'56.03 cm',0,0),(19,4,'37.45 cm',0,0),(19,5,'70.97 cm',0,0),(20,1,'57.75 cm',0,0),(20,2,'86.36 cm',0,0),(20,3,'46.57 cm',0,0),(20,4,'98.48 cm',0,0),(20,5,'5.25 cm',0,0),(21,6,'50.06 cm',0,0),(21,7,'22.18 cm',0,0),(21,8,'1920x1080',0,0),(22,6,'91.69 cm',0,0),(22,7,'4.35 cm',0,0),(22,8,'3840x2160',0,0),(23,6,'84.65 cm',0,0),(23,7,'45.73 cm',0,0),(23,8,'3840x2160',0,0),(24,1,'68.19 cm',0,0),(24,2,'91.37 cm',0,0),(24,3,'94.04 cm',0,0),(24,4,'57.73 cm',0,0),(24,5,'43.13 cm',0,0),(25,1,'11.94 cm',0,0),(25,2,'26.71 cm',0,0),(25,3,'42.83 cm',0,0),(25,4,'63.81 cm',0,0),(25,5,'30.27 cm',0,0),(26,1,'97.1 cm',0,0),(26,2,'91.82 cm',0,0),(26,3,'85.92 cm',0,0),(26,4,'10.81 cm',0,0),(26,5,'36.77 cm',0,0),(27,6,'31.62 cm',0,0),(27,7,'48.56 cm',0,0),(27,8,'2560x1440',0,0),(28,6,'61 cm',0,0),(28,7,'98.6 cm',0,0),(28,8,'3840x2160',0,0),(29,1,'42.09 cm',0,0),(29,2,'30.57 cm',0,0),(29,3,'18.63 cm',0,0),(29,4,'24.25 cm',0,0),(29,5,'83.85 cm',0,0),(30,6,'72.26 cm',0,0),(30,7,'5.76 cm',0,0),(30,8,'2560x1440',0,0),(31,1,'28.5 cm',0,0),(31,2,'66.01 cm',0,0),(31,3,'30.39 cm',0,0),(31,4,'94.27 cm',0,0),(31,5,'45.11 cm',0,0),(32,6,'4.83 cm',0,0),(32,7,'68.45 cm',0,0),(32,8,'1920x1080',0,0),(33,1,'40.68 cm',0,0),(33,2,'92.58 cm',0,0),(33,3,'4.11 cm',0,0),(33,4,'30.86 cm',0,0),(33,5,'79.57 cm',0,0),(34,1,'84.34 cm',0,0),(34,2,'4.83 cm',0,0),(34,3,'77.79 cm',0,0),(34,4,'56.27 cm',0,0),(34,5,'96.46 cm',0,0),(35,1,'47.42 cm',0,0),(35,2,'41.93 cm',0,0),(35,3,'21.83 cm',0,0),(35,4,'90.59 cm',0,0),(35,5,'98.31 cm',0,0),(36,6,'35.11 cm',0,0),(36,7,'37.98 cm',0,0),(36,8,'1920x1080',0,0),(37,6,'4.73 cm',0,0),(37,7,'50.32 cm',0,0),(37,8,'2560x1440',0,0),(38,1,'62.3 cm',0,0),(38,2,'98.8 cm',0,0),(38,3,'14.41 cm',0,0),(38,4,'83.74 cm',0,0),(38,5,'74.29 cm',0,0),(39,6,'17.6 cm',0,0),(39,7,'45.83 cm',0,0),(39,8,'1920x1080',0,0),(40,6,'19.84 cm',0,0),(40,7,'64.98 cm',0,0),(40,8,'2560x1440',0,0),(41,6,'48.76 cm',0,0),(41,7,'11.55 cm',0,0),(41,8,'3840x2160',0,0),(42,1,'97.93 cm',0,0),(42,2,'3.61 cm',0,0),(42,3,'19.68 cm',0,0),(42,4,'7.34 cm',0,0),(42,5,'86.63 cm',0,0),(43,6,'22.04 cm',0,0),(43,7,'51.9 cm',0,0),(43,8,'3840x2160',0,0),(44,1,'30.42 cm',0,0),(44,2,'91.82 cm',0,0),(44,3,'95.63 cm',0,0),(44,4,'35.02 cm',0,0),(44,5,'44.46 cm',0,0),(45,6,'6.51 cm',0,0),(45,7,'53.94 cm',0,0),(45,8,'3840x2160',0,0),(46,1,'63.08 cm',0,0),(46,2,'29.28 cm',0,0),(46,3,'10.62 cm',0,0),(46,4,'19.8 cm',0,0),(46,5,'89.37 cm',0,0),(47,6,'17.35 cm',0,0),(47,7,'51.47 cm',0,0),(47,8,'3840x2160',0,0),(48,6,'79.12 cm',0,0),(48,7,'12.4 cm',0,0),(48,8,'3840x2160',0,0),(49,1,'22.38 cm',0,0),(49,2,'33.21 cm',0,0),(49,3,'50.66 cm',0,0),(49,4,'27.29 cm',0,0),(49,5,'42.96 cm',0,0),(50,6,'70.56 cm',0,0),(50,7,'61.84 cm',0,0),(50,8,'2560x1440',0,0),(51,1,'33.31 cm',0,0),(51,2,'45.16 cm',0,0),(51,3,'25.36 cm',0,0),(51,4,'50.44 cm',0,0),(51,5,'89.76 cm',0,0),(52,1,'65.34 cm',0,0),(52,2,'67.17 cm',0,0),(52,3,'26.67 cm',0,0),(52,4,'25.55 cm',0,0),(52,5,'98.5 cm',0,0),(53,1,'63.86 cm',0,0),(53,2,'73.41 cm',0,0),(53,3,'20.35 cm',0,0),(53,4,'56.34 cm',0,0),(53,5,'36.52 cm',0,0),(54,6,'76.88 cm',0,0),(54,7,'88.68 cm',0,0),(54,8,'3840x2160',0,0),(55,1,'66.46 cm',0,0),(55,2,'83.3 cm',0,0),(55,3,'3.31 cm',0,0),(55,4,'6.14 cm',0,0),(55,5,'71.75 cm',0,0),(56,6,'68.4 cm',0,0),(56,7,'36.29 cm',0,0),(56,8,'2560x1440',0,0),(57,6,'27.29 cm',0,0),(57,7,'58.83 cm',0,0),(57,8,'3840x2160',0,0),(58,6,'76.93 cm',0,0),(58,7,'1.14 cm',0,0),(58,8,'2560x1440',0,0),(59,1,'36.86 cm',0,0),(59,2,'80.63 cm',0,0),(59,3,'84.11 cm',0,0),(59,4,'90.77 cm',0,0),(59,5,'63.16 cm',0,0),(60,1,'17.58 cm',0,0),(60,2,'62.91 cm',0,0),(60,3,'25.84 cm',0,0),(60,4,'53.73 cm',0,0),(60,5,'84.95 cm',0,0),(61,6,'6.01 cm',0,0),(61,7,'61.07 cm',0,0),(61,8,'1920x1080',0,0),(62,6,'18.32 cm',0,0),(62,7,'12.62 cm',0,0),(62,8,'3840x2160',0,0),(63,6,'40.05 cm',0,0),(63,7,'38.78 cm',0,0),(63,8,'1920x1080',0,0),(64,6,'57.09 cm',0,0),(64,7,'87.69 cm',0,0),(64,8,'2560x1440',0,0),(65,1,'8.69 cm',0,0),(65,2,'72.96 cm',0,0),(65,3,'54.32 cm',0,0),(65,4,'68.18 cm',0,0),(65,5,'89.99 cm',0,0),(66,1,'8.79 cm',0,0),(66,2,'35.94 cm',0,0),(66,3,'46.02 cm',0,0),(66,4,'81.45 cm',0,0),(66,5,'33.63 cm',0,0),(67,6,'22.35 cm',0,0),(67,7,'43.15 cm',0,0),(67,8,'1920x1080',0,0),(68,1,'84.36 cm',0,0),(68,2,'8.78 cm',0,0),(68,3,'60.06 cm',0,0),(68,4,'60.97 cm',0,0),(68,5,'12.68 cm',0,0),(69,1,'68.86 cm',0,0),(69,2,'26.5 cm',0,0),(69,3,'94.76 cm',0,0),(69,4,'14.48 cm',0,0),(69,5,'10.18 cm',0,0),(70,6,'24.7 cm',0,0),(70,7,'85.05 cm',0,0),(70,8,'3840x2160',0,0),(71,1,'61.87 cm',0,0),(71,2,'63.22 cm',0,0),(71,3,'54.27 cm',0,0),(71,4,'86.39 cm',0,0),(71,5,'54.91 cm',0,0),(72,1,'60.42 cm',0,0),(72,2,'51.38 cm',0,0),(72,3,'36.55 cm',0,0),(72,4,'53.93 cm',0,0),(72,5,'18.86 cm',0,0),(73,1,'34.48 cm',0,0),(73,2,'93.04 cm',0,0),(73,3,'32.34 cm',0,0),(73,4,'79.42 cm',0,0),(73,5,'49.41 cm',0,0),(74,6,'5.02 cm',0,0),(74,7,'45.52 cm',0,0),(74,8,'2560x1440',0,0),(75,1,'22.85 cm',0,0),(75,2,'22.52 cm',0,0),(75,3,'5.77 cm',0,0),(75,4,'42.25 cm',0,0),(75,5,'87.61 cm',0,0);
/*!40000 ALTER TABLE `ec_product_specification_attribute` ENABLE KEYS */;
UNLOCK TABLES;

--
-- Table structure for table `ec_product_tag_product`
--

DROP TABLE IF EXISTS `ec_product_tag_product`;
/*!40101 SET @saved_cs_client     = @@character_set_client */;
/*!50503 SET character_set_client = utf8mb4 */;
CREATE TABLE `ec_product_tag_product` (
  `product_id` bigint unsigned NOT NULL,
  `tag_id` bigint unsigned NOT NULL,
  PRIMARY KEY (`product_id`,`tag_id`),
  KEY `ec_product_tag_product_product_id_index` (`product_id`),
  KEY `ec_product_tag_product_tag_id_index` (`tag_id`)
) ENGINE=InnoDB DEFAULT CHARSET=utf8mb4 COLLATE=utf8mb4_unicode_ci;
/*!40101 SET character_set_client = @saved_cs_client */;

--
-- Dumping data for table `ec_product_tag_product`
--

LOCK TABLES `ec_product_tag_product` WRITE;
/*!40000 ALTER TABLE `ec_product_tag_product` DISABLE KEYS */;
INSERT INTO `ec_product_tag_product` VALUES (1,4),(1,5),(2,1),(2,2),(2,6),(3,3),(3,4),(4,1),(4,4),(4,5),(5,2),(5,6),(6,3),(6,6),(7,1),(7,4),(8,1),(8,6),(9,2),(9,3),(9,6),(10,2),(10,5),(10,6),(11,1),(11,3),(11,4),(12,1),(12,6),(13,1),(13,4),(13,6),(14,1),(14,2),(14,6),(15,1),(15,2),(15,5),(16,1),(16,2),(16,4),(17,2),(17,3),(18,1),(18,2),(18,3),(19,3),(19,4),(19,6),(20,4),(20,5),(20,6),(21,2),(21,4),(21,5),(22,2),(22,5),(22,6),(23,4),(23,6),(24,1),(24,4),(24,6),(25,1),(25,2),(25,6),(26,3),(27,5),(27,6),(28,2),(28,3),(29,1),(29,3),(29,4),(30,1),(30,4),(31,1),(31,4),(32,5),(32,6),(33,2),(33,4),(33,5),(34,3),(34,6),(35,1),(35,2),(35,5),(36,2),(36,3),(36,5),(37,2),(37,4),(37,6),(38,1),(38,5),(38,6),(39,3),(39,4),(39,5),(40,1),(40,2),(40,5),(41,4),(41,5),(42,3),(42,5),(43,2),(43,4),(44,4),(44,5),(45,1),(45,3),(45,6),(46,1),(46,3),(46,4),(47,2),(47,3),(47,6),(48,2),(48,4),(48,5),(49,2),(49,3),(50,2),(50,3),(50,6),(51,2),(51,4),(51,5),(52,1),(52,2),(52,4),(53,2),(53,4),(53,5),(54,6),(55,3),(55,4),(55,6),(56,1),(56,3),(57,1),(57,4),(58,2),(58,6),(59,2),(59,3),(60,2),(60,6),(61,2),(61,5),(62,1),(62,4),(63,2),(63,4),(63,5),(64,2),(64,3),(64,6),(65,2),(65,5),(65,6),(66,3),(66,5),(67,1),(67,4),(68,2),(68,3),(68,4),(69,3),(69,6),(70,2),(70,3),(70,6),(71,1),(71,3),(72,1),(72,3),(72,4),(73,1),(73,2),(73,4),(74,5),(74,6),(75,4),(75,5),(75,6);
/*!40000 ALTER TABLE `ec_product_tag_product` ENABLE KEYS */;
UNLOCK TABLES;

--
-- Table structure for table `ec_product_tags`
--

DROP TABLE IF EXISTS `ec_product_tags`;
/*!40101 SET @saved_cs_client     = @@character_set_client */;
/*!50503 SET character_set_client = utf8mb4 */;
CREATE TABLE `ec_product_tags` (
  `id` bigint unsigned NOT NULL AUTO_INCREMENT,
  `name` varchar(120) COLLATE utf8mb4_unicode_ci NOT NULL,
  `description` varchar(400) COLLATE utf8mb4_unicode_ci DEFAULT NULL,
  `status` varchar(60) COLLATE utf8mb4_unicode_ci NOT NULL DEFAULT 'published',
  `created_at` timestamp NULL DEFAULT NULL,
  `updated_at` timestamp NULL DEFAULT NULL,
  PRIMARY KEY (`id`)
) ENGINE=InnoDB AUTO_INCREMENT=7 DEFAULT CHARSET=utf8mb4 COLLATE=utf8mb4_unicode_ci;
/*!40101 SET character_set_client = @saved_cs_client */;

--
-- Dumping data for table `ec_product_tags`
--

LOCK TABLES `ec_product_tags` WRITE;
/*!40000 ALTER TABLE `ec_product_tags` DISABLE KEYS */;
INSERT INTO `ec_product_tags` VALUES (1,'Electronic',NULL,'published','2025-08-02 02:15:33','2025-08-02 02:15:33'),(2,'Mobile',NULL,'published','2025-08-02 02:15:33','2025-08-02 02:15:33'),(3,'Iphone',NULL,'published','2025-08-02 02:15:33','2025-08-02 02:15:33'),(4,'Printer',NULL,'published','2025-08-02 02:15:33','2025-08-02 02:15:33'),(5,'Office',NULL,'published','2025-08-02 02:15:33','2025-08-02 02:15:33'),(6,'IT',NULL,'published','2025-08-02 02:15:33','2025-08-02 02:15:33');
/*!40000 ALTER TABLE `ec_product_tags` ENABLE KEYS */;
UNLOCK TABLES;

--
-- Table structure for table `ec_product_tags_translations`
--

DROP TABLE IF EXISTS `ec_product_tags_translations`;
/*!40101 SET @saved_cs_client     = @@character_set_client */;
/*!50503 SET character_set_client = utf8mb4 */;
CREATE TABLE `ec_product_tags_translations` (
  `lang_code` varchar(191) COLLATE utf8mb4_unicode_ci NOT NULL,
  `ec_product_tags_id` bigint unsigned NOT NULL,
  `name` varchar(191) COLLATE utf8mb4_unicode_ci DEFAULT NULL,
  PRIMARY KEY (`lang_code`,`ec_product_tags_id`)
) ENGINE=InnoDB DEFAULT CHARSET=utf8mb4 COLLATE=utf8mb4_unicode_ci;
/*!40101 SET character_set_client = @saved_cs_client */;

--
-- Dumping data for table `ec_product_tags_translations`
--

LOCK TABLES `ec_product_tags_translations` WRITE;
/*!40000 ALTER TABLE `ec_product_tags_translations` DISABLE KEYS */;
/*!40000 ALTER TABLE `ec_product_tags_translations` ENABLE KEYS */;
UNLOCK TABLES;

--
-- Table structure for table `ec_product_up_sale_relations`
--

DROP TABLE IF EXISTS `ec_product_up_sale_relations`;
/*!40101 SET @saved_cs_client     = @@character_set_client */;
/*!50503 SET character_set_client = utf8mb4 */;
CREATE TABLE `ec_product_up_sale_relations` (
  `from_product_id` bigint unsigned NOT NULL,
  `to_product_id` bigint unsigned NOT NULL,
  PRIMARY KEY (`from_product_id`,`to_product_id`),
  KEY `ec_product_up_sale_relations_from_product_id_index` (`from_product_id`),
  KEY `ec_product_up_sale_relations_to_product_id_index` (`to_product_id`)
) ENGINE=InnoDB DEFAULT CHARSET=utf8mb4 COLLATE=utf8mb4_unicode_ci;
/*!40101 SET character_set_client = @saved_cs_client */;

--
-- Dumping data for table `ec_product_up_sale_relations`
--

LOCK TABLES `ec_product_up_sale_relations` WRITE;
/*!40000 ALTER TABLE `ec_product_up_sale_relations` DISABLE KEYS */;
/*!40000 ALTER TABLE `ec_product_up_sale_relations` ENABLE KEYS */;
UNLOCK TABLES;

--
-- Table structure for table `ec_product_variation_items`
--

DROP TABLE IF EXISTS `ec_product_variation_items`;
/*!40101 SET @saved_cs_client     = @@character_set_client */;
/*!50503 SET character_set_client = utf8mb4 */;
CREATE TABLE `ec_product_variation_items` (
  `id` bigint unsigned NOT NULL AUTO_INCREMENT,
  `attribute_id` bigint unsigned NOT NULL,
  `variation_id` bigint unsigned NOT NULL,
  PRIMARY KEY (`id`),
  UNIQUE KEY `ec_product_variation_items_attribute_id_variation_id_unique` (`attribute_id`,`variation_id`),
  KEY `attribute_variation_index` (`attribute_id`,`variation_id`),
  KEY `idx_variation_id` (`variation_id`),
  KEY `idx_variation_attribute_covering` (`variation_id`,`attribute_id`)
) ENGINE=InnoDB AUTO_INCREMENT=389 DEFAULT CHARSET=utf8mb4 COLLATE=utf8mb4_unicode_ci;
/*!40101 SET character_set_client = @saved_cs_client */;

--
-- Dumping data for table `ec_product_variation_items`
--

LOCK TABLES `ec_product_variation_items` WRITE;
/*!40000 ALTER TABLE `ec_product_variation_items` DISABLE KEYS */;
INSERT INTO `ec_product_variation_items` VALUES (3,1,2),(15,1,8),(37,1,19),(81,1,41),(91,1,46),(93,1,47),(97,1,49),(101,1,51),(105,1,53),(129,1,65),(141,1,71),(147,1,74),(177,1,89),(181,1,91),(187,1,94),(193,1,97),(201,1,101),(209,1,105),(225,1,113),(227,1,114),(231,1,116),(241,1,121),(259,1,130),(261,1,131),(265,1,133),(273,1,137),(281,1,141),(283,1,142),(285,1,143),(293,1,147),(295,1,148),(297,1,149),(303,1,152),(317,1,159),(323,1,162),(359,1,180),(369,1,185),(1,2,1),(23,2,12),(43,2,22),(59,2,30),(73,2,37),(77,2,39),(113,2,57),(117,2,59),(121,2,61),(131,2,66),(145,2,73),(167,2,84),(173,2,87),(175,2,88),(199,2,100),(205,2,103),(233,2,117),(247,2,124),(249,2,125),(279,2,140),(289,2,145),(291,2,146),(311,2,156),(347,2,174),(349,2,175),(355,2,178),(5,3,3),(17,3,9),(19,3,10),(25,3,13),(27,3,14),(31,3,16),(35,3,18),(51,3,26),(55,3,28),(57,3,29),(67,3,34),(69,3,35),(79,3,40),(83,3,42),(95,3,48),(99,3,50),(107,3,54),(137,3,69),(139,3,70),(149,3,75),(151,3,76),(155,3,78),(159,3,80),(163,3,82),(179,3,90),(185,3,93),(197,3,99),(211,3,106),(245,3,123),(255,3,128),(267,3,134),(271,3,136),(301,3,151),(307,3,154),(315,3,158),(325,3,163),(357,3,179),(363,3,182),(367,3,184),(375,3,188),(381,3,191),(387,3,194),(11,4,6),(21,4,11),(29,4,15),(33,4,17),(39,4,20),(53,4,27),(63,4,32),(65,4,33),(71,4,36),(75,4,38),(103,4,52),(111,4,56),(123,4,62),(125,4,63),(127,4,64),(135,4,68),(143,4,72),(153,4,77),(157,4,79),(183,4,92),(189,4,95),(207,4,104),(213,4,107),(217,4,109),(219,4,110),(221,4,111),(235,4,118),(253,4,127),(263,4,132),(269,4,135),(287,4,144),(299,4,150),(305,4,153),(309,4,155),(313,4,157),(319,4,160),(331,4,166),(335,4,168),(337,4,169),(341,4,171),(345,4,173),(365,4,183),(371,4,186),(377,4,189),(383,4,192),(7,5,4),(9,5,5),(13,5,7),(41,5,21),(45,5,23),(47,5,24),(49,5,25),(61,5,31),(85,5,43),(87,5,44),(89,5,45),(109,5,55),(115,5,58),(119,5,60),(133,5,67),(161,5,81),(165,5,83),(169,5,85),(171,5,86),(191,5,96),(195,5,98),(203,5,102),(215,5,108),(223,5,112),(229,5,115),(237,5,119),(239,5,120),(243,5,122),(251,5,126),(257,5,129),(275,5,138),(277,5,139),(321,5,161),(327,5,164),(329,5,165),(333,5,167),(339,5,170),(343,5,172),(351,5,176),(353,5,177),(361,5,181),(373,5,187),(379,5,190),(385,5,193),(6,6,3),(16,6,8),(34,6,17),(44,6,22),(54,6,27),(68,6,34),(76,6,38),(88,6,44),(92,6,46),(94,6,47),(96,6,48),(108,6,54),(116,6,58),(122,6,61),(128,6,64),(134,6,67),(138,6,69),(156,6,78),(158,6,79),(166,6,83),(180,6,90),(206,6,103),(212,6,106),(226,6,113),(234,6,117),(240,6,120),(244,6,122),(252,6,126),(284,6,142),(292,6,146),(316,6,158),(334,6,167),(342,6,171),(356,6,178),(358,6,179),(382,6,191),(386,6,193),(12,7,6),(20,7,10),(26,7,13),(48,7,24),(50,7,25),(56,7,28),(62,7,31),(64,7,32),(66,7,33),(82,7,41),(90,7,45),(110,7,55),(130,7,65),(152,7,76),(174,7,87),(202,7,101),(210,7,105),(214,7,107),(236,7,118),(250,7,125),(260,7,130),(264,7,132),(282,7,141),(302,7,151),(346,7,173),(354,7,177),(360,7,180),(378,7,189),(4,8,2),(46,8,23),(78,8,39),(98,8,49),(100,8,50),(136,8,68),(140,8,70),(142,8,71),(154,8,77),(164,8,82),(172,8,86),(176,8,88),(184,8,92),(196,8,98),(200,8,100),(216,8,108),(218,8,109),(220,8,110),(230,8,115),(232,8,116),(248,8,124),(258,8,129),(270,8,135),(274,8,137),(276,8,138),(280,8,140),(294,8,147),(296,8,148),(298,8,149),(306,8,153),(308,8,154),(310,8,155),(314,8,157),(318,8,159),(320,8,160),(336,8,168),(348,8,174),(364,8,182),(366,8,183),(380,8,190),(2,9,1),(10,9,5),(14,9,7),(18,9,9),(24,9,12),(36,9,18),(42,9,21),(58,9,29),(60,9,30),(74,9,37),(80,9,40),(84,9,42),(86,9,43),(104,9,52),(106,9,53),(120,9,60),(126,9,63),(132,9,66),(146,9,73),(168,9,84),(170,9,85),(178,9,89),(186,9,93),(188,9,94),(190,9,95),(194,9,97),(204,9,102),(208,9,104),(222,9,111),(224,9,112),(228,9,114),(238,9,119),(262,9,131),(272,9,136),(286,9,143),(312,9,156),(328,9,164),(332,9,166),(338,9,169),(340,9,170),(368,9,184),(370,9,185),(372,9,186),(384,9,192),(388,9,194),(8,10,4),(22,10,11),(28,10,14),(30,10,15),(32,10,16),(38,10,19),(40,10,20),(52,10,26),(70,10,35),(72,10,36),(102,10,51),(112,10,56),(114,10,57),(118,10,59),(124,10,62),(144,10,72),(148,10,74),(150,10,75),(160,10,80),(162,10,81),(182,10,91),(192,10,96),(198,10,99),(242,10,121),(246,10,123),(254,10,127),(256,10,128),(266,10,133),(268,10,134),(278,10,139),(288,10,144),(290,10,145),(300,10,150),(304,10,152),(322,10,161),(324,10,162),(326,10,163),(330,10,165),(344,10,172),(350,10,175),(352,10,176),(362,10,181),(374,10,187),(376,10,188);
/*!40000 ALTER TABLE `ec_product_variation_items` ENABLE KEYS */;
UNLOCK TABLES;

--
-- Table structure for table `ec_product_variations`
--

DROP TABLE IF EXISTS `ec_product_variations`;
/*!40101 SET @saved_cs_client     = @@character_set_client */;
/*!50503 SET character_set_client = utf8mb4 */;
CREATE TABLE `ec_product_variations` (
  `id` bigint unsigned NOT NULL AUTO_INCREMENT,
  `product_id` bigint unsigned DEFAULT NULL,
  `configurable_product_id` bigint unsigned NOT NULL,
  `is_default` tinyint NOT NULL DEFAULT '0',
  PRIMARY KEY (`id`),
  UNIQUE KEY `ec_product_variations_product_id_configurable_product_id_unique` (`product_id`,`configurable_product_id`),
  KEY `configurable_product_index` (`product_id`,`configurable_product_id`),
  KEY `idx_configurable_product_id` (`configurable_product_id`)
) ENGINE=InnoDB AUTO_INCREMENT=195 DEFAULT CHARSET=utf8mb4 COLLATE=utf8mb4_unicode_ci;
/*!40101 SET character_set_client = @saved_cs_client */;

--
-- Dumping data for table `ec_product_variations`
--

LOCK TABLES `ec_product_variations` WRITE;
/*!40000 ALTER TABLE `ec_product_variations` DISABLE KEYS */;
INSERT INTO `ec_product_variations` VALUES (1,76,1,1),(2,77,2,1),(3,78,2,0),(4,79,3,1),(5,80,3,0),(6,81,4,1),(7,82,5,1),(8,83,5,0),(9,84,6,1),(10,85,6,0),(11,86,6,0),(12,87,6,0),(13,88,6,0),(14,89,7,1),(15,90,7,0),(16,91,8,1),(17,92,8,0),(18,93,8,0),(19,94,9,1),(20,95,10,1),(21,96,10,0),(22,97,11,1),(23,98,11,0),(24,99,12,1),(25,100,12,0),(26,101,13,1),(27,102,14,1),(28,103,14,0),(29,104,14,0),(30,105,15,1),(31,106,15,0),(32,107,15,0),(33,108,16,1),(34,109,17,1),(35,110,17,0),(36,111,18,1),(37,112,18,0),(38,113,18,0),(39,114,18,0),(40,115,19,1),(41,116,19,0),(42,117,19,0),(43,118,19,0),(44,119,20,1),(45,120,20,0),(46,121,21,1),(47,122,21,0),(48,123,21,0),(49,124,21,0),(50,125,22,1),(51,126,22,0),(52,127,22,0),(53,128,23,1),(54,129,23,0),(55,130,23,0),(56,131,24,1),(57,132,25,1),(58,133,25,0),(59,134,25,0),(60,135,25,0),(61,136,26,1),(62,137,27,1),(63,138,27,0),(64,139,27,0),(65,140,27,0),(66,141,28,1),(67,142,28,0),(68,143,28,0),(69,144,28,0),(70,145,29,1),(71,146,30,1),(72,147,30,0),(73,148,30,0),(74,149,31,1),(75,150,31,0),(76,151,32,1),(77,152,32,0),(78,153,32,0),(79,154,33,1),(80,155,33,0),(81,156,33,0),(82,157,33,0),(83,158,34,1),(84,159,35,1),(85,160,35,0),(86,161,35,0),(87,162,36,1),(88,163,36,0),(89,164,37,1),(90,165,37,0),(91,166,37,0),(92,167,37,0),(93,168,38,1),(94,169,38,0),(95,170,39,1),(96,171,39,0),(97,172,39,0),(98,173,39,0),(99,174,40,1),(100,175,40,0),(101,176,41,1),(102,177,41,0),(103,178,41,0),(104,179,41,0),(105,180,41,0),(106,181,42,1),(107,182,42,0),(108,183,42,0),(109,184,42,0),(110,185,43,1),(111,186,44,1),(112,187,44,0),(113,188,44,0),(114,189,45,1),(115,190,46,1),(116,191,46,0),(117,192,46,0),(118,193,47,1),(119,194,47,0),(120,195,47,0),(121,196,47,0),(122,197,48,1),(123,198,49,1),(124,199,49,0),(125,200,50,1),(126,201,50,0),(127,202,50,0),(128,203,51,1),(129,204,51,0),(130,205,52,1),(131,206,53,1),(132,207,53,0),(133,208,54,1),(134,209,54,0),(135,210,54,0),(136,211,54,0),(137,212,54,0),(138,213,55,1),(139,214,55,0),(140,215,55,0),(141,216,56,1),(142,217,56,0),(143,218,56,0),(144,219,56,0),(145,220,57,1),(146,221,57,0),(147,222,57,0),(148,223,58,1),(149,224,58,0),(150,225,58,0),(151,226,58,0),(152,227,59,1),(153,228,60,1),(154,229,60,0),(155,230,60,0),(156,231,60,0),(157,232,61,1),(158,233,62,1),(159,234,62,0),(160,235,62,0),(161,236,63,1),(162,237,63,0),(163,238,64,1),(164,239,64,0),(165,240,64,0),(166,241,65,1),(167,242,65,0),(168,243,65,0),(169,244,66,1),(170,245,66,0),(171,246,67,1),(172,247,67,0),(173,248,67,0),(174,249,68,1),(175,250,68,0),(176,251,68,0),(177,252,69,1),(178,253,69,0),(179,254,69,0),(180,255,70,1),(181,256,70,0),(182,257,70,0),(183,258,71,1),(184,259,71,0),(185,260,72,1),(186,261,73,1),(187,262,73,0),(188,263,73,0),(189,264,74,1),(190,265,74,0),(191,266,74,0),(192,267,75,1),(193,268,75,0),(194,269,75,0);
/*!40000 ALTER TABLE `ec_product_variations` ENABLE KEYS */;
UNLOCK TABLES;

--
-- Table structure for table `ec_product_views`
--

DROP TABLE IF EXISTS `ec_product_views`;
/*!40101 SET @saved_cs_client     = @@character_set_client */;
/*!50503 SET character_set_client = utf8mb4 */;
CREATE TABLE `ec_product_views` (
  `id` bigint unsigned NOT NULL AUTO_INCREMENT,
  `product_id` bigint unsigned NOT NULL,
  `views` int NOT NULL DEFAULT '1',
  `date` date NOT NULL DEFAULT '2025-08-02',
  PRIMARY KEY (`id`),
  UNIQUE KEY `ec_product_views_product_id_date_unique` (`product_id`,`date`),
  KEY `ec_product_views_product_id_index` (`product_id`)
) ENGINE=InnoDB DEFAULT CHARSET=utf8mb4 COLLATE=utf8mb4_unicode_ci;
/*!40101 SET character_set_client = @saved_cs_client */;

--
-- Dumping data for table `ec_product_views`
--

LOCK TABLES `ec_product_views` WRITE;
/*!40000 ALTER TABLE `ec_product_views` DISABLE KEYS */;
/*!40000 ALTER TABLE `ec_product_views` ENABLE KEYS */;
UNLOCK TABLES;

--
-- Table structure for table `ec_product_with_attribute_set`
--

DROP TABLE IF EXISTS `ec_product_with_attribute_set`;
/*!40101 SET @saved_cs_client     = @@character_set_client */;
/*!50503 SET character_set_client = utf8mb4 */;
CREATE TABLE `ec_product_with_attribute_set` (
  `attribute_set_id` bigint unsigned NOT NULL,
  `product_id` bigint unsigned NOT NULL,
  `order` tinyint unsigned NOT NULL DEFAULT '0',
  PRIMARY KEY (`product_id`,`attribute_set_id`)
) ENGINE=InnoDB DEFAULT CHARSET=utf8mb4 COLLATE=utf8mb4_unicode_ci;
/*!40101 SET character_set_client = @saved_cs_client */;

--
-- Dumping data for table `ec_product_with_attribute_set`
--

LOCK TABLES `ec_product_with_attribute_set` WRITE;
/*!40000 ALTER TABLE `ec_product_with_attribute_set` DISABLE KEYS */;
INSERT INTO `ec_product_with_attribute_set` VALUES (1,1,0),(2,1,0),(1,2,0),(2,2,0),(1,3,0),(2,3,0),(1,4,0),(2,4,0),(1,5,0),(2,5,0),(1,6,0),(2,6,0),(1,7,0),(2,7,0),(1,8,0),(2,8,0),(1,9,0),(2,9,0),(1,10,0),(2,10,0),(1,11,0),(2,11,0),(1,12,0),(2,12,0),(1,13,0),(2,13,0),(1,14,0),(2,14,0),(1,15,0),(2,15,0),(1,16,0),(2,16,0),(1,17,0),(2,17,0),(1,18,0),(2,18,0),(1,19,0),(2,19,0),(1,20,0),(2,20,0),(1,21,0),(2,21,0),(1,22,0),(2,22,0),(1,23,0),(2,23,0),(1,24,0),(2,24,0),(1,25,0),(2,25,0),(1,26,0),(2,26,0),(1,27,0),(2,27,0),(1,28,0),(2,28,0),(1,29,0),(2,29,0),(1,30,0),(2,30,0),(1,31,0),(2,31,0),(1,32,0),(2,32,0),(1,33,0),(2,33,0),(1,34,0),(2,34,0),(1,35,0),(2,35,0),(1,36,0),(2,36,0),(1,37,0),(2,37,0),(1,38,0),(2,38,0),(1,39,0),(2,39,0),(1,40,0),(2,40,0),(1,41,0),(2,41,0),(1,42,0),(2,42,0),(1,43,0),(2,43,0),(1,44,0),(2,44,0),(1,45,0),(2,45,0),(1,46,0),(2,46,0),(1,47,0),(2,47,0),(1,48,0),(2,48,0),(1,49,0),(2,49,0),(1,50,0),(2,50,0),(1,51,0),(2,51,0),(1,52,0),(2,52,0),(1,53,0),(2,53,0),(1,54,0),(2,54,0),(1,55,0),(2,55,0),(1,56,0),(2,56,0),(1,57,0),(2,57,0),(1,58,0),(2,58,0),(1,59,0),(2,59,0),(1,60,0),(2,60,0),(1,61,0),(2,61,0),(1,62,0),(2,62,0),(1,63,0),(2,63,0),(1,64,0),(2,64,0),(1,65,0),(2,65,0),(1,66,0),(2,66,0),(1,67,0),(2,67,0),(1,68,0),(2,68,0),(1,69,0),(2,69,0),(1,70,0),(2,70,0),(1,71,0),(2,71,0),(1,72,0),(2,72,0),(1,73,0),(2,73,0),(1,74,0),(2,74,0),(1,75,0),(2,75,0);
/*!40000 ALTER TABLE `ec_product_with_attribute_set` ENABLE KEYS */;
UNLOCK TABLES;

--
-- Table structure for table `ec_products`
--

DROP TABLE IF EXISTS `ec_products`;
/*!40101 SET @saved_cs_client     = @@character_set_client */;
/*!50503 SET character_set_client = utf8mb4 */;
CREATE TABLE `ec_products` (
  `id` bigint unsigned NOT NULL AUTO_INCREMENT,
  `name` varchar(191) COLLATE utf8mb4_unicode_ci NOT NULL,
  `description` text COLLATE utf8mb4_unicode_ci,
  `content` longtext COLLATE utf8mb4_unicode_ci,
  `status` varchar(60) COLLATE utf8mb4_unicode_ci NOT NULL DEFAULT 'published',
  `images` text COLLATE utf8mb4_unicode_ci,
  `video_media` text COLLATE utf8mb4_unicode_ci,
  `sku` varchar(191) COLLATE utf8mb4_unicode_ci DEFAULT NULL,
  `order` int unsigned NOT NULL DEFAULT '0',
  `quantity` int unsigned DEFAULT NULL,
  `allow_checkout_when_out_of_stock` tinyint unsigned NOT NULL DEFAULT '0',
  `with_storehouse_management` tinyint unsigned NOT NULL DEFAULT '0',
  `stock_status` varchar(191) COLLATE utf8mb4_unicode_ci DEFAULT 'in_stock',
  `is_featured` tinyint unsigned NOT NULL DEFAULT '0',
  `brand_id` bigint unsigned DEFAULT NULL,
  `is_variation` tinyint NOT NULL DEFAULT '0',
  `sale_type` tinyint NOT NULL DEFAULT '0',
  `price` double unsigned DEFAULT NULL,
  `sale_price` double unsigned DEFAULT NULL,
  `start_date` timestamp NULL DEFAULT NULL,
  `end_date` timestamp NULL DEFAULT NULL,
  `length` double DEFAULT NULL,
  `wide` double DEFAULT NULL,
  `height` double DEFAULT NULL,
  `weight` double DEFAULT NULL,
  `tax_id` bigint unsigned DEFAULT NULL,
  `views` bigint NOT NULL DEFAULT '0',
  `created_at` timestamp NULL DEFAULT NULL,
  `updated_at` timestamp NULL DEFAULT NULL,
  `created_by_id` bigint unsigned DEFAULT '0',
  `created_by_type` varchar(191) COLLATE utf8mb4_unicode_ci NOT NULL DEFAULT 'Botble\\ACL\\Models\\User',
  `image` varchar(191) COLLATE utf8mb4_unicode_ci DEFAULT NULL,
  `product_type` varchar(60) COLLATE utf8mb4_unicode_ci DEFAULT 'physical',
  `barcode` varchar(150) COLLATE utf8mb4_unicode_ci DEFAULT NULL,
  `cost_per_item` double DEFAULT NULL,
  `generate_license_code` tinyint(1) NOT NULL DEFAULT '0',
  `license_code_type` enum('auto_generate','pick_from_list') COLLATE utf8mb4_unicode_ci NOT NULL DEFAULT 'auto_generate',
  `minimum_order_quantity` int unsigned DEFAULT '0',
  `maximum_order_quantity` int unsigned DEFAULT '0',
  `notify_attachment_updated` tinyint(1) NOT NULL DEFAULT '0',
  `specification_table_id` bigint unsigned DEFAULT NULL,
  PRIMARY KEY (`id`),
  KEY `ec_products_brand_id_status_is_variation_created_at_index` (`brand_id`,`status`,`is_variation`,`created_at`),
  KEY `sale_type_index` (`sale_type`),
  KEY `start_date_index` (`start_date`),
  KEY `end_date_index` (`end_date`),
  KEY `sale_price_index` (`sale_price`),
  KEY `is_variation_index` (`is_variation`),
  KEY `ec_products_sku_index` (`sku`),
  KEY `idx_variation_name_id` (`is_variation`,`name`,`id`)
) ENGINE=InnoDB AUTO_INCREMENT=270 DEFAULT CHARSET=utf8mb4 COLLATE=utf8mb4_unicode_ci;
/*!40101 SET character_set_client = @saved_cs_client */;

--
-- Dumping data for table `ec_products`
--

LOCK TABLES `ec_products` WRITE;
/*!40000 ALTER TABLE `ec_products` DISABLE KEYS */;
INSERT INTO `ec_products` VALUES (1,'Miko Wooden Bluetooth Speaker','<p>Short Hooded Coat features a straight body, large pockets with button flaps, ventilation air holes, and a string detail along the hemline.</p>','<p>Short Hooded Coat features a straight body, large pockets with button flaps, ventilation air holes, and a string detail along the hemline. The style is completed with a drawstring hood, featuring Rains’ signature built-in cap. Made from waterproof, matte PU, this lightweight unisex rain jacket is an ode to nostalgia through its classic silhouette and utilitarian design details.</p>\n                                <p>- Casual unisex fit</p>\n\n                                <p>- 64% polyester, 36% polyurethane</p>\n\n                                <p>- Water column pressure: 4000 mm</p>\n\n                                <p>- Model is 187cm tall and wearing a size S / M</p>\n\n                                <p>- Unisex fit</p>\n\n                                <p>- Drawstring hood with built-in cap</p>\n\n                                <p>- Front placket with snap buttons</p>\n\n                                <p>- Ventilation under armpit</p>\n\n                                <p>- Adjustable cuffs</p>\n\n                                <p>- Double welted front pockets</p>\n\n                                <p>- Adjustable elastic string at hempen</p>\n\n                                <p>- Ultrasonically welded seams</p>\n\n                                <p>This is a unisex item, please check our clothing &amp; footwear sizing guide for specific Rains jacket sizing information. RAINS comes from the rainy nation of Denmark at the edge of the European continent, close to the ocean and with prevailing westerly winds; all factors that contribute to an average of 121 rain days each year. Arising from these rainy weather conditions comes the attitude that a quick rain shower may be beautiful, as well as moody- but first and foremost requires the right outfit. Rains focus on the whole experience of going outside on rainy days, issuing an invitation to explore even in the most mercurial weather.</p>','published','[\"products\\/product-46.jpg\",\"products\\/product-44.jpg\",\"products\\/product-72.jpg\",\"products\\/product-84.jpg\",\"products\\/product-2.jpg\",\"products\\/product-48.jpg\",\"products\\/product-9.jpg\",\"products\\/product-58.jpg\"]',NULL,'NC-137-A0',0,16,0,1,'in_stock',1,1,0,0,388,NULL,NULL,NULL,12,11,14,630,NULL,24539,'2025-08-02 02:15:43','2025-08-02 02:15:47',0,'Botble\\ACL\\Models\\User',NULL,'digital',NULL,NULL,0,'auto_generate',0,0,0,1),(2,'Gorgeous Wooden Gloves','<p>Short Hooded Coat features a straight body, large pockets with button flaps, ventilation air holes, and a string detail along the hemline.</p>','<p>Short Hooded Coat features a straight body, large pockets with button flaps, ventilation air holes, and a string detail along the hemline. The style is completed with a drawstring hood, featuring Rains’ signature built-in cap. Made from waterproof, matte PU, this lightweight unisex rain jacket is an ode to nostalgia through its classic silhouette and utilitarian design details.</p>\n                                <p>- Casual unisex fit</p>\n\n                                <p>- 64% polyester, 36% polyurethane</p>\n\n                                <p>- Water column pressure: 4000 mm</p>\n\n                                <p>- Model is 187cm tall and wearing a size S / M</p>\n\n                                <p>- Unisex fit</p>\n\n                                <p>- Drawstring hood with built-in cap</p>\n\n                                <p>- Front placket with snap buttons</p>\n\n                                <p>- Ventilation under armpit</p>\n\n                                <p>- Adjustable cuffs</p>\n\n                                <p>- Double welted front pockets</p>\n\n                                <p>- Adjustable elastic string at hempen</p>\n\n                                <p>- Ultrasonically welded seams</p>\n\n                                <p>This is a unisex item, please check our clothing &amp; footwear sizing guide for specific Rains jacket sizing information. RAINS comes from the rainy nation of Denmark at the edge of the European continent, close to the ocean and with prevailing westerly winds; all factors that contribute to an average of 121 rain days each year. Arising from these rainy weather conditions comes the attitude that a quick rain shower may be beautiful, as well as moody- but first and foremost requires the right outfit. Rains focus on the whole experience of going outside on rainy days, issuing an invitation to explore even in the most mercurial weather.</p>','published','[\"products\\/product-74.jpg\",\"products\\/product-75.jpg\",\"products\\/product-11.jpg\",\"products\\/product-83.jpg\",\"products\\/product-50.jpg\"]',NULL,'NC-156-A0',0,15,0,1,'in_stock',0,7,0,0,292,NULL,NULL,NULL,13,10,15,648,NULL,85665,'2025-08-02 02:15:43','2025-08-02 02:15:47',0,'Botble\\ACL\\Models\\User',NULL,'physical',NULL,NULL,0,'auto_generate',0,0,0,2),(3,'Pinkol Enormous Granite Bottle','<p>Short Hooded Coat features a straight body, large pockets with button flaps, ventilation air holes, and a string detail along the hemline.</p>','<p>Short Hooded Coat features a straight body, large pockets with button flaps, ventilation air holes, and a string detail along the hemline. The style is completed with a drawstring hood, featuring Rains’ signature built-in cap. Made from waterproof, matte PU, this lightweight unisex rain jacket is an ode to nostalgia through its classic silhouette and utilitarian design details.</p>\n                                <p>- Casual unisex fit</p>\n\n                                <p>- 64% polyester, 36% polyurethane</p>\n\n                                <p>- Water column pressure: 4000 mm</p>\n\n                                <p>- Model is 187cm tall and wearing a size S / M</p>\n\n                                <p>- Unisex fit</p>\n\n                                <p>- Drawstring hood with built-in cap</p>\n\n                                <p>- Front placket with snap buttons</p>\n\n                                <p>- Ventilation under armpit</p>\n\n                                <p>- Adjustable cuffs</p>\n\n                                <p>- Double welted front pockets</p>\n\n                                <p>- Adjustable elastic string at hempen</p>\n\n                                <p>- Ultrasonically welded seams</p>\n\n                                <p>This is a unisex item, please check our clothing &amp; footwear sizing guide for specific Rains jacket sizing information. RAINS comes from the rainy nation of Denmark at the edge of the European continent, close to the ocean and with prevailing westerly winds; all factors that contribute to an average of 121 rain days each year. Arising from these rainy weather conditions comes the attitude that a quick rain shower may be beautiful, as well as moody- but first and foremost requires the right outfit. Rains focus on the whole experience of going outside on rainy days, issuing an invitation to explore even in the most mercurial weather.</p>','published','[\"products\\/product-94.jpg\",\"products\\/product-25.jpg\",\"products\\/product-51.jpg\",\"products\\/product-71.jpg\",\"products\\/product-74.jpg\",\"products\\/product-80.jpg\",\"products\\/product-63.jpg\",\"products\\/product-4.jpg\",\"products\\/product-9.jpg\"]',NULL,'NC-121-A0',0,10,0,1,'in_stock',0,5,0,0,211,NULL,NULL,NULL,19,11,19,693,NULL,80257,'2025-08-02 02:15:43','2025-08-02 02:15:47',0,'Botble\\ACL\\Models\\User',NULL,'physical',NULL,NULL,0,'auto_generate',0,0,0,1),(4,'Gorgeous Aluminum Table','<p>Short Hooded Coat features a straight body, large pockets with button flaps, ventilation air holes, and a string detail along the hemline.</p>','<p>Short Hooded Coat features a straight body, large pockets with button flaps, ventilation air holes, and a string detail along the hemline. The style is completed with a drawstring hood, featuring Rains’ signature built-in cap. Made from waterproof, matte PU, this lightweight unisex rain jacket is an ode to nostalgia through its classic silhouette and utilitarian design details.</p>\n                                <p>- Casual unisex fit</p>\n\n                                <p>- 64% polyester, 36% polyurethane</p>\n\n                                <p>- Water column pressure: 4000 mm</p>\n\n                                <p>- Model is 187cm tall and wearing a size S / M</p>\n\n                                <p>- Unisex fit</p>\n\n                                <p>- Drawstring hood with built-in cap</p>\n\n                                <p>- Front placket with snap buttons</p>\n\n                                <p>- Ventilation under armpit</p>\n\n                                <p>- Adjustable cuffs</p>\n\n                                <p>- Double welted front pockets</p>\n\n                                <p>- Adjustable elastic string at hempen</p>\n\n                                <p>- Ultrasonically welded seams</p>\n\n                                <p>This is a unisex item, please check our clothing &amp; footwear sizing guide for specific Rains jacket sizing information. RAINS comes from the rainy nation of Denmark at the edge of the European continent, close to the ocean and with prevailing westerly winds; all factors that contribute to an average of 121 rain days each year. Arising from these rainy weather conditions comes the attitude that a quick rain shower may be beautiful, as well as moody- but first and foremost requires the right outfit. Rains focus on the whole experience of going outside on rainy days, issuing an invitation to explore even in the most mercurial weather.</p>','published','[\"products\\/product-64.jpg\",\"products\\/product-5.jpg\",\"products\\/product-94.jpg\",\"products\\/product-19.jpg\",\"products\\/product-42.jpg\",\"products\\/product-89.jpg\",\"products\\/product-85.jpg\",\"products\\/product-81.jpg\",\"products\\/product-36.jpg\",\"products\\/product-24.jpg\",\"products\\/product-7.jpg\"]',NULL,'NC-125-A0',0,16,0,1,'in_stock',0,2,0,0,386,270.2,NULL,NULL,20,13,17,562,NULL,181872,'2025-08-02 02:15:43','2025-08-02 02:15:47',0,'Botble\\ACL\\Models\\User',NULL,'physical',NULL,NULL,0,'auto_generate',0,0,0,2),(5,'Evo Lightweight Granite Shirt','<p>Short Hooded Coat features a straight body, large pockets with button flaps, ventilation air holes, and a string detail along the hemline.</p>','<p>Short Hooded Coat features a straight body, large pockets with button flaps, ventilation air holes, and a string detail along the hemline. The style is completed with a drawstring hood, featuring Rains’ signature built-in cap. Made from waterproof, matte PU, this lightweight unisex rain jacket is an ode to nostalgia through its classic silhouette and utilitarian design details.</p>\n                                <p>- Casual unisex fit</p>\n\n                                <p>- 64% polyester, 36% polyurethane</p>\n\n                                <p>- Water column pressure: 4000 mm</p>\n\n                                <p>- Model is 187cm tall and wearing a size S / M</p>\n\n                                <p>- Unisex fit</p>\n\n                                <p>- Drawstring hood with built-in cap</p>\n\n                                <p>- Front placket with snap buttons</p>\n\n                                <p>- Ventilation under armpit</p>\n\n                                <p>- Adjustable cuffs</p>\n\n                                <p>- Double welted front pockets</p>\n\n                                <p>- Adjustable elastic string at hempen</p>\n\n                                <p>- Ultrasonically welded seams</p>\n\n                                <p>This is a unisex item, please check our clothing &amp; footwear sizing guide for specific Rains jacket sizing information. RAINS comes from the rainy nation of Denmark at the edge of the European continent, close to the ocean and with prevailing westerly winds; all factors that contribute to an average of 121 rain days each year. Arising from these rainy weather conditions comes the attitude that a quick rain shower may be beautiful, as well as moody- but first and foremost requires the right outfit. Rains focus on the whole experience of going outside on rainy days, issuing an invitation to explore even in the most mercurial weather.</p>','published','[\"products\\/product-21.jpg\",\"products\\/product-48.jpg\",\"products\\/product-79.jpg\",\"products\\/product-43.jpg\",\"products\\/product-34.jpg\",\"products\\/product-65.jpg\",\"products\\/product-82.jpg\"]',NULL,'NC-145-A0',0,10,0,1,'in_stock',0,4,0,0,385,NULL,NULL,NULL,14,12,17,600,NULL,111077,'2025-08-02 02:15:43','2025-08-02 02:15:47',0,'Botble\\ACL\\Models\\User',NULL,'digital',NULL,NULL,0,'auto_generate',0,0,0,2),(6,'CLCo. Incredible Paper Car','<p>Short Hooded Coat features a straight body, large pockets with button flaps, ventilation air holes, and a string detail along the hemline.</p>','<p>Short Hooded Coat features a straight body, large pockets with button flaps, ventilation air holes, and a string detail along the hemline. The style is completed with a drawstring hood, featuring Rains’ signature built-in cap. Made from waterproof, matte PU, this lightweight unisex rain jacket is an ode to nostalgia through its classic silhouette and utilitarian design details.</p>\n                                <p>- Casual unisex fit</p>\n\n                                <p>- 64% polyester, 36% polyurethane</p>\n\n                                <p>- Water column pressure: 4000 mm</p>\n\n                                <p>- Model is 187cm tall and wearing a size S / M</p>\n\n                                <p>- Unisex fit</p>\n\n                                <p>- Drawstring hood with built-in cap</p>\n\n                                <p>- Front placket with snap buttons</p>\n\n                                <p>- Ventilation under armpit</p>\n\n                                <p>- Adjustable cuffs</p>\n\n                                <p>- Double welted front pockets</p>\n\n                                <p>- Adjustable elastic string at hempen</p>\n\n                                <p>- Ultrasonically welded seams</p>\n\n                                <p>This is a unisex item, please check our clothing &amp; footwear sizing guide for specific Rains jacket sizing information. RAINS comes from the rainy nation of Denmark at the edge of the European continent, close to the ocean and with prevailing westerly winds; all factors that contribute to an average of 121 rain days each year. Arising from these rainy weather conditions comes the attitude that a quick rain shower may be beautiful, as well as moody- but first and foremost requires the right outfit. Rains focus on the whole experience of going outside on rainy days, issuing an invitation to explore even in the most mercurial weather.</p>','published','[\"products\\/product-75.jpg\",\"products\\/product-67.jpg\",\"products\\/product-20.jpg\",\"products\\/product-47.jpg\",\"products\\/product-58.jpg\",\"products\\/product-39.jpg\",\"products\\/product-41.jpg\",\"products\\/product-6.jpg\",\"products\\/product-63.jpg\",\"products\\/product-55.jpg\"]',NULL,'NC-189-A0',0,11,0,1,'in_stock',0,7,0,0,423,NULL,NULL,NULL,10,17,17,617,NULL,109608,'2025-08-02 02:15:43','2025-08-02 02:15:47',0,'Botble\\ACL\\Models\\User',NULL,'physical',NULL,NULL,0,'auto_generate',0,0,0,1),(7,'Progash Durable Granite Hat','<p>Short Hooded Coat features a straight body, large pockets with button flaps, ventilation air holes, and a string detail along the hemline.</p>','<p>Short Hooded Coat features a straight body, large pockets with button flaps, ventilation air holes, and a string detail along the hemline. The style is completed with a drawstring hood, featuring Rains’ signature built-in cap. Made from waterproof, matte PU, this lightweight unisex rain jacket is an ode to nostalgia through its classic silhouette and utilitarian design details.</p>\n                                <p>- Casual unisex fit</p>\n\n                                <p>- 64% polyester, 36% polyurethane</p>\n\n                                <p>- Water column pressure: 4000 mm</p>\n\n                                <p>- Model is 187cm tall and wearing a size S / M</p>\n\n                                <p>- Unisex fit</p>\n\n                                <p>- Drawstring hood with built-in cap</p>\n\n                                <p>- Front placket with snap buttons</p>\n\n                                <p>- Ventilation under armpit</p>\n\n                                <p>- Adjustable cuffs</p>\n\n                                <p>- Double welted front pockets</p>\n\n                                <p>- Adjustable elastic string at hempen</p>\n\n                                <p>- Ultrasonically welded seams</p>\n\n                                <p>This is a unisex item, please check our clothing &amp; footwear sizing guide for specific Rains jacket sizing information. RAINS comes from the rainy nation of Denmark at the edge of the European continent, close to the ocean and with prevailing westerly winds; all factors that contribute to an average of 121 rain days each year. Arising from these rainy weather conditions comes the attitude that a quick rain shower may be beautiful, as well as moody- but first and foremost requires the right outfit. Rains focus on the whole experience of going outside on rainy days, issuing an invitation to explore even in the most mercurial weather.</p>','published','[\"products\\/product-10.jpg\",\"products\\/product-8.jpg\",\"products\\/product-34.jpg\",\"products\\/product-14.jpg\",\"products\\/product-63.jpg\",\"products\\/product-23.jpg\"]',NULL,'NC-129-A0',0,18,0,1,'in_stock',0,4,0,0,413,NULL,NULL,NULL,11,19,11,668,NULL,112053,'2025-08-02 02:15:43','2025-08-02 02:15:47',0,'Botble\\ACL\\Models\\User',NULL,'physical',NULL,NULL,0,'auto_generate',0,0,0,1),(8,'Purab Enormous Miranda Bottle','<p>Short Hooded Coat features a straight body, large pockets with button flaps, ventilation air holes, and a string detail along the hemline.</p>','<p>Short Hooded Coat features a straight body, large pockets with button flaps, ventilation air holes, and a string detail along the hemline. The style is completed with a drawstring hood, featuring Rains’ signature built-in cap. Made from waterproof, matte PU, this lightweight unisex rain jacket is an ode to nostalgia through its classic silhouette and utilitarian design details.</p>\n                                <p>- Casual unisex fit</p>\n\n                                <p>- 64% polyester, 36% polyurethane</p>\n\n                                <p>- Water column pressure: 4000 mm</p>\n\n                                <p>- Model is 187cm tall and wearing a size S / M</p>\n\n                                <p>- Unisex fit</p>\n\n                                <p>- Drawstring hood with built-in cap</p>\n\n                                <p>- Front placket with snap buttons</p>\n\n                                <p>- Ventilation under armpit</p>\n\n                                <p>- Adjustable cuffs</p>\n\n                                <p>- Double welted front pockets</p>\n\n                                <p>- Adjustable elastic string at hempen</p>\n\n                                <p>- Ultrasonically welded seams</p>\n\n                                <p>This is a unisex item, please check our clothing &amp; footwear sizing guide for specific Rains jacket sizing information. RAINS comes from the rainy nation of Denmark at the edge of the European continent, close to the ocean and with prevailing westerly winds; all factors that contribute to an average of 121 rain days each year. Arising from these rainy weather conditions comes the attitude that a quick rain shower may be beautiful, as well as moody- but first and foremost requires the right outfit. Rains focus on the whole experience of going outside on rainy days, issuing an invitation to explore even in the most mercurial weather.</p>','published','[\"products\\/product-13.jpg\",\"products\\/product-44.jpg\",\"products\\/product-39.jpg\",\"products\\/product-45.jpg\",\"products\\/product-27.jpg\",\"products\\/product-5.jpg\",\"products\\/product-48.jpg\",\"products\\/product-47.jpg\",\"products\\/product-66.jpg\",\"products\\/product-68.jpg\"]',NULL,'NC-154-A0',0,10,0,1,'in_stock',1,7,0,0,226,164.98,NULL,NULL,18,13,12,648,NULL,126392,'2025-08-02 02:15:43','2025-08-02 02:15:47',0,'Botble\\ACL\\Models\\User',NULL,'physical',NULL,NULL,0,'auto_generate',0,0,0,2),(9,'Miklonda Co. Crafted Candles','<p>Short Hooded Coat features a straight body, large pockets with button flaps, ventilation air holes, and a string detail along the hemline.</p>','<p>Short Hooded Coat features a straight body, large pockets with button flaps, ventilation air holes, and a string detail along the hemline. The style is completed with a drawstring hood, featuring Rains’ signature built-in cap. Made from waterproof, matte PU, this lightweight unisex rain jacket is an ode to nostalgia through its classic silhouette and utilitarian design details.</p>\n                                <p>- Casual unisex fit</p>\n\n                                <p>- 64% polyester, 36% polyurethane</p>\n\n                                <p>- Water column pressure: 4000 mm</p>\n\n                                <p>- Model is 187cm tall and wearing a size S / M</p>\n\n                                <p>- Unisex fit</p>\n\n                                <p>- Drawstring hood with built-in cap</p>\n\n                                <p>- Front placket with snap buttons</p>\n\n                                <p>- Ventilation under armpit</p>\n\n                                <p>- Adjustable cuffs</p>\n\n                                <p>- Double welted front pockets</p>\n\n                                <p>- Adjustable elastic string at hempen</p>\n\n                                <p>- Ultrasonically welded seams</p>\n\n                                <p>This is a unisex item, please check our clothing &amp; footwear sizing guide for specific Rains jacket sizing information. RAINS comes from the rainy nation of Denmark at the edge of the European continent, close to the ocean and with prevailing westerly winds; all factors that contribute to an average of 121 rain days each year. Arising from these rainy weather conditions comes the attitude that a quick rain shower may be beautiful, as well as moody- but first and foremost requires the right outfit. Rains focus on the whole experience of going outside on rainy days, issuing an invitation to explore even in the most mercurial weather.</p>','published','[\"products\\/product-34.jpg\",\"products\\/product-66.jpg\",\"products\\/product-64.jpg\",\"products\\/product-53.jpg\",\"products\\/product-94.jpg\",\"products\\/product-39.jpg\"]',NULL,'NC-130-A0',0,19,0,1,'in_stock',1,6,0,0,270,NULL,NULL,NULL,18,12,14,518,NULL,51313,'2025-08-02 02:15:44','2025-08-02 02:15:47',0,'Botble\\ACL\\Models\\User',NULL,'digital',NULL,NULL,0,'auto_generate',0,0,0,2),(10,'Pinkol Enormous Granite Bottle','<p>Short Hooded Coat features a straight body, large pockets with button flaps, ventilation air holes, and a string detail along the hemline.</p>','<p>Short Hooded Coat features a straight body, large pockets with button flaps, ventilation air holes, and a string detail along the hemline. The style is completed with a drawstring hood, featuring Rains’ signature built-in cap. Made from waterproof, matte PU, this lightweight unisex rain jacket is an ode to nostalgia through its classic silhouette and utilitarian design details.</p>\n                                <p>- Casual unisex fit</p>\n\n                                <p>- 64% polyester, 36% polyurethane</p>\n\n                                <p>- Water column pressure: 4000 mm</p>\n\n                                <p>- Model is 187cm tall and wearing a size S / M</p>\n\n                                <p>- Unisex fit</p>\n\n                                <p>- Drawstring hood with built-in cap</p>\n\n                                <p>- Front placket with snap buttons</p>\n\n                                <p>- Ventilation under armpit</p>\n\n                                <p>- Adjustable cuffs</p>\n\n                                <p>- Double welted front pockets</p>\n\n                                <p>- Adjustable elastic string at hempen</p>\n\n                                <p>- Ultrasonically welded seams</p>\n\n                                <p>This is a unisex item, please check our clothing &amp; footwear sizing guide for specific Rains jacket sizing information. RAINS comes from the rainy nation of Denmark at the edge of the European continent, close to the ocean and with prevailing westerly winds; all factors that contribute to an average of 121 rain days each year. Arising from these rainy weather conditions comes the attitude that a quick rain shower may be beautiful, as well as moody- but first and foremost requires the right outfit. Rains focus on the whole experience of going outside on rainy days, issuing an invitation to explore even in the most mercurial weather.</p>','published','[\"products\\/product-3.jpg\",\"products\\/product-33.jpg\",\"products\\/product-14.jpg\",\"products\\/product-50.jpg\",\"products\\/product-72.jpg\",\"products\\/product-88.jpg\",\"products\\/product-84.jpg\",\"products\\/product-92.jpg\"]',NULL,'NC-120-A0',0,11,0,1,'in_stock',0,4,0,0,498,NULL,NULL,NULL,11,14,12,735,NULL,36900,'2025-08-02 02:15:44','2025-08-02 02:15:47',0,'Botble\\ACL\\Models\\User',NULL,'physical',NULL,NULL,0,'auto_generate',0,0,0,1),(11,'Dual Camera 20MP','<p>Short Hooded Coat features a straight body, large pockets with button flaps, ventilation air holes, and a string detail along the hemline.</p>','<p>Short Hooded Coat features a straight body, large pockets with button flaps, ventilation air holes, and a string detail along the hemline. The style is completed with a drawstring hood, featuring Rains’ signature built-in cap. Made from waterproof, matte PU, this lightweight unisex rain jacket is an ode to nostalgia through its classic silhouette and utilitarian design details.</p>\n                                <p>- Casual unisex fit</p>\n\n                                <p>- 64% polyester, 36% polyurethane</p>\n\n                                <p>- Water column pressure: 4000 mm</p>\n\n                                <p>- Model is 187cm tall and wearing a size S / M</p>\n\n                                <p>- Unisex fit</p>\n\n                                <p>- Drawstring hood with built-in cap</p>\n\n                                <p>- Front placket with snap buttons</p>\n\n                                <p>- Ventilation under armpit</p>\n\n                                <p>- Adjustable cuffs</p>\n\n                                <p>- Double welted front pockets</p>\n\n                                <p>- Adjustable elastic string at hempen</p>\n\n                                <p>- Ultrasonically welded seams</p>\n\n                                <p>This is a unisex item, please check our clothing &amp; footwear sizing guide for specific Rains jacket sizing information. RAINS comes from the rainy nation of Denmark at the edge of the European continent, close to the ocean and with prevailing westerly winds; all factors that contribute to an average of 121 rain days each year. Arising from these rainy weather conditions comes the attitude that a quick rain shower may be beautiful, as well as moody- but first and foremost requires the right outfit. Rains focus on the whole experience of going outside on rainy days, issuing an invitation to explore even in the most mercurial weather.</p>','published','[\"products\\/product-85.jpg\",\"products\\/product-32.jpg\",\"products\\/product-65.jpg\",\"products\\/product-84.jpg\",\"products\\/product-17.jpg\",\"products\\/product-94.jpg\",\"products\\/product-55.jpg\",\"products\\/product-89.jpg\",\"products\\/product-28.jpg\",\"products\\/product-63.jpg\",\"products\\/product-78.jpg\"]',NULL,'NC-184-A0',0,19,0,1,'in_stock',1,5,0,0,310,NULL,NULL,NULL,12,11,10,706,NULL,62512,'2025-08-02 02:15:44','2025-08-02 02:15:47',0,'Botble\\ACL\\Models\\User',NULL,'physical',NULL,NULL,0,'auto_generate',0,0,0,1),(12,'Smart Watches','<p>Short Hooded Coat features a straight body, large pockets with button flaps, ventilation air holes, and a string detail along the hemline.</p>','<p>Short Hooded Coat features a straight body, large pockets with button flaps, ventilation air holes, and a string detail along the hemline. The style is completed with a drawstring hood, featuring Rains’ signature built-in cap. Made from waterproof, matte PU, this lightweight unisex rain jacket is an ode to nostalgia through its classic silhouette and utilitarian design details.</p>\n                                <p>- Casual unisex fit</p>\n\n                                <p>- 64% polyester, 36% polyurethane</p>\n\n                                <p>- Water column pressure: 4000 mm</p>\n\n                                <p>- Model is 187cm tall and wearing a size S / M</p>\n\n                                <p>- Unisex fit</p>\n\n                                <p>- Drawstring hood with built-in cap</p>\n\n                                <p>- Front placket with snap buttons</p>\n\n                                <p>- Ventilation under armpit</p>\n\n                                <p>- Adjustable cuffs</p>\n\n                                <p>- Double welted front pockets</p>\n\n                                <p>- Adjustable elastic string at hempen</p>\n\n                                <p>- Ultrasonically welded seams</p>\n\n                                <p>This is a unisex item, please check our clothing &amp; footwear sizing guide for specific Rains jacket sizing information. RAINS comes from the rainy nation of Denmark at the edge of the European continent, close to the ocean and with prevailing westerly winds; all factors that contribute to an average of 121 rain days each year. Arising from these rainy weather conditions comes the attitude that a quick rain shower may be beautiful, as well as moody- but first and foremost requires the right outfit. Rains focus on the whole experience of going outside on rainy days, issuing an invitation to explore even in the most mercurial weather.</p>','published','[\"products\\/product-1.jpg\",\"products\\/product-42.jpg\",\"products\\/product-77.jpg\",\"products\\/product-59.jpg\",\"products\\/product-64.jpg\",\"products\\/product-58.jpg\",\"products\\/product-13.jpg\",\"products\\/product-66.jpg\",\"products\\/product-75.jpg\",\"products\\/product-8.jpg\"]',NULL,'NC-132-A0',0,17,0,1,'in_stock',1,3,0,0,400,280,NULL,NULL,17,16,16,864,NULL,41134,'2025-08-02 02:15:44','2025-08-02 02:15:47',0,'Botble\\ACL\\Models\\User',NULL,'physical',NULL,NULL,0,'auto_generate',0,0,0,1),(13,'Beat Headphone','<p>Short Hooded Coat features a straight body, large pockets with button flaps, ventilation air holes, and a string detail along the hemline.</p>','<p>Short Hooded Coat features a straight body, large pockets with button flaps, ventilation air holes, and a string detail along the hemline. The style is completed with a drawstring hood, featuring Rains’ signature built-in cap. Made from waterproof, matte PU, this lightweight unisex rain jacket is an ode to nostalgia through its classic silhouette and utilitarian design details.</p>\n                                <p>- Casual unisex fit</p>\n\n                                <p>- 64% polyester, 36% polyurethane</p>\n\n                                <p>- Water column pressure: 4000 mm</p>\n\n                                <p>- Model is 187cm tall and wearing a size S / M</p>\n\n                                <p>- Unisex fit</p>\n\n                                <p>- Drawstring hood with built-in cap</p>\n\n                                <p>- Front placket with snap buttons</p>\n\n                                <p>- Ventilation under armpit</p>\n\n                                <p>- Adjustable cuffs</p>\n\n                                <p>- Double welted front pockets</p>\n\n                                <p>- Adjustable elastic string at hempen</p>\n\n                                <p>- Ultrasonically welded seams</p>\n\n                                <p>This is a unisex item, please check our clothing &amp; footwear sizing guide for specific Rains jacket sizing information. RAINS comes from the rainy nation of Denmark at the edge of the European continent, close to the ocean and with prevailing westerly winds; all factors that contribute to an average of 121 rain days each year. Arising from these rainy weather conditions comes the attitude that a quick rain shower may be beautiful, as well as moody- but first and foremost requires the right outfit. Rains focus on the whole experience of going outside on rainy days, issuing an invitation to explore even in the most mercurial weather.</p>','published','[\"products\\/product-71.jpg\",\"products\\/product-70.jpg\",\"products\\/product-88.jpg\",\"products\\/product-56.jpg\",\"products\\/product-83.jpg\"]',NULL,'NC-194-A0',0,20,0,1,'in_stock',0,3,0,0,292,NULL,NULL,NULL,20,17,10,503,NULL,100677,'2025-08-02 02:15:44','2025-08-02 02:15:47',0,'Botble\\ACL\\Models\\User',NULL,'digital',NULL,NULL,0,'auto_generate',0,0,0,1),(14,'Red &amp; Black Headphone','<p>Short Hooded Coat features a straight body, large pockets with button flaps, ventilation air holes, and a string detail along the hemline.</p>','<p>Short Hooded Coat features a straight body, large pockets with button flaps, ventilation air holes, and a string detail along the hemline. The style is completed with a drawstring hood, featuring Rains’ signature built-in cap. Made from waterproof, matte PU, this lightweight unisex rain jacket is an ode to nostalgia through its classic silhouette and utilitarian design details.</p>\n                                <p>- Casual unisex fit</p>\n\n                                <p>- 64% polyester, 36% polyurethane</p>\n\n                                <p>- Water column pressure: 4000 mm</p>\n\n                                <p>- Model is 187cm tall and wearing a size S / M</p>\n\n                                <p>- Unisex fit</p>\n\n                                <p>- Drawstring hood with built-in cap</p>\n\n                                <p>- Front placket with snap buttons</p>\n\n                                <p>- Ventilation under armpit</p>\n\n                                <p>- Adjustable cuffs</p>\n\n                                <p>- Double welted front pockets</p>\n\n                                <p>- Adjustable elastic string at hempen</p>\n\n                                <p>- Ultrasonically welded seams</p>\n\n                                <p>This is a unisex item, please check our clothing &amp; footwear sizing guide for specific Rains jacket sizing information. RAINS comes from the rainy nation of Denmark at the edge of the European continent, close to the ocean and with prevailing westerly winds; all factors that contribute to an average of 121 rain days each year. Arising from these rainy weather conditions comes the attitude that a quick rain shower may be beautiful, as well as moody- but first and foremost requires the right outfit. Rains focus on the whole experience of going outside on rainy days, issuing an invitation to explore even in the most mercurial weather.</p>','published','[\"products\\/product-88.jpg\",\"products\\/product-54.jpg\",\"products\\/product-39.jpg\",\"products\\/product-6.jpg\",\"products\\/product-82.jpg\",\"products\\/product-34.jpg\",\"products\\/product-66.jpg\",\"products\\/product-49.jpg\",\"products\\/product-42.jpg\",\"products\\/product-33.jpg\"]',NULL,'NC-192-A0',0,18,0,1,'in_stock',1,3,0,0,367,NULL,NULL,NULL,20,18,18,847,NULL,10315,'2025-08-02 02:15:44','2025-08-02 02:15:47',0,'Botble\\ACL\\Models\\User',NULL,'physical',NULL,NULL,0,'auto_generate',0,0,0,2),(15,'Smart Watch External','<p>Short Hooded Coat features a straight body, large pockets with button flaps, ventilation air holes, and a string detail along the hemline.</p>','<p>Short Hooded Coat features a straight body, large pockets with button flaps, ventilation air holes, and a string detail along the hemline. The style is completed with a drawstring hood, featuring Rains’ signature built-in cap. Made from waterproof, matte PU, this lightweight unisex rain jacket is an ode to nostalgia through its classic silhouette and utilitarian design details.</p>\n                                <p>- Casual unisex fit</p>\n\n                                <p>- 64% polyester, 36% polyurethane</p>\n\n                                <p>- Water column pressure: 4000 mm</p>\n\n                                <p>- Model is 187cm tall and wearing a size S / M</p>\n\n                                <p>- Unisex fit</p>\n\n                                <p>- Drawstring hood with built-in cap</p>\n\n                                <p>- Front placket with snap buttons</p>\n\n                                <p>- Ventilation under armpit</p>\n\n                                <p>- Adjustable cuffs</p>\n\n                                <p>- Double welted front pockets</p>\n\n                                <p>- Adjustable elastic string at hempen</p>\n\n                                <p>- Ultrasonically welded seams</p>\n\n                                <p>This is a unisex item, please check our clothing &amp; footwear sizing guide for specific Rains jacket sizing information. RAINS comes from the rainy nation of Denmark at the edge of the European continent, close to the ocean and with prevailing westerly winds; all factors that contribute to an average of 121 rain days each year. Arising from these rainy weather conditions comes the attitude that a quick rain shower may be beautiful, as well as moody- but first and foremost requires the right outfit. Rains focus on the whole experience of going outside on rainy days, issuing an invitation to explore even in the most mercurial weather.</p>','published','[\"products\\/product-68.jpg\",\"products\\/product-53.jpg\",\"products\\/product-87.jpg\",\"products\\/product-13.jpg\",\"products\\/product-93.jpg\",\"products\\/product-47.jpg\",\"products\\/product-89.jpg\",\"products\\/product-25.jpg\",\"products\\/product-12.jpg\"]',NULL,'NC-170-A0',0,11,0,1,'in_stock',0,7,0,0,389,NULL,NULL,NULL,18,15,17,512,NULL,109139,'2025-08-02 02:15:44','2025-08-02 02:15:47',0,'Botble\\ACL\\Models\\User',NULL,'physical',NULL,NULL,0,'auto_generate',0,0,0,1),(16,'Nikon HD camera','<p>Short Hooded Coat features a straight body, large pockets with button flaps, ventilation air holes, and a string detail along the hemline.</p>','<p>Short Hooded Coat features a straight body, large pockets with button flaps, ventilation air holes, and a string detail along the hemline. The style is completed with a drawstring hood, featuring Rains’ signature built-in cap. Made from waterproof, matte PU, this lightweight unisex rain jacket is an ode to nostalgia through its classic silhouette and utilitarian design details.</p>\n                                <p>- Casual unisex fit</p>\n\n                                <p>- 64% polyester, 36% polyurethane</p>\n\n                                <p>- Water column pressure: 4000 mm</p>\n\n                                <p>- Model is 187cm tall and wearing a size S / M</p>\n\n                                <p>- Unisex fit</p>\n\n                                <p>- Drawstring hood with built-in cap</p>\n\n                                <p>- Front placket with snap buttons</p>\n\n                                <p>- Ventilation under armpit</p>\n\n                                <p>- Adjustable cuffs</p>\n\n                                <p>- Double welted front pockets</p>\n\n                                <p>- Adjustable elastic string at hempen</p>\n\n                                <p>- Ultrasonically welded seams</p>\n\n                                <p>This is a unisex item, please check our clothing &amp; footwear sizing guide for specific Rains jacket sizing information. RAINS comes from the rainy nation of Denmark at the edge of the European continent, close to the ocean and with prevailing westerly winds; all factors that contribute to an average of 121 rain days each year. Arising from these rainy weather conditions comes the attitude that a quick rain shower may be beautiful, as well as moody- but first and foremost requires the right outfit. Rains focus on the whole experience of going outside on rainy days, issuing an invitation to explore even in the most mercurial weather.</p>','published','[\"products\\/product-25.jpg\",\"products\\/product-81.jpg\",\"products\\/product-45.jpg\",\"products\\/product-38.jpg\",\"products\\/product-84.jpg\"]',NULL,'NC-109-A0',0,12,0,1,'in_stock',0,1,0,0,400,352,NULL,NULL,20,16,12,528,NULL,75898,'2025-08-02 02:15:44','2025-08-02 02:15:47',0,'Botble\\ACL\\Models\\User',NULL,'physical',NULL,NULL,0,'auto_generate',0,0,0,1),(17,'Audio Equipment','<p>Short Hooded Coat features a straight body, large pockets with button flaps, ventilation air holes, and a string detail along the hemline.</p>','<p>Short Hooded Coat features a straight body, large pockets with button flaps, ventilation air holes, and a string detail along the hemline. The style is completed with a drawstring hood, featuring Rains’ signature built-in cap. Made from waterproof, matte PU, this lightweight unisex rain jacket is an ode to nostalgia through its classic silhouette and utilitarian design details.</p>\n                                <p>- Casual unisex fit</p>\n\n                                <p>- 64% polyester, 36% polyurethane</p>\n\n                                <p>- Water column pressure: 4000 mm</p>\n\n                                <p>- Model is 187cm tall and wearing a size S / M</p>\n\n                                <p>- Unisex fit</p>\n\n                                <p>- Drawstring hood with built-in cap</p>\n\n                                <p>- Front placket with snap buttons</p>\n\n                                <p>- Ventilation under armpit</p>\n\n                                <p>- Adjustable cuffs</p>\n\n                                <p>- Double welted front pockets</p>\n\n                                <p>- Adjustable elastic string at hempen</p>\n\n                                <p>- Ultrasonically welded seams</p>\n\n                                <p>This is a unisex item, please check our clothing &amp; footwear sizing guide for specific Rains jacket sizing information. RAINS comes from the rainy nation of Denmark at the edge of the European continent, close to the ocean and with prevailing westerly winds; all factors that contribute to an average of 121 rain days each year. Arising from these rainy weather conditions comes the attitude that a quick rain shower may be beautiful, as well as moody- but first and foremost requires the right outfit. Rains focus on the whole experience of going outside on rainy days, issuing an invitation to explore even in the most mercurial weather.</p>','published','[\"products\\/product-53.jpg\",\"products\\/product-54.jpg\",\"products\\/product-52.jpg\",\"products\\/product-17.jpg\",\"products\\/product-73.jpg\"]',NULL,'NC-176-A0',0,10,0,1,'in_stock',1,6,0,0,382,NULL,NULL,NULL,13,18,18,615,NULL,93731,'2025-08-02 02:15:44','2025-08-02 02:15:47',0,'Botble\\ACL\\Models\\User',NULL,'digital',NULL,NULL,0,'auto_generate',0,0,0,1),(18,'Smart Televisions','<p>Short Hooded Coat features a straight body, large pockets with button flaps, ventilation air holes, and a string detail along the hemline.</p>','<p>Short Hooded Coat features a straight body, large pockets with button flaps, ventilation air holes, and a string detail along the hemline. The style is completed with a drawstring hood, featuring Rains’ signature built-in cap. Made from waterproof, matte PU, this lightweight unisex rain jacket is an ode to nostalgia through its classic silhouette and utilitarian design details.</p>\n                                <p>- Casual unisex fit</p>\n\n                                <p>- 64% polyester, 36% polyurethane</p>\n\n                                <p>- Water column pressure: 4000 mm</p>\n\n                                <p>- Model is 187cm tall and wearing a size S / M</p>\n\n                                <p>- Unisex fit</p>\n\n                                <p>- Drawstring hood with built-in cap</p>\n\n                                <p>- Front placket with snap buttons</p>\n\n                                <p>- Ventilation under armpit</p>\n\n                                <p>- Adjustable cuffs</p>\n\n                                <p>- Double welted front pockets</p>\n\n                                <p>- Adjustable elastic string at hempen</p>\n\n                                <p>- Ultrasonically welded seams</p>\n\n                                <p>This is a unisex item, please check our clothing &amp; footwear sizing guide for specific Rains jacket sizing information. RAINS comes from the rainy nation of Denmark at the edge of the European continent, close to the ocean and with prevailing westerly winds; all factors that contribute to an average of 121 rain days each year. Arising from these rainy weather conditions comes the attitude that a quick rain shower may be beautiful, as well as moody- but first and foremost requires the right outfit. Rains focus on the whole experience of going outside on rainy days, issuing an invitation to explore even in the most mercurial weather.</p>','published','[\"products\\/product-43.jpg\",\"products\\/product-56.jpg\",\"products\\/product-66.jpg\",\"products\\/product-91.jpg\",\"products\\/product-14.jpg\",\"products\\/product-46.jpg\",\"products\\/product-80.jpg\"]',NULL,'NC-175-A0',0,15,0,1,'in_stock',1,3,0,0,475,NULL,NULL,NULL,20,12,19,864,NULL,168685,'2025-08-02 02:15:44','2025-08-02 02:15:47',0,'Botble\\ACL\\Models\\User',NULL,'physical',NULL,NULL,0,'auto_generate',0,0,0,1),(19,'Samsung Smart Phone','<p>Short Hooded Coat features a straight body, large pockets with button flaps, ventilation air holes, and a string detail along the hemline.</p>','<p>Short Hooded Coat features a straight body, large pockets with button flaps, ventilation air holes, and a string detail along the hemline. The style is completed with a drawstring hood, featuring Rains’ signature built-in cap. Made from waterproof, matte PU, this lightweight unisex rain jacket is an ode to nostalgia through its classic silhouette and utilitarian design details.</p>\n                                <p>- Casual unisex fit</p>\n\n                                <p>- 64% polyester, 36% polyurethane</p>\n\n                                <p>- Water column pressure: 4000 mm</p>\n\n                                <p>- Model is 187cm tall and wearing a size S / M</p>\n\n                                <p>- Unisex fit</p>\n\n                                <p>- Drawstring hood with built-in cap</p>\n\n                                <p>- Front placket with snap buttons</p>\n\n                                <p>- Ventilation under armpit</p>\n\n                                <p>- Adjustable cuffs</p>\n\n                                <p>- Double welted front pockets</p>\n\n                                <p>- Adjustable elastic string at hempen</p>\n\n                                <p>- Ultrasonically welded seams</p>\n\n                                <p>This is a unisex item, please check our clothing &amp; footwear sizing guide for specific Rains jacket sizing information. RAINS comes from the rainy nation of Denmark at the edge of the European continent, close to the ocean and with prevailing westerly winds; all factors that contribute to an average of 121 rain days each year. Arising from these rainy weather conditions comes the attitude that a quick rain shower may be beautiful, as well as moody- but first and foremost requires the right outfit. Rains focus on the whole experience of going outside on rainy days, issuing an invitation to explore even in the most mercurial weather.</p>','published','[\"products\\/product-66.jpg\",\"products\\/product-13.jpg\",\"products\\/product-20.jpg\",\"products\\/product-47.jpg\",\"products\\/product-84.jpg\",\"products\\/product-35.jpg\",\"products\\/product-26.jpg\",\"products\\/product-42.jpg\",\"products\\/product-83.jpg\",\"products\\/product-22.jpg\",\"products\\/product-60.jpg\"]',NULL,'NC-168-A0',0,16,0,1,'in_stock',0,7,0,0,319,NULL,NULL,NULL,18,20,19,532,NULL,23011,'2025-08-02 02:15:44','2025-08-02 02:15:47',0,'Botble\\ACL\\Models\\User',NULL,'physical',NULL,NULL,0,'auto_generate',0,0,0,1),(20,'Herschel Leather Duffle Bag In Brown Color','<p>Short Hooded Coat features a straight body, large pockets with button flaps, ventilation air holes, and a string detail along the hemline.</p>','<p>Short Hooded Coat features a straight body, large pockets with button flaps, ventilation air holes, and a string detail along the hemline. The style is completed with a drawstring hood, featuring Rains’ signature built-in cap. Made from waterproof, matte PU, this lightweight unisex rain jacket is an ode to nostalgia through its classic silhouette and utilitarian design details.</p>\n                                <p>- Casual unisex fit</p>\n\n                                <p>- 64% polyester, 36% polyurethane</p>\n\n                                <p>- Water column pressure: 4000 mm</p>\n\n                                <p>- Model is 187cm tall and wearing a size S / M</p>\n\n                                <p>- Unisex fit</p>\n\n                                <p>- Drawstring hood with built-in cap</p>\n\n                                <p>- Front placket with snap buttons</p>\n\n                                <p>- Ventilation under armpit</p>\n\n                                <p>- Adjustable cuffs</p>\n\n                                <p>- Double welted front pockets</p>\n\n                                <p>- Adjustable elastic string at hempen</p>\n\n                                <p>- Ultrasonically welded seams</p>\n\n                                <p>This is a unisex item, please check our clothing &amp; footwear sizing guide for specific Rains jacket sizing information. RAINS comes from the rainy nation of Denmark at the edge of the European continent, close to the ocean and with prevailing westerly winds; all factors that contribute to an average of 121 rain days each year. Arising from these rainy weather conditions comes the attitude that a quick rain shower may be beautiful, as well as moody- but first and foremost requires the right outfit. Rains focus on the whole experience of going outside on rainy days, issuing an invitation to explore even in the most mercurial weather.</p>','published','[\"products\\/product-27.jpg\",\"products\\/product-7.jpg\",\"products\\/product-15.jpg\",\"products\\/product-92.jpg\",\"products\\/product-18.jpg\",\"products\\/product-37.jpg\",\"products\\/product-65.jpg\"]',NULL,'NC-154-A0',0,15,0,1,'in_stock',1,7,0,0,499,409.18,NULL,NULL,10,11,20,877,NULL,11170,'2025-08-02 02:15:44','2025-08-02 02:15:47',0,'Botble\\ACL\\Models\\User',NULL,'physical',NULL,NULL,0,'auto_generate',0,0,0,1),(21,'Xbox One Wireless Controller Black Color','<p>Short Hooded Coat features a straight body, large pockets with button flaps, ventilation air holes, and a string detail along the hemline.</p>','<p>Short Hooded Coat features a straight body, large pockets with button flaps, ventilation air holes, and a string detail along the hemline. The style is completed with a drawstring hood, featuring Rains’ signature built-in cap. Made from waterproof, matte PU, this lightweight unisex rain jacket is an ode to nostalgia through its classic silhouette and utilitarian design details.</p>\n                                <p>- Casual unisex fit</p>\n\n                                <p>- 64% polyester, 36% polyurethane</p>\n\n                                <p>- Water column pressure: 4000 mm</p>\n\n                                <p>- Model is 187cm tall and wearing a size S / M</p>\n\n                                <p>- Unisex fit</p>\n\n                                <p>- Drawstring hood with built-in cap</p>\n\n                                <p>- Front placket with snap buttons</p>\n\n                                <p>- Ventilation under armpit</p>\n\n                                <p>- Adjustable cuffs</p>\n\n                                <p>- Double welted front pockets</p>\n\n                                <p>- Adjustable elastic string at hempen</p>\n\n                                <p>- Ultrasonically welded seams</p>\n\n                                <p>This is a unisex item, please check our clothing &amp; footwear sizing guide for specific Rains jacket sizing information. RAINS comes from the rainy nation of Denmark at the edge of the European continent, close to the ocean and with prevailing westerly winds; all factors that contribute to an average of 121 rain days each year. Arising from these rainy weather conditions comes the attitude that a quick rain shower may be beautiful, as well as moody- but first and foremost requires the right outfit. Rains focus on the whole experience of going outside on rainy days, issuing an invitation to explore even in the most mercurial weather.</p>','published','[\"products\\/product-56.jpg\",\"products\\/product-73.jpg\",\"products\\/product-88.jpg\",\"products\\/product-47.jpg\",\"products\\/product-22.jpg\",\"products\\/product-23.jpg\",\"products\\/product-31.jpg\",\"products\\/product-87.jpg\",\"products\\/product-27.jpg\"]',NULL,'NC-146-A0',0,20,0,1,'in_stock',1,3,0,0,448,NULL,NULL,NULL,19,12,19,854,NULL,142733,'2025-08-02 02:15:44','2025-08-02 02:15:47',0,'Botble\\ACL\\Models\\User',NULL,'digital',NULL,NULL,0,'auto_generate',0,0,0,2),(22,'EPSION Plaster Printer','<p>Short Hooded Coat features a straight body, large pockets with button flaps, ventilation air holes, and a string detail along the hemline.</p>','<p>Short Hooded Coat features a straight body, large pockets with button flaps, ventilation air holes, and a string detail along the hemline. The style is completed with a drawstring hood, featuring Rains’ signature built-in cap. Made from waterproof, matte PU, this lightweight unisex rain jacket is an ode to nostalgia through its classic silhouette and utilitarian design details.</p>\n                                <p>- Casual unisex fit</p>\n\n                                <p>- 64% polyester, 36% polyurethane</p>\n\n                                <p>- Water column pressure: 4000 mm</p>\n\n                                <p>- Model is 187cm tall and wearing a size S / M</p>\n\n                                <p>- Unisex fit</p>\n\n                                <p>- Drawstring hood with built-in cap</p>\n\n                                <p>- Front placket with snap buttons</p>\n\n                                <p>- Ventilation under armpit</p>\n\n                                <p>- Adjustable cuffs</p>\n\n                                <p>- Double welted front pockets</p>\n\n                                <p>- Adjustable elastic string at hempen</p>\n\n                                <p>- Ultrasonically welded seams</p>\n\n                                <p>This is a unisex item, please check our clothing &amp; footwear sizing guide for specific Rains jacket sizing information. RAINS comes from the rainy nation of Denmark at the edge of the European continent, close to the ocean and with prevailing westerly winds; all factors that contribute to an average of 121 rain days each year. Arising from these rainy weather conditions comes the attitude that a quick rain shower may be beautiful, as well as moody- but first and foremost requires the right outfit. Rains focus on the whole experience of going outside on rainy days, issuing an invitation to explore even in the most mercurial weather.</p>','published','[\"products\\/product-46.jpg\",\"products\\/product-1.jpg\",\"products\\/product-44.jpg\",\"products\\/product-28.jpg\",\"products\\/product-47.jpg\",\"products\\/product-40.jpg\",\"products\\/product-26.jpg\",\"products\\/product-66.jpg\",\"products\\/product-62.jpg\",\"products\\/product-67.jpg\",\"products\\/product-45.jpg\",\"products\\/product-43.jpg\"]',NULL,'NC-163-A0',0,12,0,1,'in_stock',0,5,0,0,386,NULL,NULL,NULL,20,17,16,810,NULL,84237,'2025-08-02 02:15:44','2025-08-02 02:15:47',0,'Botble\\ACL\\Models\\User',NULL,'physical',NULL,NULL,0,'auto_generate',0,0,0,2),(23,'Sound Intone I65 Earphone White Version','<p>Short Hooded Coat features a straight body, large pockets with button flaps, ventilation air holes, and a string detail along the hemline.</p>','<p>Short Hooded Coat features a straight body, large pockets with button flaps, ventilation air holes, and a string detail along the hemline. The style is completed with a drawstring hood, featuring Rains’ signature built-in cap. Made from waterproof, matte PU, this lightweight unisex rain jacket is an ode to nostalgia through its classic silhouette and utilitarian design details.</p>\n                                <p>- Casual unisex fit</p>\n\n                                <p>- 64% polyester, 36% polyurethane</p>\n\n                                <p>- Water column pressure: 4000 mm</p>\n\n                                <p>- Model is 187cm tall and wearing a size S / M</p>\n\n                                <p>- Unisex fit</p>\n\n                                <p>- Drawstring hood with built-in cap</p>\n\n                                <p>- Front placket with snap buttons</p>\n\n                                <p>- Ventilation under armpit</p>\n\n                                <p>- Adjustable cuffs</p>\n\n                                <p>- Double welted front pockets</p>\n\n                                <p>- Adjustable elastic string at hempen</p>\n\n                                <p>- Ultrasonically welded seams</p>\n\n                                <p>This is a unisex item, please check our clothing &amp; footwear sizing guide for specific Rains jacket sizing information. RAINS comes from the rainy nation of Denmark at the edge of the European continent, close to the ocean and with prevailing westerly winds; all factors that contribute to an average of 121 rain days each year. Arising from these rainy weather conditions comes the attitude that a quick rain shower may be beautiful, as well as moody- but first and foremost requires the right outfit. Rains focus on the whole experience of going outside on rainy days, issuing an invitation to explore even in the most mercurial weather.</p>','published','[\"products\\/product-54.jpg\",\"products\\/product-47.jpg\",\"products\\/product-87.jpg\",\"products\\/product-28.jpg\",\"products\\/product-63.jpg\",\"products\\/product-81.jpg\",\"products\\/product-74.jpg\",\"products\\/product-27.jpg\",\"products\\/product-1.jpg\",\"products\\/product-91.jpg\"]',NULL,'NC-157-A0',0,11,0,1,'in_stock',0,2,0,0,273,NULL,NULL,NULL,16,20,18,514,NULL,39054,'2025-08-02 02:15:44','2025-08-02 02:15:47',0,'Botble\\ACL\\Models\\User',NULL,'physical',NULL,NULL,0,'auto_generate',0,0,0,2),(24,'B&amp;O Play Mini Bluetooth Speaker','<p>Short Hooded Coat features a straight body, large pockets with button flaps, ventilation air holes, and a string detail along the hemline.</p>','<p>Short Hooded Coat features a straight body, large pockets with button flaps, ventilation air holes, and a string detail along the hemline. The style is completed with a drawstring hood, featuring Rains’ signature built-in cap. Made from waterproof, matte PU, this lightweight unisex rain jacket is an ode to nostalgia through its classic silhouette and utilitarian design details.</p>\n                                <p>- Casual unisex fit</p>\n\n                                <p>- 64% polyester, 36% polyurethane</p>\n\n                                <p>- Water column pressure: 4000 mm</p>\n\n                                <p>- Model is 187cm tall and wearing a size S / M</p>\n\n                                <p>- Unisex fit</p>\n\n                                <p>- Drawstring hood with built-in cap</p>\n\n                                <p>- Front placket with snap buttons</p>\n\n                                <p>- Ventilation under armpit</p>\n\n                                <p>- Adjustable cuffs</p>\n\n                                <p>- Double welted front pockets</p>\n\n                                <p>- Adjustable elastic string at hempen</p>\n\n                                <p>- Ultrasonically welded seams</p>\n\n                                <p>This is a unisex item, please check our clothing &amp; footwear sizing guide for specific Rains jacket sizing information. RAINS comes from the rainy nation of Denmark at the edge of the European continent, close to the ocean and with prevailing westerly winds; all factors that contribute to an average of 121 rain days each year. Arising from these rainy weather conditions comes the attitude that a quick rain shower may be beautiful, as well as moody- but first and foremost requires the right outfit. Rains focus on the whole experience of going outside on rainy days, issuing an invitation to explore even in the most mercurial weather.</p>','published','[\"products\\/product-95.jpg\",\"products\\/product-93.jpg\",\"products\\/product-80.jpg\",\"products\\/product-56.jpg\",\"products\\/product-43.jpg\",\"products\\/product-81.jpg\",\"products\\/product-79.jpg\"]',NULL,'NC-175-A0',0,10,0,1,'in_stock',1,4,0,0,300,225,NULL,NULL,16,11,10,660,NULL,186716,'2025-08-02 02:15:44','2025-08-02 02:15:47',0,'Botble\\ACL\\Models\\User',NULL,'physical',NULL,NULL,0,'auto_generate',0,0,0,1),(25,'Apple MacBook Air Retina 13.3-Inch Laptop','<p>Short Hooded Coat features a straight body, large pockets with button flaps, ventilation air holes, and a string detail along the hemline.</p>','<p>Short Hooded Coat features a straight body, large pockets with button flaps, ventilation air holes, and a string detail along the hemline. The style is completed with a drawstring hood, featuring Rains’ signature built-in cap. Made from waterproof, matte PU, this lightweight unisex rain jacket is an ode to nostalgia through its classic silhouette and utilitarian design details.</p>\n                                <p>- Casual unisex fit</p>\n\n                                <p>- 64% polyester, 36% polyurethane</p>\n\n                                <p>- Water column pressure: 4000 mm</p>\n\n                                <p>- Model is 187cm tall and wearing a size S / M</p>\n\n                                <p>- Unisex fit</p>\n\n                                <p>- Drawstring hood with built-in cap</p>\n\n                                <p>- Front placket with snap buttons</p>\n\n                                <p>- Ventilation under armpit</p>\n\n                                <p>- Adjustable cuffs</p>\n\n                                <p>- Double welted front pockets</p>\n\n                                <p>- Adjustable elastic string at hempen</p>\n\n                                <p>- Ultrasonically welded seams</p>\n\n                                <p>This is a unisex item, please check our clothing &amp; footwear sizing guide for specific Rains jacket sizing information. RAINS comes from the rainy nation of Denmark at the edge of the European continent, close to the ocean and with prevailing westerly winds; all factors that contribute to an average of 121 rain days each year. Arising from these rainy weather conditions comes the attitude that a quick rain shower may be beautiful, as well as moody- but first and foremost requires the right outfit. Rains focus on the whole experience of going outside on rainy days, issuing an invitation to explore even in the most mercurial weather.</p>','published','[\"products\\/product-83.jpg\",\"products\\/product-39.jpg\",\"products\\/product-74.jpg\",\"products\\/product-49.jpg\",\"products\\/product-92.jpg\",\"products\\/product-33.jpg\",\"products\\/product-86.jpg\",\"products\\/product-40.jpg\",\"products\\/product-2.jpg\"]',NULL,'NC-162-A0',0,10,0,1,'in_stock',1,5,0,0,421,NULL,NULL,NULL,12,16,10,549,NULL,170132,'2025-08-02 02:15:44','2025-08-02 02:15:47',0,'Botble\\ACL\\Models\\User',NULL,'digital',NULL,NULL,0,'auto_generate',0,0,0,1),(26,'Apple MacBook Air Retina 12-Inch Laptop','<p>Short Hooded Coat features a straight body, large pockets with button flaps, ventilation air holes, and a string detail along the hemline.</p>','<p>Short Hooded Coat features a straight body, large pockets with button flaps, ventilation air holes, and a string detail along the hemline. The style is completed with a drawstring hood, featuring Rains’ signature built-in cap. Made from waterproof, matte PU, this lightweight unisex rain jacket is an ode to nostalgia through its classic silhouette and utilitarian design details.</p>\n                                <p>- Casual unisex fit</p>\n\n                                <p>- 64% polyester, 36% polyurethane</p>\n\n                                <p>- Water column pressure: 4000 mm</p>\n\n                                <p>- Model is 187cm tall and wearing a size S / M</p>\n\n                                <p>- Unisex fit</p>\n\n                                <p>- Drawstring hood with built-in cap</p>\n\n                                <p>- Front placket with snap buttons</p>\n\n                                <p>- Ventilation under armpit</p>\n\n                                <p>- Adjustable cuffs</p>\n\n                                <p>- Double welted front pockets</p>\n\n                                <p>- Adjustable elastic string at hempen</p>\n\n                                <p>- Ultrasonically welded seams</p>\n\n                                <p>This is a unisex item, please check our clothing &amp; footwear sizing guide for specific Rains jacket sizing information. RAINS comes from the rainy nation of Denmark at the edge of the European continent, close to the ocean and with prevailing westerly winds; all factors that contribute to an average of 121 rain days each year. Arising from these rainy weather conditions comes the attitude that a quick rain shower may be beautiful, as well as moody- but first and foremost requires the right outfit. Rains focus on the whole experience of going outside on rainy days, issuing an invitation to explore even in the most mercurial weather.</p>','published','[\"products\\/product-86.jpg\",\"products\\/product-64.jpg\",\"products\\/product-76.jpg\",\"products\\/product-7.jpg\",\"products\\/product-69.jpg\",\"products\\/product-85.jpg\",\"products\\/product-40.jpg\"]',NULL,'NC-147-A0',0,19,0,1,'in_stock',0,2,0,0,244,NULL,NULL,NULL,15,10,16,773,NULL,62607,'2025-08-02 02:15:44','2025-08-02 02:15:47',0,'Botble\\ACL\\Models\\User',NULL,'physical',NULL,NULL,0,'auto_generate',0,0,0,1),(27,'Samsung Gear VR Virtual Reality Headset','<p>Short Hooded Coat features a straight body, large pockets with button flaps, ventilation air holes, and a string detail along the hemline.</p>','<p>Short Hooded Coat features a straight body, large pockets with button flaps, ventilation air holes, and a string detail along the hemline. The style is completed with a drawstring hood, featuring Rains’ signature built-in cap. Made from waterproof, matte PU, this lightweight unisex rain jacket is an ode to nostalgia through its classic silhouette and utilitarian design details.</p>\n                                <p>- Casual unisex fit</p>\n\n                                <p>- 64% polyester, 36% polyurethane</p>\n\n                                <p>- Water column pressure: 4000 mm</p>\n\n                                <p>- Model is 187cm tall and wearing a size S / M</p>\n\n                                <p>- Unisex fit</p>\n\n                                <p>- Drawstring hood with built-in cap</p>\n\n                                <p>- Front placket with snap buttons</p>\n\n                                <p>- Ventilation under armpit</p>\n\n                                <p>- Adjustable cuffs</p>\n\n                                <p>- Double welted front pockets</p>\n\n                                <p>- Adjustable elastic string at hempen</p>\n\n                                <p>- Ultrasonically welded seams</p>\n\n                                <p>This is a unisex item, please check our clothing &amp; footwear sizing guide for specific Rains jacket sizing information. RAINS comes from the rainy nation of Denmark at the edge of the European continent, close to the ocean and with prevailing westerly winds; all factors that contribute to an average of 121 rain days each year. Arising from these rainy weather conditions comes the attitude that a quick rain shower may be beautiful, as well as moody- but first and foremost requires the right outfit. Rains focus on the whole experience of going outside on rainy days, issuing an invitation to explore even in the most mercurial weather.</p>','published','[\"products\\/product-18.jpg\",\"products\\/product-89.jpg\",\"products\\/product-64.jpg\",\"products\\/product-65.jpg\",\"products\\/product-42.jpg\",\"products\\/product-20.jpg\",\"products\\/product-75.jpg\"]',NULL,'NC-187-A0',0,15,0,1,'in_stock',1,3,0,0,493,NULL,NULL,NULL,10,13,20,551,NULL,185856,'2025-08-02 02:15:44','2025-08-02 02:15:47',0,'Botble\\ACL\\Models\\User',NULL,'physical',NULL,NULL,0,'auto_generate',0,0,0,2),(28,'Aveeno Moisturizing Body Shower 450ml','<p>Short Hooded Coat features a straight body, large pockets with button flaps, ventilation air holes, and a string detail along the hemline.</p>','<p>Short Hooded Coat features a straight body, large pockets with button flaps, ventilation air holes, and a string detail along the hemline. The style is completed with a drawstring hood, featuring Rains’ signature built-in cap. Made from waterproof, matte PU, this lightweight unisex rain jacket is an ode to nostalgia through its classic silhouette and utilitarian design details.</p>\n                                <p>- Casual unisex fit</p>\n\n                                <p>- 64% polyester, 36% polyurethane</p>\n\n                                <p>- Water column pressure: 4000 mm</p>\n\n                                <p>- Model is 187cm tall and wearing a size S / M</p>\n\n                                <p>- Unisex fit</p>\n\n                                <p>- Drawstring hood with built-in cap</p>\n\n                                <p>- Front placket with snap buttons</p>\n\n                                <p>- Ventilation under armpit</p>\n\n                                <p>- Adjustable cuffs</p>\n\n                                <p>- Double welted front pockets</p>\n\n                                <p>- Adjustable elastic string at hempen</p>\n\n                                <p>- Ultrasonically welded seams</p>\n\n                                <p>This is a unisex item, please check our clothing &amp; footwear sizing guide for specific Rains jacket sizing information. RAINS comes from the rainy nation of Denmark at the edge of the European continent, close to the ocean and with prevailing westerly winds; all factors that contribute to an average of 121 rain days each year. Arising from these rainy weather conditions comes the attitude that a quick rain shower may be beautiful, as well as moody- but first and foremost requires the right outfit. Rains focus on the whole experience of going outside on rainy days, issuing an invitation to explore even in the most mercurial weather.</p>','published','[\"products\\/product-4.jpg\",\"products\\/product-6.jpg\",\"products\\/product-52.jpg\",\"products\\/product-5.jpg\",\"products\\/product-95.jpg\",\"products\\/product-86.jpg\",\"products\\/product-30.jpg\",\"products\\/product-87.jpg\",\"products\\/product-22.jpg\",\"products\\/product-61.jpg\",\"products\\/product-15.jpg\",\"products\\/product-72.jpg\"]',NULL,'NC-159-A0',0,20,0,1,'in_stock',1,7,0,0,245,183.75,NULL,NULL,19,13,19,787,NULL,199875,'2025-08-02 02:15:44','2025-08-02 02:15:47',0,'Botble\\ACL\\Models\\User',NULL,'physical',NULL,NULL,0,'auto_generate',0,0,0,2),(29,'NYX Beauty Couton Pallete Makeup 12','<p>Short Hooded Coat features a straight body, large pockets with button flaps, ventilation air holes, and a string detail along the hemline.</p>','<p>Short Hooded Coat features a straight body, large pockets with button flaps, ventilation air holes, and a string detail along the hemline. The style is completed with a drawstring hood, featuring Rains’ signature built-in cap. Made from waterproof, matte PU, this lightweight unisex rain jacket is an ode to nostalgia through its classic silhouette and utilitarian design details.</p>\n                                <p>- Casual unisex fit</p>\n\n                                <p>- 64% polyester, 36% polyurethane</p>\n\n                                <p>- Water column pressure: 4000 mm</p>\n\n                                <p>- Model is 187cm tall and wearing a size S / M</p>\n\n                                <p>- Unisex fit</p>\n\n                                <p>- Drawstring hood with built-in cap</p>\n\n                                <p>- Front placket with snap buttons</p>\n\n                                <p>- Ventilation under armpit</p>\n\n                                <p>- Adjustable cuffs</p>\n\n                                <p>- Double welted front pockets</p>\n\n                                <p>- Adjustable elastic string at hempen</p>\n\n                                <p>- Ultrasonically welded seams</p>\n\n                                <p>This is a unisex item, please check our clothing &amp; footwear sizing guide for specific Rains jacket sizing information. RAINS comes from the rainy nation of Denmark at the edge of the European continent, close to the ocean and with prevailing westerly winds; all factors that contribute to an average of 121 rain days each year. Arising from these rainy weather conditions comes the attitude that a quick rain shower may be beautiful, as well as moody- but first and foremost requires the right outfit. Rains focus on the whole experience of going outside on rainy days, issuing an invitation to explore even in the most mercurial weather.</p>','published','[\"products\\/product-59.jpg\",\"products\\/product-68.jpg\",\"products\\/product-90.jpg\",\"products\\/product-36.jpg\",\"products\\/product-64.jpg\",\"products\\/product-83.jpg\",\"products\\/product-52.jpg\",\"products\\/product-3.jpg\",\"products\\/product-70.jpg\"]',NULL,'NC-176-A0',0,15,0,1,'in_stock',0,4,0,0,368,NULL,NULL,NULL,20,14,19,852,NULL,130049,'2025-08-02 02:15:44','2025-08-02 02:15:47',0,'Botble\\ACL\\Models\\User',NULL,'digital',NULL,NULL,0,'auto_generate',0,0,0,1),(30,'NYX Beauty Couton Pallete Makeup 12','<p>Short Hooded Coat features a straight body, large pockets with button flaps, ventilation air holes, and a string detail along the hemline.</p>','<p>Short Hooded Coat features a straight body, large pockets with button flaps, ventilation air holes, and a string detail along the hemline. The style is completed with a drawstring hood, featuring Rains’ signature built-in cap. Made from waterproof, matte PU, this lightweight unisex rain jacket is an ode to nostalgia through its classic silhouette and utilitarian design details.</p>\n                                <p>- Casual unisex fit</p>\n\n                                <p>- 64% polyester, 36% polyurethane</p>\n\n                                <p>- Water column pressure: 4000 mm</p>\n\n                                <p>- Model is 187cm tall and wearing a size S / M</p>\n\n                                <p>- Unisex fit</p>\n\n                                <p>- Drawstring hood with built-in cap</p>\n\n                                <p>- Front placket with snap buttons</p>\n\n                                <p>- Ventilation under armpit</p>\n\n                                <p>- Adjustable cuffs</p>\n\n                                <p>- Double welted front pockets</p>\n\n                                <p>- Adjustable elastic string at hempen</p>\n\n                                <p>- Ultrasonically welded seams</p>\n\n                                <p>This is a unisex item, please check our clothing &amp; footwear sizing guide for specific Rains jacket sizing information. RAINS comes from the rainy nation of Denmark at the edge of the European continent, close to the ocean and with prevailing westerly winds; all factors that contribute to an average of 121 rain days each year. Arising from these rainy weather conditions comes the attitude that a quick rain shower may be beautiful, as well as moody- but first and foremost requires the right outfit. Rains focus on the whole experience of going outside on rainy days, issuing an invitation to explore even in the most mercurial weather.</p>','published','[\"products\\/product-50.jpg\",\"products\\/product-81.jpg\",\"products\\/product-73.jpg\",\"products\\/product-80.jpg\",\"products\\/product-6.jpg\",\"products\\/product-63.jpg\",\"products\\/product-93.jpg\",\"products\\/product-56.jpg\",\"products\\/product-77.jpg\"]',NULL,'NC-127-A0',0,10,0,1,'in_stock',1,6,0,0,345,NULL,NULL,NULL,14,10,14,835,NULL,160445,'2025-08-02 02:15:44','2025-08-02 02:15:47',0,'Botble\\ACL\\Models\\User',NULL,'physical',NULL,NULL,0,'auto_generate',0,0,0,2),(31,'MVMTH Classical Leather Watch In Black','<p>Short Hooded Coat features a straight body, large pockets with button flaps, ventilation air holes, and a string detail along the hemline.</p>','<p>Short Hooded Coat features a straight body, large pockets with button flaps, ventilation air holes, and a string detail along the hemline. The style is completed with a drawstring hood, featuring Rains’ signature built-in cap. Made from waterproof, matte PU, this lightweight unisex rain jacket is an ode to nostalgia through its classic silhouette and utilitarian design details.</p>\n                                <p>- Casual unisex fit</p>\n\n                                <p>- 64% polyester, 36% polyurethane</p>\n\n                                <p>- Water column pressure: 4000 mm</p>\n\n                                <p>- Model is 187cm tall and wearing a size S / M</p>\n\n                                <p>- Unisex fit</p>\n\n                                <p>- Drawstring hood with built-in cap</p>\n\n                                <p>- Front placket with snap buttons</p>\n\n                                <p>- Ventilation under armpit</p>\n\n                                <p>- Adjustable cuffs</p>\n\n                                <p>- Double welted front pockets</p>\n\n                                <p>- Adjustable elastic string at hempen</p>\n\n                                <p>- Ultrasonically welded seams</p>\n\n                                <p>This is a unisex item, please check our clothing &amp; footwear sizing guide for specific Rains jacket sizing information. RAINS comes from the rainy nation of Denmark at the edge of the European continent, close to the ocean and with prevailing westerly winds; all factors that contribute to an average of 121 rain days each year. Arising from these rainy weather conditions comes the attitude that a quick rain shower may be beautiful, as well as moody- but first and foremost requires the right outfit. Rains focus on the whole experience of going outside on rainy days, issuing an invitation to explore even in the most mercurial weather.</p>','published','[\"products\\/product-82.jpg\",\"products\\/product-7.jpg\",\"products\\/product-73.jpg\",\"products\\/product-48.jpg\",\"products\\/product-91.jpg\"]',NULL,'NC-159-A0',0,18,0,1,'in_stock',0,2,0,0,256,NULL,NULL,NULL,15,17,18,645,NULL,187781,'2025-08-02 02:15:44','2025-08-02 02:15:47',0,'Botble\\ACL\\Models\\User',NULL,'physical',NULL,NULL,0,'auto_generate',0,0,0,1),(32,'Baxter Care Hair Kit For Bearded Mens','<p>Short Hooded Coat features a straight body, large pockets with button flaps, ventilation air holes, and a string detail along the hemline.</p>','<p>Short Hooded Coat features a straight body, large pockets with button flaps, ventilation air holes, and a string detail along the hemline. The style is completed with a drawstring hood, featuring Rains’ signature built-in cap. Made from waterproof, matte PU, this lightweight unisex rain jacket is an ode to nostalgia through its classic silhouette and utilitarian design details.</p>\n                                <p>- Casual unisex fit</p>\n\n                                <p>- 64% polyester, 36% polyurethane</p>\n\n                                <p>- Water column pressure: 4000 mm</p>\n\n                                <p>- Model is 187cm tall and wearing a size S / M</p>\n\n                                <p>- Unisex fit</p>\n\n                                <p>- Drawstring hood with built-in cap</p>\n\n                                <p>- Front placket with snap buttons</p>\n\n                                <p>- Ventilation under armpit</p>\n\n                                <p>- Adjustable cuffs</p>\n\n                                <p>- Double welted front pockets</p>\n\n                                <p>- Adjustable elastic string at hempen</p>\n\n                                <p>- Ultrasonically welded seams</p>\n\n                                <p>This is a unisex item, please check our clothing &amp; footwear sizing guide for specific Rains jacket sizing information. RAINS comes from the rainy nation of Denmark at the edge of the European continent, close to the ocean and with prevailing westerly winds; all factors that contribute to an average of 121 rain days each year. Arising from these rainy weather conditions comes the attitude that a quick rain shower may be beautiful, as well as moody- but first and foremost requires the right outfit. Rains focus on the whole experience of going outside on rainy days, issuing an invitation to explore even in the most mercurial weather.</p>','published','[\"products\\/product-82.jpg\",\"products\\/product-23.jpg\",\"products\\/product-16.jpg\",\"products\\/product-22.jpg\",\"products\\/product-19.jpg\",\"products\\/product-56.jpg\"]',NULL,'NC-168-A0',0,15,0,1,'in_stock',1,6,0,0,422,337.6,NULL,NULL,10,13,20,759,NULL,45491,'2025-08-02 02:15:44','2025-08-02 02:15:47',0,'Botble\\ACL\\Models\\User',NULL,'physical',NULL,NULL,0,'auto_generate',0,0,0,2),(33,'Ciate Palemore Lipstick Bold Red Color','<p>Short Hooded Coat features a straight body, large pockets with button flaps, ventilation air holes, and a string detail along the hemline.</p>','<p>Short Hooded Coat features a straight body, large pockets with button flaps, ventilation air holes, and a string detail along the hemline. The style is completed with a drawstring hood, featuring Rains’ signature built-in cap. Made from waterproof, matte PU, this lightweight unisex rain jacket is an ode to nostalgia through its classic silhouette and utilitarian design details.</p>\n                                <p>- Casual unisex fit</p>\n\n                                <p>- 64% polyester, 36% polyurethane</p>\n\n                                <p>- Water column pressure: 4000 mm</p>\n\n                                <p>- Model is 187cm tall and wearing a size S / M</p>\n\n                                <p>- Unisex fit</p>\n\n                                <p>- Drawstring hood with built-in cap</p>\n\n                                <p>- Front placket with snap buttons</p>\n\n                                <p>- Ventilation under armpit</p>\n\n                                <p>- Adjustable cuffs</p>\n\n                                <p>- Double welted front pockets</p>\n\n                                <p>- Adjustable elastic string at hempen</p>\n\n                                <p>- Ultrasonically welded seams</p>\n\n                                <p>This is a unisex item, please check our clothing &amp; footwear sizing guide for specific Rains jacket sizing information. RAINS comes from the rainy nation of Denmark at the edge of the European continent, close to the ocean and with prevailing westerly winds; all factors that contribute to an average of 121 rain days each year. Arising from these rainy weather conditions comes the attitude that a quick rain shower may be beautiful, as well as moody- but first and foremost requires the right outfit. Rains focus on the whole experience of going outside on rainy days, issuing an invitation to explore even in the most mercurial weather.</p>','published','[\"products\\/product-83.jpg\",\"products\\/product-66.jpg\",\"products\\/product-85.jpg\",\"products\\/product-27.jpg\",\"products\\/product-52.jpg\",\"products\\/product-44.jpg\"]',NULL,'NC-172-A0',0,10,0,1,'in_stock',1,3,0,0,493,NULL,NULL,NULL,11,16,18,585,NULL,86195,'2025-08-02 02:15:44','2025-08-02 02:15:47',0,'Botble\\ACL\\Models\\User',NULL,'digital',NULL,NULL,0,'auto_generate',0,0,0,1),(34,'Vimto Squash Remix Apple 1.5 Litres','<p>Short Hooded Coat features a straight body, large pockets with button flaps, ventilation air holes, and a string detail along the hemline.</p>','<p>Short Hooded Coat features a straight body, large pockets with button flaps, ventilation air holes, and a string detail along the hemline. The style is completed with a drawstring hood, featuring Rains’ signature built-in cap. Made from waterproof, matte PU, this lightweight unisex rain jacket is an ode to nostalgia through its classic silhouette and utilitarian design details.</p>\n                                <p>- Casual unisex fit</p>\n\n                                <p>- 64% polyester, 36% polyurethane</p>\n\n                                <p>- Water column pressure: 4000 mm</p>\n\n                                <p>- Model is 187cm tall and wearing a size S / M</p>\n\n                                <p>- Unisex fit</p>\n\n                                <p>- Drawstring hood with built-in cap</p>\n\n                                <p>- Front placket with snap buttons</p>\n\n                                <p>- Ventilation under armpit</p>\n\n                                <p>- Adjustable cuffs</p>\n\n                                <p>- Double welted front pockets</p>\n\n                                <p>- Adjustable elastic string at hempen</p>\n\n                                <p>- Ultrasonically welded seams</p>\n\n                                <p>This is a unisex item, please check our clothing &amp; footwear sizing guide for specific Rains jacket sizing information. RAINS comes from the rainy nation of Denmark at the edge of the European continent, close to the ocean and with prevailing westerly winds; all factors that contribute to an average of 121 rain days each year. Arising from these rainy weather conditions comes the attitude that a quick rain shower may be beautiful, as well as moody- but first and foremost requires the right outfit. Rains focus on the whole experience of going outside on rainy days, issuing an invitation to explore even in the most mercurial weather.</p>','published','[\"products\\/product-41.jpg\",\"products\\/product-93.jpg\",\"products\\/product-44.jpg\",\"products\\/product-25.jpg\",\"products\\/product-20.jpg\",\"products\\/product-54.jpg\"]',NULL,'NC-196-A0',0,20,0,1,'in_stock',0,2,0,0,270,NULL,NULL,NULL,16,13,16,554,NULL,118555,'2025-08-02 02:15:44','2025-08-02 02:15:47',0,'Botble\\ACL\\Models\\User',NULL,'physical',NULL,NULL,0,'auto_generate',0,0,0,1),(35,'Crock Pot Slow Cooker','<p>Short Hooded Coat features a straight body, large pockets with button flaps, ventilation air holes, and a string detail along the hemline.</p>','<p>Short Hooded Coat features a straight body, large pockets with button flaps, ventilation air holes, and a string detail along the hemline. The style is completed with a drawstring hood, featuring Rains’ signature built-in cap. Made from waterproof, matte PU, this lightweight unisex rain jacket is an ode to nostalgia through its classic silhouette and utilitarian design details.</p>\n                                <p>- Casual unisex fit</p>\n\n                                <p>- 64% polyester, 36% polyurethane</p>\n\n                                <p>- Water column pressure: 4000 mm</p>\n\n                                <p>- Model is 187cm tall and wearing a size S / M</p>\n\n                                <p>- Unisex fit</p>\n\n                                <p>- Drawstring hood with built-in cap</p>\n\n                                <p>- Front placket with snap buttons</p>\n\n                                <p>- Ventilation under armpit</p>\n\n                                <p>- Adjustable cuffs</p>\n\n                                <p>- Double welted front pockets</p>\n\n                                <p>- Adjustable elastic string at hempen</p>\n\n                                <p>- Ultrasonically welded seams</p>\n\n                                <p>This is a unisex item, please check our clothing &amp; footwear sizing guide for specific Rains jacket sizing information. RAINS comes from the rainy nation of Denmark at the edge of the European continent, close to the ocean and with prevailing westerly winds; all factors that contribute to an average of 121 rain days each year. Arising from these rainy weather conditions comes the attitude that a quick rain shower may be beautiful, as well as moody- but first and foremost requires the right outfit. Rains focus on the whole experience of going outside on rainy days, issuing an invitation to explore even in the most mercurial weather.</p>','published','[\"products\\/product-41.jpg\",\"products\\/product-80.jpg\",\"products\\/product-12.jpg\",\"products\\/product-25.jpg\",\"products\\/product-28.jpg\"]',NULL,'NC-138-A0',0,16,0,1,'in_stock',1,4,0,0,379,NULL,NULL,NULL,18,16,12,764,NULL,74738,'2025-08-02 02:15:44','2025-08-02 02:15:47',0,'Botble\\ACL\\Models\\User',NULL,'physical',NULL,NULL,0,'auto_generate',0,0,0,1),(36,'Taylors of Harrogate Yorkshire Coffee','<p>Short Hooded Coat features a straight body, large pockets with button flaps, ventilation air holes, and a string detail along the hemline.</p>','<p>Short Hooded Coat features a straight body, large pockets with button flaps, ventilation air holes, and a string detail along the hemline. The style is completed with a drawstring hood, featuring Rains’ signature built-in cap. Made from waterproof, matte PU, this lightweight unisex rain jacket is an ode to nostalgia through its classic silhouette and utilitarian design details.</p>\n                                <p>- Casual unisex fit</p>\n\n                                <p>- 64% polyester, 36% polyurethane</p>\n\n                                <p>- Water column pressure: 4000 mm</p>\n\n                                <p>- Model is 187cm tall and wearing a size S / M</p>\n\n                                <p>- Unisex fit</p>\n\n                                <p>- Drawstring hood with built-in cap</p>\n\n                                <p>- Front placket with snap buttons</p>\n\n                                <p>- Ventilation under armpit</p>\n\n                                <p>- Adjustable cuffs</p>\n\n                                <p>- Double welted front pockets</p>\n\n                                <p>- Adjustable elastic string at hempen</p>\n\n                                <p>- Ultrasonically welded seams</p>\n\n                                <p>This is a unisex item, please check our clothing &amp; footwear sizing guide for specific Rains jacket sizing information. RAINS comes from the rainy nation of Denmark at the edge of the European continent, close to the ocean and with prevailing westerly winds; all factors that contribute to an average of 121 rain days each year. Arising from these rainy weather conditions comes the attitude that a quick rain shower may be beautiful, as well as moody- but first and foremost requires the right outfit. Rains focus on the whole experience of going outside on rainy days, issuing an invitation to explore even in the most mercurial weather.</p>','published','[\"products\\/product-50.jpg\",\"products\\/product-41.jpg\",\"products\\/product-30.jpg\",\"products\\/product-67.jpg\",\"products\\/product-49.jpg\",\"products\\/product-70.jpg\",\"products\\/product-85.jpg\",\"products\\/product-7.jpg\"]',NULL,'NC-185-A0',0,18,0,1,'in_stock',1,4,0,0,421,370.48,NULL,NULL,14,17,13,639,NULL,35766,'2025-08-02 02:15:44','2025-08-02 02:15:47',0,'Botble\\ACL\\Models\\User',NULL,'physical',NULL,NULL,0,'auto_generate',0,0,0,2),(37,'Soft Mochi &amp; Galeto Ice Cream','<p>Short Hooded Coat features a straight body, large pockets with button flaps, ventilation air holes, and a string detail along the hemline.</p>','<p>Short Hooded Coat features a straight body, large pockets with button flaps, ventilation air holes, and a string detail along the hemline. The style is completed with a drawstring hood, featuring Rains’ signature built-in cap. Made from waterproof, matte PU, this lightweight unisex rain jacket is an ode to nostalgia through its classic silhouette and utilitarian design details.</p>\n                                <p>- Casual unisex fit</p>\n\n                                <p>- 64% polyester, 36% polyurethane</p>\n\n                                <p>- Water column pressure: 4000 mm</p>\n\n                                <p>- Model is 187cm tall and wearing a size S / M</p>\n\n                                <p>- Unisex fit</p>\n\n                                <p>- Drawstring hood with built-in cap</p>\n\n                                <p>- Front placket with snap buttons</p>\n\n                                <p>- Ventilation under armpit</p>\n\n                                <p>- Adjustable cuffs</p>\n\n                                <p>- Double welted front pockets</p>\n\n                                <p>- Adjustable elastic string at hempen</p>\n\n                                <p>- Ultrasonically welded seams</p>\n\n                                <p>This is a unisex item, please check our clothing &amp; footwear sizing guide for specific Rains jacket sizing information. RAINS comes from the rainy nation of Denmark at the edge of the European continent, close to the ocean and with prevailing westerly winds; all factors that contribute to an average of 121 rain days each year. Arising from these rainy weather conditions comes the attitude that a quick rain shower may be beautiful, as well as moody- but first and foremost requires the right outfit. Rains focus on the whole experience of going outside on rainy days, issuing an invitation to explore even in the most mercurial weather.</p>','published','[\"products\\/product-5.jpg\",\"products\\/product-92.jpg\",\"products\\/product-44.jpg\",\"products\\/product-63.jpg\",\"products\\/product-78.jpg\"]',NULL,'NC-156-A0',0,20,0,1,'in_stock',1,1,0,0,378,NULL,NULL,NULL,19,10,11,635,NULL,70279,'2025-08-02 02:15:44','2025-08-02 02:15:47',0,'Botble\\ACL\\Models\\User',NULL,'digital',NULL,NULL,0,'auto_generate',0,0,0,2),(38,'Naked Noodle Egg Noodles Singapore','<p>Short Hooded Coat features a straight body, large pockets with button flaps, ventilation air holes, and a string detail along the hemline.</p>','<p>Short Hooded Coat features a straight body, large pockets with button flaps, ventilation air holes, and a string detail along the hemline. The style is completed with a drawstring hood, featuring Rains’ signature built-in cap. Made from waterproof, matte PU, this lightweight unisex rain jacket is an ode to nostalgia through its classic silhouette and utilitarian design details.</p>\n                                <p>- Casual unisex fit</p>\n\n                                <p>- 64% polyester, 36% polyurethane</p>\n\n                                <p>- Water column pressure: 4000 mm</p>\n\n                                <p>- Model is 187cm tall and wearing a size S / M</p>\n\n                                <p>- Unisex fit</p>\n\n                                <p>- Drawstring hood with built-in cap</p>\n\n                                <p>- Front placket with snap buttons</p>\n\n                                <p>- Ventilation under armpit</p>\n\n                                <p>- Adjustable cuffs</p>\n\n                                <p>- Double welted front pockets</p>\n\n                                <p>- Adjustable elastic string at hempen</p>\n\n                                <p>- Ultrasonically welded seams</p>\n\n                                <p>This is a unisex item, please check our clothing &amp; footwear sizing guide for specific Rains jacket sizing information. RAINS comes from the rainy nation of Denmark at the edge of the European continent, close to the ocean and with prevailing westerly winds; all factors that contribute to an average of 121 rain days each year. Arising from these rainy weather conditions comes the attitude that a quick rain shower may be beautiful, as well as moody- but first and foremost requires the right outfit. Rains focus on the whole experience of going outside on rainy days, issuing an invitation to explore even in the most mercurial weather.</p>','published','[\"products\\/product-6.jpg\",\"products\\/product-69.jpg\",\"products\\/product-55.jpg\",\"products\\/product-18.jpg\",\"products\\/product-76.jpg\",\"products\\/product-38.jpg\",\"products\\/product-34.jpg\",\"products\\/product-86.jpg\",\"products\\/product-56.jpg\"]',NULL,'NC-111-A0',0,10,0,1,'in_stock',1,7,0,0,302,NULL,NULL,NULL,15,13,11,769,NULL,100370,'2025-08-02 02:15:44','2025-08-02 02:15:47',0,'Botble\\ACL\\Models\\User',NULL,'physical',NULL,NULL,0,'auto_generate',0,0,0,1),(39,'Saute Pan Silver','<p>Short Hooded Coat features a straight body, large pockets with button flaps, ventilation air holes, and a string detail along the hemline.</p>','<p>Short Hooded Coat features a straight body, large pockets with button flaps, ventilation air holes, and a string detail along the hemline. The style is completed with a drawstring hood, featuring Rains’ signature built-in cap. Made from waterproof, matte PU, this lightweight unisex rain jacket is an ode to nostalgia through its classic silhouette and utilitarian design details.</p>\n                                <p>- Casual unisex fit</p>\n\n                                <p>- 64% polyester, 36% polyurethane</p>\n\n                                <p>- Water column pressure: 4000 mm</p>\n\n                                <p>- Model is 187cm tall and wearing a size S / M</p>\n\n                                <p>- Unisex fit</p>\n\n                                <p>- Drawstring hood with built-in cap</p>\n\n                                <p>- Front placket with snap buttons</p>\n\n                                <p>- Ventilation under armpit</p>\n\n                                <p>- Adjustable cuffs</p>\n\n                                <p>- Double welted front pockets</p>\n\n                                <p>- Adjustable elastic string at hempen</p>\n\n                                <p>- Ultrasonically welded seams</p>\n\n                                <p>This is a unisex item, please check our clothing &amp; footwear sizing guide for specific Rains jacket sizing information. RAINS comes from the rainy nation of Denmark at the edge of the European continent, close to the ocean and with prevailing westerly winds; all factors that contribute to an average of 121 rain days each year. Arising from these rainy weather conditions comes the attitude that a quick rain shower may be beautiful, as well as moody- but first and foremost requires the right outfit. Rains focus on the whole experience of going outside on rainy days, issuing an invitation to explore even in the most mercurial weather.</p>','published','[\"products\\/product-69.jpg\",\"products\\/product-71.jpg\",\"products\\/product-70.jpg\",\"products\\/product-41.jpg\",\"products\\/product-59.jpg\",\"products\\/product-38.jpg\",\"products\\/product-20.jpg\",\"products\\/product-22.jpg\"]',NULL,'NC-140-A0',0,11,0,1,'in_stock',1,5,0,0,279,NULL,NULL,NULL,19,18,11,557,NULL,29726,'2025-08-02 02:15:44','2025-08-02 02:15:47',0,'Botble\\ACL\\Models\\User',NULL,'physical',NULL,NULL,0,'auto_generate',0,0,0,2),(40,'Bar S – Classic Bun Length Franks','<p>Short Hooded Coat features a straight body, large pockets with button flaps, ventilation air holes, and a string detail along the hemline.</p>','<p>Short Hooded Coat features a straight body, large pockets with button flaps, ventilation air holes, and a string detail along the hemline. The style is completed with a drawstring hood, featuring Rains’ signature built-in cap. Made from waterproof, matte PU, this lightweight unisex rain jacket is an ode to nostalgia through its classic silhouette and utilitarian design details.</p>\n                                <p>- Casual unisex fit</p>\n\n                                <p>- 64% polyester, 36% polyurethane</p>\n\n                                <p>- Water column pressure: 4000 mm</p>\n\n                                <p>- Model is 187cm tall and wearing a size S / M</p>\n\n                                <p>- Unisex fit</p>\n\n                                <p>- Drawstring hood with built-in cap</p>\n\n                                <p>- Front placket with snap buttons</p>\n\n                                <p>- Ventilation under armpit</p>\n\n                                <p>- Adjustable cuffs</p>\n\n                                <p>- Double welted front pockets</p>\n\n                                <p>- Adjustable elastic string at hempen</p>\n\n                                <p>- Ultrasonically welded seams</p>\n\n                                <p>This is a unisex item, please check our clothing &amp; footwear sizing guide for specific Rains jacket sizing information. RAINS comes from the rainy nation of Denmark at the edge of the European continent, close to the ocean and with prevailing westerly winds; all factors that contribute to an average of 121 rain days each year. Arising from these rainy weather conditions comes the attitude that a quick rain shower may be beautiful, as well as moody- but first and foremost requires the right outfit. Rains focus on the whole experience of going outside on rainy days, issuing an invitation to explore even in the most mercurial weather.</p>','published','[\"products\\/product-69.jpg\",\"products\\/product-86.jpg\",\"products\\/product-28.jpg\",\"products\\/product-31.jpg\",\"products\\/product-53.jpg\",\"products\\/product-92.jpg\",\"products\\/product-82.jpg\"]',NULL,'NC-130-A0',0,13,0,1,'in_stock',1,5,0,0,427,324.52,NULL,NULL,14,18,12,658,NULL,87820,'2025-08-02 02:15:44','2025-08-02 02:15:47',0,'Botble\\ACL\\Models\\User',NULL,'physical',NULL,NULL,0,'auto_generate',0,0,0,2),(41,'Broccoli Crowns','<p>Short Hooded Coat features a straight body, large pockets with button flaps, ventilation air holes, and a string detail along the hemline.</p>','<p>Short Hooded Coat features a straight body, large pockets with button flaps, ventilation air holes, and a string detail along the hemline. The style is completed with a drawstring hood, featuring Rains’ signature built-in cap. Made from waterproof, matte PU, this lightweight unisex rain jacket is an ode to nostalgia through its classic silhouette and utilitarian design details.</p>\n                                <p>- Casual unisex fit</p>\n\n                                <p>- 64% polyester, 36% polyurethane</p>\n\n                                <p>- Water column pressure: 4000 mm</p>\n\n                                <p>- Model is 187cm tall and wearing a size S / M</p>\n\n                                <p>- Unisex fit</p>\n\n                                <p>- Drawstring hood with built-in cap</p>\n\n                                <p>- Front placket with snap buttons</p>\n\n                                <p>- Ventilation under armpit</p>\n\n                                <p>- Adjustable cuffs</p>\n\n                                <p>- Double welted front pockets</p>\n\n                                <p>- Adjustable elastic string at hempen</p>\n\n                                <p>- Ultrasonically welded seams</p>\n\n                                <p>This is a unisex item, please check our clothing &amp; footwear sizing guide for specific Rains jacket sizing information. RAINS comes from the rainy nation of Denmark at the edge of the European continent, close to the ocean and with prevailing westerly winds; all factors that contribute to an average of 121 rain days each year. Arising from these rainy weather conditions comes the attitude that a quick rain shower may be beautiful, as well as moody- but first and foremost requires the right outfit. Rains focus on the whole experience of going outside on rainy days, issuing an invitation to explore even in the most mercurial weather.</p>','published','[\"products\\/product-58.jpg\",\"products\\/product-73.jpg\",\"products\\/product-53.jpg\",\"products\\/product-91.jpg\",\"products\\/product-89.jpg\",\"products\\/product-77.jpg\",\"products\\/product-8.jpg\",\"products\\/product-94.jpg\"]',NULL,'NC-109-A0',0,15,0,1,'in_stock',0,4,0,0,483,NULL,NULL,NULL,15,16,19,647,NULL,36044,'2025-08-02 02:15:44','2025-08-02 02:15:47',0,'Botble\\ACL\\Models\\User',NULL,'digital',NULL,NULL,0,'auto_generate',0,0,0,2),(42,'Slimming World Vegan Mac Greens','<p>Short Hooded Coat features a straight body, large pockets with button flaps, ventilation air holes, and a string detail along the hemline.</p>','<p>Short Hooded Coat features a straight body, large pockets with button flaps, ventilation air holes, and a string detail along the hemline. The style is completed with a drawstring hood, featuring Rains’ signature built-in cap. Made from waterproof, matte PU, this lightweight unisex rain jacket is an ode to nostalgia through its classic silhouette and utilitarian design details.</p>\n                                <p>- Casual unisex fit</p>\n\n                                <p>- 64% polyester, 36% polyurethane</p>\n\n                                <p>- Water column pressure: 4000 mm</p>\n\n                                <p>- Model is 187cm tall and wearing a size S / M</p>\n\n                                <p>- Unisex fit</p>\n\n                                <p>- Drawstring hood with built-in cap</p>\n\n                                <p>- Front placket with snap buttons</p>\n\n                                <p>- Ventilation under armpit</p>\n\n                                <p>- Adjustable cuffs</p>\n\n                                <p>- Double welted front pockets</p>\n\n                                <p>- Adjustable elastic string at hempen</p>\n\n                                <p>- Ultrasonically welded seams</p>\n\n                                <p>This is a unisex item, please check our clothing &amp; footwear sizing guide for specific Rains jacket sizing information. RAINS comes from the rainy nation of Denmark at the edge of the European continent, close to the ocean and with prevailing westerly winds; all factors that contribute to an average of 121 rain days each year. Arising from these rainy weather conditions comes the attitude that a quick rain shower may be beautiful, as well as moody- but first and foremost requires the right outfit. Rains focus on the whole experience of going outside on rainy days, issuing an invitation to explore even in the most mercurial weather.</p>','published','[\"products\\/product-13.jpg\",\"products\\/product-46.jpg\",\"products\\/product-68.jpg\",\"products\\/product-79.jpg\",\"products\\/product-32.jpg\",\"products\\/product-62.jpg\",\"products\\/product-70.jpg\",\"products\\/product-71.jpg\",\"products\\/product-33.jpg\",\"products\\/product-5.jpg\",\"products\\/product-91.jpg\"]',NULL,'NC-127-A0',0,18,0,1,'in_stock',1,6,0,0,312,NULL,NULL,NULL,16,17,12,783,NULL,47754,'2025-08-02 02:15:44','2025-08-02 02:15:47',0,'Botble\\ACL\\Models\\User',NULL,'physical',NULL,NULL,0,'auto_generate',0,0,0,1),(43,'Häagen-Dazs Salted Caramel','<p>Short Hooded Coat features a straight body, large pockets with button flaps, ventilation air holes, and a string detail along the hemline.</p>','<p>Short Hooded Coat features a straight body, large pockets with button flaps, ventilation air holes, and a string detail along the hemline. The style is completed with a drawstring hood, featuring Rains’ signature built-in cap. Made from waterproof, matte PU, this lightweight unisex rain jacket is an ode to nostalgia through its classic silhouette and utilitarian design details.</p>\n                                <p>- Casual unisex fit</p>\n\n                                <p>- 64% polyester, 36% polyurethane</p>\n\n                                <p>- Water column pressure: 4000 mm</p>\n\n                                <p>- Model is 187cm tall and wearing a size S / M</p>\n\n                                <p>- Unisex fit</p>\n\n                                <p>- Drawstring hood with built-in cap</p>\n\n                                <p>- Front placket with snap buttons</p>\n\n                                <p>- Ventilation under armpit</p>\n\n                                <p>- Adjustable cuffs</p>\n\n                                <p>- Double welted front pockets</p>\n\n                                <p>- Adjustable elastic string at hempen</p>\n\n                                <p>- Ultrasonically welded seams</p>\n\n                                <p>This is a unisex item, please check our clothing &amp; footwear sizing guide for specific Rains jacket sizing information. RAINS comes from the rainy nation of Denmark at the edge of the European continent, close to the ocean and with prevailing westerly winds; all factors that contribute to an average of 121 rain days each year. Arising from these rainy weather conditions comes the attitude that a quick rain shower may be beautiful, as well as moody- but first and foremost requires the right outfit. Rains focus on the whole experience of going outside on rainy days, issuing an invitation to explore even in the most mercurial weather.</p>','published','[\"products\\/product-2.jpg\",\"products\\/product-29.jpg\",\"products\\/product-59.jpg\",\"products\\/product-17.jpg\",\"products\\/product-53.jpg\",\"products\\/product-20.jpg\",\"products\\/product-7.jpg\"]',NULL,'NC-137-A0',0,15,0,1,'in_stock',0,2,0,0,491,NULL,NULL,NULL,19,17,13,816,NULL,196222,'2025-08-02 02:15:44','2025-08-02 02:15:47',0,'Botble\\ACL\\Models\\User',NULL,'physical',NULL,NULL,0,'auto_generate',0,0,0,2),(44,'Iceland 3 Solo Exotic Burst','<p>Short Hooded Coat features a straight body, large pockets with button flaps, ventilation air holes, and a string detail along the hemline.</p>','<p>Short Hooded Coat features a straight body, large pockets with button flaps, ventilation air holes, and a string detail along the hemline. The style is completed with a drawstring hood, featuring Rains’ signature built-in cap. Made from waterproof, matte PU, this lightweight unisex rain jacket is an ode to nostalgia through its classic silhouette and utilitarian design details.</p>\n                                <p>- Casual unisex fit</p>\n\n                                <p>- 64% polyester, 36% polyurethane</p>\n\n                                <p>- Water column pressure: 4000 mm</p>\n\n                                <p>- Model is 187cm tall and wearing a size S / M</p>\n\n                                <p>- Unisex fit</p>\n\n                                <p>- Drawstring hood with built-in cap</p>\n\n                                <p>- Front placket with snap buttons</p>\n\n                                <p>- Ventilation under armpit</p>\n\n                                <p>- Adjustable cuffs</p>\n\n                                <p>- Double welted front pockets</p>\n\n                                <p>- Adjustable elastic string at hempen</p>\n\n                                <p>- Ultrasonically welded seams</p>\n\n                                <p>This is a unisex item, please check our clothing &amp; footwear sizing guide for specific Rains jacket sizing information. RAINS comes from the rainy nation of Denmark at the edge of the European continent, close to the ocean and with prevailing westerly winds; all factors that contribute to an average of 121 rain days each year. Arising from these rainy weather conditions comes the attitude that a quick rain shower may be beautiful, as well as moody- but first and foremost requires the right outfit. Rains focus on the whole experience of going outside on rainy days, issuing an invitation to explore even in the most mercurial weather.</p>','published','[\"products\\/product-31.jpg\",\"products\\/product-35.jpg\",\"products\\/product-84.jpg\",\"products\\/product-28.jpg\",\"products\\/product-65.jpg\",\"products\\/product-69.jpg\",\"products\\/product-7.jpg\",\"products\\/product-50.jpg\",\"products\\/product-47.jpg\",\"products\\/product-57.jpg\",\"products\\/product-58.jpg\"]',NULL,'NC-186-A0',0,20,0,1,'in_stock',1,1,0,0,458,380.14,NULL,NULL,17,11,18,702,NULL,12036,'2025-08-02 02:15:44','2025-08-02 02:15:47',0,'Botble\\ACL\\Models\\User',NULL,'physical',NULL,NULL,0,'auto_generate',0,0,0,1),(45,'Extreme Budweiser Light Can','<p>Short Hooded Coat features a straight body, large pockets with button flaps, ventilation air holes, and a string detail along the hemline.</p>','<p>Short Hooded Coat features a straight body, large pockets with button flaps, ventilation air holes, and a string detail along the hemline. The style is completed with a drawstring hood, featuring Rains’ signature built-in cap. Made from waterproof, matte PU, this lightweight unisex rain jacket is an ode to nostalgia through its classic silhouette and utilitarian design details.</p>\n                                <p>- Casual unisex fit</p>\n\n                                <p>- 64% polyester, 36% polyurethane</p>\n\n                                <p>- Water column pressure: 4000 mm</p>\n\n                                <p>- Model is 187cm tall and wearing a size S / M</p>\n\n                                <p>- Unisex fit</p>\n\n                                <p>- Drawstring hood with built-in cap</p>\n\n                                <p>- Front placket with snap buttons</p>\n\n                                <p>- Ventilation under armpit</p>\n\n                                <p>- Adjustable cuffs</p>\n\n                                <p>- Double welted front pockets</p>\n\n                                <p>- Adjustable elastic string at hempen</p>\n\n                                <p>- Ultrasonically welded seams</p>\n\n                                <p>This is a unisex item, please check our clothing &amp; footwear sizing guide for specific Rains jacket sizing information. RAINS comes from the rainy nation of Denmark at the edge of the European continent, close to the ocean and with prevailing westerly winds; all factors that contribute to an average of 121 rain days each year. Arising from these rainy weather conditions comes the attitude that a quick rain shower may be beautiful, as well as moody- but first and foremost requires the right outfit. Rains focus on the whole experience of going outside on rainy days, issuing an invitation to explore even in the most mercurial weather.</p>','published','[\"products\\/product-17.jpg\",\"products\\/product-28.jpg\",\"products\\/product-19.jpg\",\"products\\/product-23.jpg\",\"products\\/product-48.jpg\",\"products\\/product-82.jpg\",\"products\\/product-44.jpg\",\"products\\/product-1.jpg\",\"products\\/product-6.jpg\",\"products\\/product-2.jpg\",\"products\\/product-77.jpg\",\"products\\/product-49.jpg\"]',NULL,'NC-106-A0',0,13,0,1,'in_stock',1,2,0,0,297,NULL,NULL,NULL,18,17,15,762,NULL,138286,'2025-08-02 02:15:44','2025-08-02 02:15:47',0,'Botble\\ACL\\Models\\User',NULL,'digital',NULL,NULL,0,'auto_generate',0,0,0,2),(46,'Iceland Macaroni Cheese Traybake','<p>Short Hooded Coat features a straight body, large pockets with button flaps, ventilation air holes, and a string detail along the hemline.</p>','<p>Short Hooded Coat features a straight body, large pockets with button flaps, ventilation air holes, and a string detail along the hemline. The style is completed with a drawstring hood, featuring Rains’ signature built-in cap. Made from waterproof, matte PU, this lightweight unisex rain jacket is an ode to nostalgia through its classic silhouette and utilitarian design details.</p>\n                                <p>- Casual unisex fit</p>\n\n                                <p>- 64% polyester, 36% polyurethane</p>\n\n                                <p>- Water column pressure: 4000 mm</p>\n\n                                <p>- Model is 187cm tall and wearing a size S / M</p>\n\n                                <p>- Unisex fit</p>\n\n                                <p>- Drawstring hood with built-in cap</p>\n\n                                <p>- Front placket with snap buttons</p>\n\n                                <p>- Ventilation under armpit</p>\n\n                                <p>- Adjustable cuffs</p>\n\n                                <p>- Double welted front pockets</p>\n\n                                <p>- Adjustable elastic string at hempen</p>\n\n                                <p>- Ultrasonically welded seams</p>\n\n                                <p>This is a unisex item, please check our clothing &amp; footwear sizing guide for specific Rains jacket sizing information. RAINS comes from the rainy nation of Denmark at the edge of the European continent, close to the ocean and with prevailing westerly winds; all factors that contribute to an average of 121 rain days each year. Arising from these rainy weather conditions comes the attitude that a quick rain shower may be beautiful, as well as moody- but first and foremost requires the right outfit. Rains focus on the whole experience of going outside on rainy days, issuing an invitation to explore even in the most mercurial weather.</p>','published','[\"products\\/product-25.jpg\",\"products\\/product-24.jpg\",\"products\\/product-42.jpg\",\"products\\/product-82.jpg\",\"products\\/product-34.jpg\",\"products\\/product-58.jpg\",\"products\\/product-49.jpg\",\"products\\/product-64.jpg\"]',NULL,'NC-105-A0',0,18,0,1,'in_stock',1,5,0,0,346,NULL,NULL,NULL,14,20,13,682,NULL,80239,'2025-08-02 02:15:44','2025-08-02 02:15:47',0,'Botble\\ACL\\Models\\User',NULL,'physical',NULL,NULL,0,'auto_generate',0,0,0,1),(47,'Dolmio Bolognese Pasta Sauce','<p>Short Hooded Coat features a straight body, large pockets with button flaps, ventilation air holes, and a string detail along the hemline.</p>','<p>Short Hooded Coat features a straight body, large pockets with button flaps, ventilation air holes, and a string detail along the hemline. The style is completed with a drawstring hood, featuring Rains’ signature built-in cap. Made from waterproof, matte PU, this lightweight unisex rain jacket is an ode to nostalgia through its classic silhouette and utilitarian design details.</p>\n                                <p>- Casual unisex fit</p>\n\n                                <p>- 64% polyester, 36% polyurethane</p>\n\n                                <p>- Water column pressure: 4000 mm</p>\n\n                                <p>- Model is 187cm tall and wearing a size S / M</p>\n\n                                <p>- Unisex fit</p>\n\n                                <p>- Drawstring hood with built-in cap</p>\n\n                                <p>- Front placket with snap buttons</p>\n\n                                <p>- Ventilation under armpit</p>\n\n                                <p>- Adjustable cuffs</p>\n\n                                <p>- Double welted front pockets</p>\n\n                                <p>- Adjustable elastic string at hempen</p>\n\n                                <p>- Ultrasonically welded seams</p>\n\n                                <p>This is a unisex item, please check our clothing &amp; footwear sizing guide for specific Rains jacket sizing information. RAINS comes from the rainy nation of Denmark at the edge of the European continent, close to the ocean and with prevailing westerly winds; all factors that contribute to an average of 121 rain days each year. Arising from these rainy weather conditions comes the attitude that a quick rain shower may be beautiful, as well as moody- but first and foremost requires the right outfit. Rains focus on the whole experience of going outside on rainy days, issuing an invitation to explore even in the most mercurial weather.</p>','published','[\"products\\/product-67.jpg\",\"products\\/product-22.jpg\",\"products\\/product-47.jpg\",\"products\\/product-8.jpg\",\"products\\/product-57.jpg\",\"products\\/product-4.jpg\",\"products\\/product-18.jpg\",\"products\\/product-2.jpg\",\"products\\/product-49.jpg\",\"products\\/product-11.jpg\",\"products\\/product-95.jpg\",\"products\\/product-36.jpg\"]',NULL,'NC-156-A0',0,14,0,1,'in_stock',1,3,0,0,319,NULL,NULL,NULL,10,15,13,539,NULL,111337,'2025-08-02 02:15:44','2025-08-02 02:15:47',0,'Botble\\ACL\\Models\\User',NULL,'physical',NULL,NULL,0,'auto_generate',0,0,0,2),(48,'Sitema BakeIT Plastic Box','<p>Short Hooded Coat features a straight body, large pockets with button flaps, ventilation air holes, and a string detail along the hemline.</p>','<p>Short Hooded Coat features a straight body, large pockets with button flaps, ventilation air holes, and a string detail along the hemline. The style is completed with a drawstring hood, featuring Rains’ signature built-in cap. Made from waterproof, matte PU, this lightweight unisex rain jacket is an ode to nostalgia through its classic silhouette and utilitarian design details.</p>\n                                <p>- Casual unisex fit</p>\n\n                                <p>- 64% polyester, 36% polyurethane</p>\n\n                                <p>- Water column pressure: 4000 mm</p>\n\n                                <p>- Model is 187cm tall and wearing a size S / M</p>\n\n                                <p>- Unisex fit</p>\n\n                                <p>- Drawstring hood with built-in cap</p>\n\n                                <p>- Front placket with snap buttons</p>\n\n                                <p>- Ventilation under armpit</p>\n\n                                <p>- Adjustable cuffs</p>\n\n                                <p>- Double welted front pockets</p>\n\n                                <p>- Adjustable elastic string at hempen</p>\n\n                                <p>- Ultrasonically welded seams</p>\n\n                                <p>This is a unisex item, please check our clothing &amp; footwear sizing guide for specific Rains jacket sizing information. RAINS comes from the rainy nation of Denmark at the edge of the European continent, close to the ocean and with prevailing westerly winds; all factors that contribute to an average of 121 rain days each year. Arising from these rainy weather conditions comes the attitude that a quick rain shower may be beautiful, as well as moody- but first and foremost requires the right outfit. Rains focus on the whole experience of going outside on rainy days, issuing an invitation to explore even in the most mercurial weather.</p>','published','[\"products\\/product-91.jpg\",\"products\\/product-84.jpg\",\"products\\/product-23.jpg\",\"products\\/product-90.jpg\",\"products\\/product-50.jpg\",\"products\\/product-82.jpg\",\"products\\/product-60.jpg\",\"products\\/product-41.jpg\",\"products\\/product-10.jpg\",\"products\\/product-14.jpg\"]',NULL,'NC-139-A0',0,10,0,1,'in_stock',1,2,0,0,266,196.84,NULL,NULL,18,14,11,884,NULL,125985,'2025-08-02 02:15:44','2025-08-02 02:15:47',0,'Botble\\ACL\\Models\\User',NULL,'physical',NULL,NULL,0,'auto_generate',0,0,0,2),(49,'Wayfair Basics Dinner Plate Storage','<p>Short Hooded Coat features a straight body, large pockets with button flaps, ventilation air holes, and a string detail along the hemline.</p>','<p>Short Hooded Coat features a straight body, large pockets with button flaps, ventilation air holes, and a string detail along the hemline. The style is completed with a drawstring hood, featuring Rains’ signature built-in cap. Made from waterproof, matte PU, this lightweight unisex rain jacket is an ode to nostalgia through its classic silhouette and utilitarian design details.</p>\n                                <p>- Casual unisex fit</p>\n\n                                <p>- 64% polyester, 36% polyurethane</p>\n\n                                <p>- Water column pressure: 4000 mm</p>\n\n                                <p>- Model is 187cm tall and wearing a size S / M</p>\n\n                                <p>- Unisex fit</p>\n\n                                <p>- Drawstring hood with built-in cap</p>\n\n                                <p>- Front placket with snap buttons</p>\n\n                                <p>- Ventilation under armpit</p>\n\n                                <p>- Adjustable cuffs</p>\n\n                                <p>- Double welted front pockets</p>\n\n                                <p>- Adjustable elastic string at hempen</p>\n\n                                <p>- Ultrasonically welded seams</p>\n\n                                <p>This is a unisex item, please check our clothing &amp; footwear sizing guide for specific Rains jacket sizing information. RAINS comes from the rainy nation of Denmark at the edge of the European continent, close to the ocean and with prevailing westerly winds; all factors that contribute to an average of 121 rain days each year. Arising from these rainy weather conditions comes the attitude that a quick rain shower may be beautiful, as well as moody- but first and foremost requires the right outfit. Rains focus on the whole experience of going outside on rainy days, issuing an invitation to explore even in the most mercurial weather.</p>','published','[\"products\\/product-27.jpg\",\"products\\/product-83.jpg\",\"products\\/product-52.jpg\",\"products\\/product-14.jpg\",\"products\\/product-78.jpg\",\"products\\/product-23.jpg\",\"products\\/product-34.jpg\",\"products\\/product-29.jpg\"]',NULL,'NC-137-A0',0,11,0,1,'in_stock',1,2,0,0,435,NULL,NULL,NULL,11,15,17,753,NULL,150066,'2025-08-02 02:15:44','2025-08-02 02:15:47',0,'Botble\\ACL\\Models\\User',NULL,'digital',NULL,NULL,0,'auto_generate',0,0,0,1),(50,'Miko The Panda Water Bottle','<p>Short Hooded Coat features a straight body, large pockets with button flaps, ventilation air holes, and a string detail along the hemline.</p>','<p>Short Hooded Coat features a straight body, large pockets with button flaps, ventilation air holes, and a string detail along the hemline. The style is completed with a drawstring hood, featuring Rains’ signature built-in cap. Made from waterproof, matte PU, this lightweight unisex rain jacket is an ode to nostalgia through its classic silhouette and utilitarian design details.</p>\n                                <p>- Casual unisex fit</p>\n\n                                <p>- 64% polyester, 36% polyurethane</p>\n\n                                <p>- Water column pressure: 4000 mm</p>\n\n                                <p>- Model is 187cm tall and wearing a size S / M</p>\n\n                                <p>- Unisex fit</p>\n\n                                <p>- Drawstring hood with built-in cap</p>\n\n                                <p>- Front placket with snap buttons</p>\n\n                                <p>- Ventilation under armpit</p>\n\n                                <p>- Adjustable cuffs</p>\n\n                                <p>- Double welted front pockets</p>\n\n                                <p>- Adjustable elastic string at hempen</p>\n\n                                <p>- Ultrasonically welded seams</p>\n\n                                <p>This is a unisex item, please check our clothing &amp; footwear sizing guide for specific Rains jacket sizing information. RAINS comes from the rainy nation of Denmark at the edge of the European continent, close to the ocean and with prevailing westerly winds; all factors that contribute to an average of 121 rain days each year. Arising from these rainy weather conditions comes the attitude that a quick rain shower may be beautiful, as well as moody- but first and foremost requires the right outfit. Rains focus on the whole experience of going outside on rainy days, issuing an invitation to explore even in the most mercurial weather.</p>','published','[\"products\\/product-18.jpg\",\"products\\/product-24.jpg\",\"products\\/product-56.jpg\",\"products\\/product-95.jpg\",\"products\\/product-68.jpg\",\"products\\/product-17.jpg\",\"products\\/product-7.jpg\",\"products\\/product-77.jpg\"]',NULL,'NC-173-A0',0,12,0,1,'in_stock',0,7,0,0,263,NULL,NULL,NULL,17,16,11,800,NULL,31967,'2025-08-02 02:15:44','2025-08-02 02:15:47',0,'Botble\\ACL\\Models\\User',NULL,'physical',NULL,NULL,0,'auto_generate',0,0,0,2),(51,'Sesame Seed Bread','<p>Short Hooded Coat features a straight body, large pockets with button flaps, ventilation air holes, and a string detail along the hemline.</p>','<p>Short Hooded Coat features a straight body, large pockets with button flaps, ventilation air holes, and a string detail along the hemline. The style is completed with a drawstring hood, featuring Rains’ signature built-in cap. Made from waterproof, matte PU, this lightweight unisex rain jacket is an ode to nostalgia through its classic silhouette and utilitarian design details.</p>\n                                <p>- Casual unisex fit</p>\n\n                                <p>- 64% polyester, 36% polyurethane</p>\n\n                                <p>- Water column pressure: 4000 mm</p>\n\n                                <p>- Model is 187cm tall and wearing a size S / M</p>\n\n                                <p>- Unisex fit</p>\n\n                                <p>- Drawstring hood with built-in cap</p>\n\n                                <p>- Front placket with snap buttons</p>\n\n                                <p>- Ventilation under armpit</p>\n\n                                <p>- Adjustable cuffs</p>\n\n                                <p>- Double welted front pockets</p>\n\n                                <p>- Adjustable elastic string at hempen</p>\n\n                                <p>- Ultrasonically welded seams</p>\n\n                                <p>This is a unisex item, please check our clothing &amp; footwear sizing guide for specific Rains jacket sizing information. RAINS comes from the rainy nation of Denmark at the edge of the European continent, close to the ocean and with prevailing westerly winds; all factors that contribute to an average of 121 rain days each year. Arising from these rainy weather conditions comes the attitude that a quick rain shower may be beautiful, as well as moody- but first and foremost requires the right outfit. Rains focus on the whole experience of going outside on rainy days, issuing an invitation to explore even in the most mercurial weather.</p>','published','[\"products\\/product-11.jpg\",\"products\\/product-21.jpg\",\"products\\/product-53.jpg\",\"products\\/product-81.jpg\",\"products\\/product-74.jpg\",\"products\\/product-10.jpg\",\"products\\/product-90.jpg\",\"products\\/product-36.jpg\",\"products\\/product-83.jpg\",\"products\\/product-87.jpg\",\"products\\/product-34.jpg\"]',NULL,'NC-122-A0',0,10,0,1,'in_stock',1,3,0,0,325,NULL,NULL,NULL,10,12,20,754,NULL,197409,'2025-08-02 02:15:44','2025-08-02 02:15:47',0,'Botble\\ACL\\Models\\User',NULL,'physical',NULL,NULL,0,'auto_generate',0,0,0,1),(52,'Morrisons The Best Beef','<p>Short Hooded Coat features a straight body, large pockets with button flaps, ventilation air holes, and a string detail along the hemline.</p>','<p>Short Hooded Coat features a straight body, large pockets with button flaps, ventilation air holes, and a string detail along the hemline. The style is completed with a drawstring hood, featuring Rains’ signature built-in cap. Made from waterproof, matte PU, this lightweight unisex rain jacket is an ode to nostalgia through its classic silhouette and utilitarian design details.</p>\n                                <p>- Casual unisex fit</p>\n\n                                <p>- 64% polyester, 36% polyurethane</p>\n\n                                <p>- Water column pressure: 4000 mm</p>\n\n                                <p>- Model is 187cm tall and wearing a size S / M</p>\n\n                                <p>- Unisex fit</p>\n\n                                <p>- Drawstring hood with built-in cap</p>\n\n                                <p>- Front placket with snap buttons</p>\n\n                                <p>- Ventilation under armpit</p>\n\n                                <p>- Adjustable cuffs</p>\n\n                                <p>- Double welted front pockets</p>\n\n                                <p>- Adjustable elastic string at hempen</p>\n\n                                <p>- Ultrasonically welded seams</p>\n\n                                <p>This is a unisex item, please check our clothing &amp; footwear sizing guide for specific Rains jacket sizing information. RAINS comes from the rainy nation of Denmark at the edge of the European continent, close to the ocean and with prevailing westerly winds; all factors that contribute to an average of 121 rain days each year. Arising from these rainy weather conditions comes the attitude that a quick rain shower may be beautiful, as well as moody- but first and foremost requires the right outfit. Rains focus on the whole experience of going outside on rainy days, issuing an invitation to explore even in the most mercurial weather.</p>','published','[\"products\\/product-17.jpg\",\"products\\/product-1.jpg\",\"products\\/product-74.jpg\",\"products\\/product-46.jpg\",\"products\\/product-41.jpg\",\"products\\/product-5.jpg\",\"products\\/product-33.jpg\",\"products\\/product-94.jpg\",\"products\\/product-70.jpg\",\"products\\/product-19.jpg\"]',NULL,'NC-127-A0',0,16,0,1,'in_stock',1,5,0,0,356,320.4,NULL,NULL,16,17,20,606,NULL,44834,'2025-08-02 02:15:44','2025-08-02 02:15:47',0,'Botble\\ACL\\Models\\User',NULL,'physical',NULL,NULL,0,'auto_generate',0,0,0,1),(53,'Avocado, Hass Large','<p>Short Hooded Coat features a straight body, large pockets with button flaps, ventilation air holes, and a string detail along the hemline.</p>','<p>Short Hooded Coat features a straight body, large pockets with button flaps, ventilation air holes, and a string detail along the hemline. The style is completed with a drawstring hood, featuring Rains’ signature built-in cap. Made from waterproof, matte PU, this lightweight unisex rain jacket is an ode to nostalgia through its classic silhouette and utilitarian design details.</p>\n                                <p>- Casual unisex fit</p>\n\n                                <p>- 64% polyester, 36% polyurethane</p>\n\n                                <p>- Water column pressure: 4000 mm</p>\n\n                                <p>- Model is 187cm tall and wearing a size S / M</p>\n\n                                <p>- Unisex fit</p>\n\n                                <p>- Drawstring hood with built-in cap</p>\n\n                                <p>- Front placket with snap buttons</p>\n\n                                <p>- Ventilation under armpit</p>\n\n                                <p>- Adjustable cuffs</p>\n\n                                <p>- Double welted front pockets</p>\n\n                                <p>- Adjustable elastic string at hempen</p>\n\n                                <p>- Ultrasonically welded seams</p>\n\n                                <p>This is a unisex item, please check our clothing &amp; footwear sizing guide for specific Rains jacket sizing information. RAINS comes from the rainy nation of Denmark at the edge of the European continent, close to the ocean and with prevailing westerly winds; all factors that contribute to an average of 121 rain days each year. Arising from these rainy weather conditions comes the attitude that a quick rain shower may be beautiful, as well as moody- but first and foremost requires the right outfit. Rains focus on the whole experience of going outside on rainy days, issuing an invitation to explore even in the most mercurial weather.</p>','published','[\"products\\/product-24.jpg\",\"products\\/product-81.jpg\",\"products\\/product-77.jpg\",\"products\\/product-92.jpg\",\"products\\/product-68.jpg\",\"products\\/product-80.jpg\",\"products\\/product-3.jpg\",\"products\\/product-55.jpg\",\"products\\/product-27.jpg\",\"products\\/product-36.jpg\",\"products\\/product-70.jpg\",\"products\\/product-75.jpg\"]',NULL,'NC-195-A0',0,19,0,1,'in_stock',1,4,0,0,239,NULL,NULL,NULL,14,16,18,631,NULL,99844,'2025-08-02 02:15:44','2025-08-02 02:15:47',0,'Botble\\ACL\\Models\\User',NULL,'digital',NULL,NULL,0,'auto_generate',0,0,0,1),(54,'Italia Beef Lasagne','<p>Short Hooded Coat features a straight body, large pockets with button flaps, ventilation air holes, and a string detail along the hemline.</p>','<p>Short Hooded Coat features a straight body, large pockets with button flaps, ventilation air holes, and a string detail along the hemline. The style is completed with a drawstring hood, featuring Rains’ signature built-in cap. Made from waterproof, matte PU, this lightweight unisex rain jacket is an ode to nostalgia through its classic silhouette and utilitarian design details.</p>\n                                <p>- Casual unisex fit</p>\n\n                                <p>- 64% polyester, 36% polyurethane</p>\n\n                                <p>- Water column pressure: 4000 mm</p>\n\n                                <p>- Model is 187cm tall and wearing a size S / M</p>\n\n                                <p>- Unisex fit</p>\n\n                                <p>- Drawstring hood with built-in cap</p>\n\n                                <p>- Front placket with snap buttons</p>\n\n                                <p>- Ventilation under armpit</p>\n\n                                <p>- Adjustable cuffs</p>\n\n                                <p>- Double welted front pockets</p>\n\n                                <p>- Adjustable elastic string at hempen</p>\n\n                                <p>- Ultrasonically welded seams</p>\n\n                                <p>This is a unisex item, please check our clothing &amp; footwear sizing guide for specific Rains jacket sizing information. RAINS comes from the rainy nation of Denmark at the edge of the European continent, close to the ocean and with prevailing westerly winds; all factors that contribute to an average of 121 rain days each year. Arising from these rainy weather conditions comes the attitude that a quick rain shower may be beautiful, as well as moody- but first and foremost requires the right outfit. Rains focus on the whole experience of going outside on rainy days, issuing an invitation to explore even in the most mercurial weather.</p>','published','[\"products\\/product-49.jpg\",\"products\\/product-27.jpg\",\"products\\/product-53.jpg\",\"products\\/product-38.jpg\",\"products\\/product-2.jpg\",\"products\\/product-64.jpg\",\"products\\/product-20.jpg\",\"products\\/product-56.jpg\",\"products\\/product-12.jpg\",\"products\\/product-59.jpg\",\"products\\/product-93.jpg\"]',NULL,'NC-178-A0',0,11,0,1,'in_stock',0,2,0,0,405,NULL,NULL,NULL,10,18,20,827,NULL,1605,'2025-08-02 02:15:44','2025-08-02 02:15:47',0,'Botble\\ACL\\Models\\User',NULL,'physical',NULL,NULL,0,'auto_generate',0,0,0,2),(55,'Maxwell House Classic Roast Mocha','<p>Short Hooded Coat features a straight body, large pockets with button flaps, ventilation air holes, and a string detail along the hemline.</p>','<p>Short Hooded Coat features a straight body, large pockets with button flaps, ventilation air holes, and a string detail along the hemline. The style is completed with a drawstring hood, featuring Rains’ signature built-in cap. Made from waterproof, matte PU, this lightweight unisex rain jacket is an ode to nostalgia through its classic silhouette and utilitarian design details.</p>\n                                <p>- Casual unisex fit</p>\n\n                                <p>- 64% polyester, 36% polyurethane</p>\n\n                                <p>- Water column pressure: 4000 mm</p>\n\n                                <p>- Model is 187cm tall and wearing a size S / M</p>\n\n                                <p>- Unisex fit</p>\n\n                                <p>- Drawstring hood with built-in cap</p>\n\n                                <p>- Front placket with snap buttons</p>\n\n                                <p>- Ventilation under armpit</p>\n\n                                <p>- Adjustable cuffs</p>\n\n                                <p>- Double welted front pockets</p>\n\n                                <p>- Adjustable elastic string at hempen</p>\n\n                                <p>- Ultrasonically welded seams</p>\n\n                                <p>This is a unisex item, please check our clothing &amp; footwear sizing guide for specific Rains jacket sizing information. RAINS comes from the rainy nation of Denmark at the edge of the European continent, close to the ocean and with prevailing westerly winds; all factors that contribute to an average of 121 rain days each year. Arising from these rainy weather conditions comes the attitude that a quick rain shower may be beautiful, as well as moody- but first and foremost requires the right outfit. Rains focus on the whole experience of going outside on rainy days, issuing an invitation to explore even in the most mercurial weather.</p>','published','[\"products\\/product-28.jpg\",\"products\\/product-70.jpg\",\"products\\/product-83.jpg\",\"products\\/product-2.jpg\",\"products\\/product-44.jpg\"]',NULL,'NC-113-A0',0,19,0,1,'in_stock',0,7,0,0,319,NULL,NULL,NULL,14,18,17,795,NULL,146037,'2025-08-02 02:15:44','2025-08-02 02:15:47',0,'Botble\\ACL\\Models\\User',NULL,'physical',NULL,NULL,0,'auto_generate',0,0,0,1),(56,'Bottled Pure Water 500ml','<p>Short Hooded Coat features a straight body, large pockets with button flaps, ventilation air holes, and a string detail along the hemline.</p>','<p>Short Hooded Coat features a straight body, large pockets with button flaps, ventilation air holes, and a string detail along the hemline. The style is completed with a drawstring hood, featuring Rains’ signature built-in cap. Made from waterproof, matte PU, this lightweight unisex rain jacket is an ode to nostalgia through its classic silhouette and utilitarian design details.</p>\n                                <p>- Casual unisex fit</p>\n\n                                <p>- 64% polyester, 36% polyurethane</p>\n\n                                <p>- Water column pressure: 4000 mm</p>\n\n                                <p>- Model is 187cm tall and wearing a size S / M</p>\n\n                                <p>- Unisex fit</p>\n\n                                <p>- Drawstring hood with built-in cap</p>\n\n                                <p>- Front placket with snap buttons</p>\n\n                                <p>- Ventilation under armpit</p>\n\n                                <p>- Adjustable cuffs</p>\n\n                                <p>- Double welted front pockets</p>\n\n                                <p>- Adjustable elastic string at hempen</p>\n\n                                <p>- Ultrasonically welded seams</p>\n\n                                <p>This is a unisex item, please check our clothing &amp; footwear sizing guide for specific Rains jacket sizing information. RAINS comes from the rainy nation of Denmark at the edge of the European continent, close to the ocean and with prevailing westerly winds; all factors that contribute to an average of 121 rain days each year. Arising from these rainy weather conditions comes the attitude that a quick rain shower may be beautiful, as well as moody- but first and foremost requires the right outfit. Rains focus on the whole experience of going outside on rainy days, issuing an invitation to explore even in the most mercurial weather.</p>','published','[\"products\\/product-82.jpg\",\"products\\/product-55.jpg\",\"products\\/product-94.jpg\",\"products\\/product-1.jpg\",\"products\\/product-27.jpg\",\"products\\/product-22.jpg\",\"products\\/product-47.jpg\"]',NULL,'NC-118-A0',0,18,0,1,'in_stock',0,7,0,0,255,219.3,NULL,NULL,13,15,16,551,NULL,155835,'2025-08-02 02:15:44','2025-08-02 02:15:47',0,'Botble\\ACL\\Models\\User',NULL,'physical',NULL,NULL,0,'auto_generate',0,0,0,2),(57,'Famart Farmhouse Soft White','<p>Short Hooded Coat features a straight body, large pockets with button flaps, ventilation air holes, and a string detail along the hemline.</p>','<p>Short Hooded Coat features a straight body, large pockets with button flaps, ventilation air holes, and a string detail along the hemline. The style is completed with a drawstring hood, featuring Rains’ signature built-in cap. Made from waterproof, matte PU, this lightweight unisex rain jacket is an ode to nostalgia through its classic silhouette and utilitarian design details.</p>\n                                <p>- Casual unisex fit</p>\n\n                                <p>- 64% polyester, 36% polyurethane</p>\n\n                                <p>- Water column pressure: 4000 mm</p>\n\n                                <p>- Model is 187cm tall and wearing a size S / M</p>\n\n                                <p>- Unisex fit</p>\n\n                                <p>- Drawstring hood with built-in cap</p>\n\n                                <p>- Front placket with snap buttons</p>\n\n                                <p>- Ventilation under armpit</p>\n\n                                <p>- Adjustable cuffs</p>\n\n                                <p>- Double welted front pockets</p>\n\n                                <p>- Adjustable elastic string at hempen</p>\n\n                                <p>- Ultrasonically welded seams</p>\n\n                                <p>This is a unisex item, please check our clothing &amp; footwear sizing guide for specific Rains jacket sizing information. RAINS comes from the rainy nation of Denmark at the edge of the European continent, close to the ocean and with prevailing westerly winds; all factors that contribute to an average of 121 rain days each year. Arising from these rainy weather conditions comes the attitude that a quick rain shower may be beautiful, as well as moody- but first and foremost requires the right outfit. Rains focus on the whole experience of going outside on rainy days, issuing an invitation to explore even in the most mercurial weather.</p>','published','[\"products\\/product-57.jpg\",\"products\\/product-51.jpg\",\"products\\/product-10.jpg\",\"products\\/product-83.jpg\",\"products\\/product-9.jpg\",\"products\\/product-20.jpg\"]',NULL,'NC-109-A0',0,16,0,1,'in_stock',0,5,0,0,380,NULL,NULL,NULL,18,19,13,818,NULL,65043,'2025-08-02 02:15:44','2025-08-02 02:15:47',0,'Botble\\ACL\\Models\\User',NULL,'digital',NULL,NULL,0,'auto_generate',0,0,0,2),(58,'Coca-Cola Original Taste','<p>Short Hooded Coat features a straight body, large pockets with button flaps, ventilation air holes, and a string detail along the hemline.</p>','<p>Short Hooded Coat features a straight body, large pockets with button flaps, ventilation air holes, and a string detail along the hemline. The style is completed with a drawstring hood, featuring Rains’ signature built-in cap. Made from waterproof, matte PU, this lightweight unisex rain jacket is an ode to nostalgia through its classic silhouette and utilitarian design details.</p>\n                                <p>- Casual unisex fit</p>\n\n                                <p>- 64% polyester, 36% polyurethane</p>\n\n                                <p>- Water column pressure: 4000 mm</p>\n\n                                <p>- Model is 187cm tall and wearing a size S / M</p>\n\n                                <p>- Unisex fit</p>\n\n                                <p>- Drawstring hood with built-in cap</p>\n\n                                <p>- Front placket with snap buttons</p>\n\n                                <p>- Ventilation under armpit</p>\n\n                                <p>- Adjustable cuffs</p>\n\n                                <p>- Double welted front pockets</p>\n\n                                <p>- Adjustable elastic string at hempen</p>\n\n                                <p>- Ultrasonically welded seams</p>\n\n                                <p>This is a unisex item, please check our clothing &amp; footwear sizing guide for specific Rains jacket sizing information. RAINS comes from the rainy nation of Denmark at the edge of the European continent, close to the ocean and with prevailing westerly winds; all factors that contribute to an average of 121 rain days each year. Arising from these rainy weather conditions comes the attitude that a quick rain shower may be beautiful, as well as moody- but first and foremost requires the right outfit. Rains focus on the whole experience of going outside on rainy days, issuing an invitation to explore even in the most mercurial weather.</p>','published','[\"products\\/product-42.jpg\",\"products\\/product-54.jpg\",\"products\\/product-33.jpg\",\"products\\/product-91.jpg\",\"products\\/product-74.jpg\"]',NULL,'NC-149-A0',0,14,0,1,'in_stock',1,6,0,0,435,NULL,NULL,NULL,16,19,20,732,NULL,195874,'2025-08-02 02:15:44','2025-08-02 02:15:47',0,'Botble\\ACL\\Models\\User',NULL,'physical',NULL,NULL,0,'auto_generate',0,0,0,2),(59,'Casillero Diablo Cabernet Sauvignon','<p>Short Hooded Coat features a straight body, large pockets with button flaps, ventilation air holes, and a string detail along the hemline.</p>','<p>Short Hooded Coat features a straight body, large pockets with button flaps, ventilation air holes, and a string detail along the hemline. The style is completed with a drawstring hood, featuring Rains’ signature built-in cap. Made from waterproof, matte PU, this lightweight unisex rain jacket is an ode to nostalgia through its classic silhouette and utilitarian design details.</p>\n                                <p>- Casual unisex fit</p>\n\n                                <p>- 64% polyester, 36% polyurethane</p>\n\n                                <p>- Water column pressure: 4000 mm</p>\n\n                                <p>- Model is 187cm tall and wearing a size S / M</p>\n\n                                <p>- Unisex fit</p>\n\n                                <p>- Drawstring hood with built-in cap</p>\n\n                                <p>- Front placket with snap buttons</p>\n\n                                <p>- Ventilation under armpit</p>\n\n                                <p>- Adjustable cuffs</p>\n\n                                <p>- Double welted front pockets</p>\n\n                                <p>- Adjustable elastic string at hempen</p>\n\n                                <p>- Ultrasonically welded seams</p>\n\n                                <p>This is a unisex item, please check our clothing &amp; footwear sizing guide for specific Rains jacket sizing information. RAINS comes from the rainy nation of Denmark at the edge of the European continent, close to the ocean and with prevailing westerly winds; all factors that contribute to an average of 121 rain days each year. Arising from these rainy weather conditions comes the attitude that a quick rain shower may be beautiful, as well as moody- but first and foremost requires the right outfit. Rains focus on the whole experience of going outside on rainy days, issuing an invitation to explore even in the most mercurial weather.</p>','published','[\"products\\/product-26.jpg\",\"products\\/product-56.jpg\",\"products\\/product-91.jpg\",\"products\\/product-37.jpg\",\"products\\/product-93.jpg\",\"products\\/product-63.jpg\"]',NULL,'NC-162-A0',0,18,0,1,'in_stock',0,4,0,0,477,NULL,NULL,NULL,18,10,12,865,NULL,126271,'2025-08-02 02:15:44','2025-08-02 02:15:47',0,'Botble\\ACL\\Models\\User',NULL,'physical',NULL,NULL,0,'auto_generate',0,0,0,1),(60,'Arla Organic Free Range Milk','<p>Short Hooded Coat features a straight body, large pockets with button flaps, ventilation air holes, and a string detail along the hemline.</p>','<p>Short Hooded Coat features a straight body, large pockets with button flaps, ventilation air holes, and a string detail along the hemline. The style is completed with a drawstring hood, featuring Rains’ signature built-in cap. Made from waterproof, matte PU, this lightweight unisex rain jacket is an ode to nostalgia through its classic silhouette and utilitarian design details.</p>\n                                <p>- Casual unisex fit</p>\n\n                                <p>- 64% polyester, 36% polyurethane</p>\n\n                                <p>- Water column pressure: 4000 mm</p>\n\n                                <p>- Model is 187cm tall and wearing a size S / M</p>\n\n                                <p>- Unisex fit</p>\n\n                                <p>- Drawstring hood with built-in cap</p>\n\n                                <p>- Front placket with snap buttons</p>\n\n                                <p>- Ventilation under armpit</p>\n\n                                <p>- Adjustable cuffs</p>\n\n                                <p>- Double welted front pockets</p>\n\n                                <p>- Adjustable elastic string at hempen</p>\n\n                                <p>- Ultrasonically welded seams</p>\n\n                                <p>This is a unisex item, please check our clothing &amp; footwear sizing guide for specific Rains jacket sizing information. RAINS comes from the rainy nation of Denmark at the edge of the European continent, close to the ocean and with prevailing westerly winds; all factors that contribute to an average of 121 rain days each year. Arising from these rainy weather conditions comes the attitude that a quick rain shower may be beautiful, as well as moody- but first and foremost requires the right outfit. Rains focus on the whole experience of going outside on rainy days, issuing an invitation to explore even in the most mercurial weather.</p>','published','[\"products\\/product-81.jpg\",\"products\\/product-74.jpg\",\"products\\/product-13.jpg\",\"products\\/product-33.jpg\",\"products\\/product-89.jpg\",\"products\\/product-75.jpg\",\"products\\/product-82.jpg\",\"products\\/product-62.jpg\"]',NULL,'NC-157-A0',0,11,0,1,'in_stock',1,2,0,0,252,201.6,NULL,NULL,18,16,19,885,NULL,114013,'2025-08-02 02:15:44','2025-08-02 02:15:47',0,'Botble\\ACL\\Models\\User',NULL,'physical',NULL,NULL,0,'auto_generate',0,0,0,1),(61,'Aptamil Follow On Baby Milk','<p>Short Hooded Coat features a straight body, large pockets with button flaps, ventilation air holes, and a string detail along the hemline.</p>','<p>Short Hooded Coat features a straight body, large pockets with button flaps, ventilation air holes, and a string detail along the hemline. The style is completed with a drawstring hood, featuring Rains’ signature built-in cap. Made from waterproof, matte PU, this lightweight unisex rain jacket is an ode to nostalgia through its classic silhouette and utilitarian design details.</p>\n                                <p>- Casual unisex fit</p>\n\n                                <p>- 64% polyester, 36% polyurethane</p>\n\n                                <p>- Water column pressure: 4000 mm</p>\n\n                                <p>- Model is 187cm tall and wearing a size S / M</p>\n\n                                <p>- Unisex fit</p>\n\n                                <p>- Drawstring hood with built-in cap</p>\n\n                                <p>- Front placket with snap buttons</p>\n\n                                <p>- Ventilation under armpit</p>\n\n                                <p>- Adjustable cuffs</p>\n\n                                <p>- Double welted front pockets</p>\n\n                                <p>- Adjustable elastic string at hempen</p>\n\n                                <p>- Ultrasonically welded seams</p>\n\n                                <p>This is a unisex item, please check our clothing &amp; footwear sizing guide for specific Rains jacket sizing information. RAINS comes from the rainy nation of Denmark at the edge of the European continent, close to the ocean and with prevailing westerly winds; all factors that contribute to an average of 121 rain days each year. Arising from these rainy weather conditions comes the attitude that a quick rain shower may be beautiful, as well as moody- but first and foremost requires the right outfit. Rains focus on the whole experience of going outside on rainy days, issuing an invitation to explore even in the most mercurial weather.</p>','published','[\"products\\/product-59.jpg\",\"products\\/product-46.jpg\",\"products\\/product-40.jpg\",\"products\\/product-42.jpg\",\"products\\/product-65.jpg\",\"products\\/product-27.jpg\",\"products\\/product-84.jpg\",\"products\\/product-34.jpg\"]',NULL,'NC-158-A0',0,20,0,1,'in_stock',1,1,0,0,260,NULL,NULL,NULL,13,10,11,847,NULL,151738,'2025-08-02 02:15:44','2025-08-02 02:15:47',0,'Botble\\ACL\\Models\\User',NULL,'digital',NULL,NULL,0,'auto_generate',0,0,0,2),(62,'Cuisinart Chef’S Classic Hard-Anodized','<p>Short Hooded Coat features a straight body, large pockets with button flaps, ventilation air holes, and a string detail along the hemline.</p>','<p>Short Hooded Coat features a straight body, large pockets with button flaps, ventilation air holes, and a string detail along the hemline. The style is completed with a drawstring hood, featuring Rains’ signature built-in cap. Made from waterproof, matte PU, this lightweight unisex rain jacket is an ode to nostalgia through its classic silhouette and utilitarian design details.</p>\n                                <p>- Casual unisex fit</p>\n\n                                <p>- 64% polyester, 36% polyurethane</p>\n\n                                <p>- Water column pressure: 4000 mm</p>\n\n                                <p>- Model is 187cm tall and wearing a size S / M</p>\n\n                                <p>- Unisex fit</p>\n\n                                <p>- Drawstring hood with built-in cap</p>\n\n                                <p>- Front placket with snap buttons</p>\n\n                                <p>- Ventilation under armpit</p>\n\n                                <p>- Adjustable cuffs</p>\n\n                                <p>- Double welted front pockets</p>\n\n                                <p>- Adjustable elastic string at hempen</p>\n\n                                <p>- Ultrasonically welded seams</p>\n\n                                <p>This is a unisex item, please check our clothing &amp; footwear sizing guide for specific Rains jacket sizing information. RAINS comes from the rainy nation of Denmark at the edge of the European continent, close to the ocean and with prevailing westerly winds; all factors that contribute to an average of 121 rain days each year. Arising from these rainy weather conditions comes the attitude that a quick rain shower may be beautiful, as well as moody- but first and foremost requires the right outfit. Rains focus on the whole experience of going outside on rainy days, issuing an invitation to explore even in the most mercurial weather.</p>','published','[\"products\\/product-80.jpg\",\"products\\/product-12.jpg\",\"products\\/product-25.jpg\",\"products\\/product-26.jpg\",\"products\\/product-91.jpg\",\"products\\/product-50.jpg\"]',NULL,'NC-127-A0',0,19,0,1,'in_stock',1,3,0,0,316,NULL,NULL,NULL,10,19,20,745,NULL,36180,'2025-08-02 02:15:44','2025-08-02 02:15:47',0,'Botble\\ACL\\Models\\User',NULL,'physical',NULL,NULL,0,'auto_generate',0,0,0,2),(63,'Corn, Yellow Sweet','<p>Short Hooded Coat features a straight body, large pockets with button flaps, ventilation air holes, and a string detail along the hemline.</p>','<p>Short Hooded Coat features a straight body, large pockets with button flaps, ventilation air holes, and a string detail along the hemline. The style is completed with a drawstring hood, featuring Rains’ signature built-in cap. Made from waterproof, matte PU, this lightweight unisex rain jacket is an ode to nostalgia through its classic silhouette and utilitarian design details.</p>\n                                <p>- Casual unisex fit</p>\n\n                                <p>- 64% polyester, 36% polyurethane</p>\n\n                                <p>- Water column pressure: 4000 mm</p>\n\n                                <p>- Model is 187cm tall and wearing a size S / M</p>\n\n                                <p>- Unisex fit</p>\n\n                                <p>- Drawstring hood with built-in cap</p>\n\n                                <p>- Front placket with snap buttons</p>\n\n                                <p>- Ventilation under armpit</p>\n\n                                <p>- Adjustable cuffs</p>\n\n                                <p>- Double welted front pockets</p>\n\n                                <p>- Adjustable elastic string at hempen</p>\n\n                                <p>- Ultrasonically welded seams</p>\n\n                                <p>This is a unisex item, please check our clothing &amp; footwear sizing guide for specific Rains jacket sizing information. RAINS comes from the rainy nation of Denmark at the edge of the European continent, close to the ocean and with prevailing westerly winds; all factors that contribute to an average of 121 rain days each year. Arising from these rainy weather conditions comes the attitude that a quick rain shower may be beautiful, as well as moody- but first and foremost requires the right outfit. Rains focus on the whole experience of going outside on rainy days, issuing an invitation to explore even in the most mercurial weather.</p>','published','[\"products\\/product-45.jpg\",\"products\\/product-9.jpg\",\"products\\/product-93.jpg\",\"products\\/product-80.jpg\",\"products\\/product-57.jpg\",\"products\\/product-49.jpg\",\"products\\/product-63.jpg\",\"products\\/product-95.jpg\",\"products\\/product-13.jpg\",\"products\\/product-71.jpg\",\"products\\/product-5.jpg\"]',NULL,'NC-133-A0',0,15,0,1,'in_stock',1,4,0,0,200,NULL,NULL,NULL,20,10,19,662,NULL,3423,'2025-08-02 02:15:44','2025-08-02 02:15:47',0,'Botble\\ACL\\Models\\User',NULL,'physical',NULL,NULL,0,'auto_generate',0,0,0,2),(64,'Hobnobs The Nobbly Biscuit','<p>Short Hooded Coat features a straight body, large pockets with button flaps, ventilation air holes, and a string detail along the hemline.</p>','<p>Short Hooded Coat features a straight body, large pockets with button flaps, ventilation air holes, and a string detail along the hemline. The style is completed with a drawstring hood, featuring Rains’ signature built-in cap. Made from waterproof, matte PU, this lightweight unisex rain jacket is an ode to nostalgia through its classic silhouette and utilitarian design details.</p>\n                                <p>- Casual unisex fit</p>\n\n                                <p>- 64% polyester, 36% polyurethane</p>\n\n                                <p>- Water column pressure: 4000 mm</p>\n\n                                <p>- Model is 187cm tall and wearing a size S / M</p>\n\n                                <p>- Unisex fit</p>\n\n                                <p>- Drawstring hood with built-in cap</p>\n\n                                <p>- Front placket with snap buttons</p>\n\n                                <p>- Ventilation under armpit</p>\n\n                                <p>- Adjustable cuffs</p>\n\n                                <p>- Double welted front pockets</p>\n\n                                <p>- Adjustable elastic string at hempen</p>\n\n                                <p>- Ultrasonically welded seams</p>\n\n                                <p>This is a unisex item, please check our clothing &amp; footwear sizing guide for specific Rains jacket sizing information. RAINS comes from the rainy nation of Denmark at the edge of the European continent, close to the ocean and with prevailing westerly winds; all factors that contribute to an average of 121 rain days each year. Arising from these rainy weather conditions comes the attitude that a quick rain shower may be beautiful, as well as moody- but first and foremost requires the right outfit. Rains focus on the whole experience of going outside on rainy days, issuing an invitation to explore even in the most mercurial weather.</p>','published','[\"products\\/product-92.jpg\",\"products\\/product-61.jpg\",\"products\\/product-91.jpg\",\"products\\/product-26.jpg\",\"products\\/product-80.jpg\",\"products\\/product-56.jpg\",\"products\\/product-44.jpg\",\"products\\/product-4.jpg\",\"products\\/product-72.jpg\"]',NULL,'NC-111-A0',0,17,0,1,'in_stock',1,1,0,0,433,355.06,NULL,NULL,17,19,15,683,NULL,140633,'2025-08-02 02:15:44','2025-08-02 02:15:47',0,'Botble\\ACL\\Models\\User',NULL,'physical',NULL,NULL,0,'auto_generate',0,0,0,2),(65,'Honest Organic Still Lemonade','<p>Short Hooded Coat features a straight body, large pockets with button flaps, ventilation air holes, and a string detail along the hemline.</p>','<p>Short Hooded Coat features a straight body, large pockets with button flaps, ventilation air holes, and a string detail along the hemline. The style is completed with a drawstring hood, featuring Rains’ signature built-in cap. Made from waterproof, matte PU, this lightweight unisex rain jacket is an ode to nostalgia through its classic silhouette and utilitarian design details.</p>\n                                <p>- Casual unisex fit</p>\n\n                                <p>- 64% polyester, 36% polyurethane</p>\n\n                                <p>- Water column pressure: 4000 mm</p>\n\n                                <p>- Model is 187cm tall and wearing a size S / M</p>\n\n                                <p>- Unisex fit</p>\n\n                                <p>- Drawstring hood with built-in cap</p>\n\n                                <p>- Front placket with snap buttons</p>\n\n                                <p>- Ventilation under armpit</p>\n\n                                <p>- Adjustable cuffs</p>\n\n                                <p>- Double welted front pockets</p>\n\n                                <p>- Adjustable elastic string at hempen</p>\n\n                                <p>- Ultrasonically welded seams</p>\n\n                                <p>This is a unisex item, please check our clothing &amp; footwear sizing guide for specific Rains jacket sizing information. RAINS comes from the rainy nation of Denmark at the edge of the European continent, close to the ocean and with prevailing westerly winds; all factors that contribute to an average of 121 rain days each year. Arising from these rainy weather conditions comes the attitude that a quick rain shower may be beautiful, as well as moody- but first and foremost requires the right outfit. Rains focus on the whole experience of going outside on rainy days, issuing an invitation to explore even in the most mercurial weather.</p>','published','[\"products\\/product-22.jpg\",\"products\\/product-2.jpg\",\"products\\/product-23.jpg\",\"products\\/product-30.jpg\",\"products\\/product-5.jpg\",\"products\\/product-53.jpg\",\"products\\/product-52.jpg\",\"products\\/product-93.jpg\",\"products\\/product-86.jpg\",\"products\\/product-37.jpg\",\"products\\/product-16.jpg\"]',NULL,'NC-144-A0',0,19,0,1,'in_stock',1,1,0,0,459,NULL,NULL,NULL,12,17,12,793,NULL,20832,'2025-08-02 02:15:44','2025-08-02 02:15:47',0,'Botble\\ACL\\Models\\User',NULL,'digital',NULL,NULL,0,'auto_generate',0,0,0,1),(66,'Ice Beck’s Beer 350ml x 24 Pieces','<p>Short Hooded Coat features a straight body, large pockets with button flaps, ventilation air holes, and a string detail along the hemline.</p>','<p>Short Hooded Coat features a straight body, large pockets with button flaps, ventilation air holes, and a string detail along the hemline. The style is completed with a drawstring hood, featuring Rains’ signature built-in cap. Made from waterproof, matte PU, this lightweight unisex rain jacket is an ode to nostalgia through its classic silhouette and utilitarian design details.</p>\n                                <p>- Casual unisex fit</p>\n\n                                <p>- 64% polyester, 36% polyurethane</p>\n\n                                <p>- Water column pressure: 4000 mm</p>\n\n                                <p>- Model is 187cm tall and wearing a size S / M</p>\n\n                                <p>- Unisex fit</p>\n\n                                <p>- Drawstring hood with built-in cap</p>\n\n                                <p>- Front placket with snap buttons</p>\n\n                                <p>- Ventilation under armpit</p>\n\n                                <p>- Adjustable cuffs</p>\n\n                                <p>- Double welted front pockets</p>\n\n                                <p>- Adjustable elastic string at hempen</p>\n\n                                <p>- Ultrasonically welded seams</p>\n\n                                <p>This is a unisex item, please check our clothing &amp; footwear sizing guide for specific Rains jacket sizing information. RAINS comes from the rainy nation of Denmark at the edge of the European continent, close to the ocean and with prevailing westerly winds; all factors that contribute to an average of 121 rain days each year. Arising from these rainy weather conditions comes the attitude that a quick rain shower may be beautiful, as well as moody- but first and foremost requires the right outfit. Rains focus on the whole experience of going outside on rainy days, issuing an invitation to explore even in the most mercurial weather.</p>','published','[\"products\\/product-39.jpg\",\"products\\/product-22.jpg\",\"products\\/product-34.jpg\",\"products\\/product-74.jpg\",\"products\\/product-33.jpg\",\"products\\/product-4.jpg\"]',NULL,'NC-161-A0',0,15,0,1,'in_stock',1,3,0,0,446,NULL,NULL,NULL,18,11,18,590,NULL,77057,'2025-08-02 02:15:44','2025-08-02 02:15:47',0,'Botble\\ACL\\Models\\User',NULL,'physical',NULL,NULL,0,'auto_generate',0,0,0,1),(67,'Iceland 6 Hot Cross Buns','<p>Short Hooded Coat features a straight body, large pockets with button flaps, ventilation air holes, and a string detail along the hemline.</p>','<p>Short Hooded Coat features a straight body, large pockets with button flaps, ventilation air holes, and a string detail along the hemline. The style is completed with a drawstring hood, featuring Rains’ signature built-in cap. Made from waterproof, matte PU, this lightweight unisex rain jacket is an ode to nostalgia through its classic silhouette and utilitarian design details.</p>\n                                <p>- Casual unisex fit</p>\n\n                                <p>- 64% polyester, 36% polyurethane</p>\n\n                                <p>- Water column pressure: 4000 mm</p>\n\n                                <p>- Model is 187cm tall and wearing a size S / M</p>\n\n                                <p>- Unisex fit</p>\n\n                                <p>- Drawstring hood with built-in cap</p>\n\n                                <p>- Front placket with snap buttons</p>\n\n                                <p>- Ventilation under armpit</p>\n\n                                <p>- Adjustable cuffs</p>\n\n                                <p>- Double welted front pockets</p>\n\n                                <p>- Adjustable elastic string at hempen</p>\n\n                                <p>- Ultrasonically welded seams</p>\n\n                                <p>This is a unisex item, please check our clothing &amp; footwear sizing guide for specific Rains jacket sizing information. RAINS comes from the rainy nation of Denmark at the edge of the European continent, close to the ocean and with prevailing westerly winds; all factors that contribute to an average of 121 rain days each year. Arising from these rainy weather conditions comes the attitude that a quick rain shower may be beautiful, as well as moody- but first and foremost requires the right outfit. Rains focus on the whole experience of going outside on rainy days, issuing an invitation to explore even in the most mercurial weather.</p>','published','[\"products\\/product-49.jpg\",\"products\\/product-42.jpg\",\"products\\/product-22.jpg\",\"products\\/product-5.jpg\",\"products\\/product-51.jpg\",\"products\\/product-65.jpg\"]',NULL,'NC-160-A0',0,10,0,1,'in_stock',1,3,0,0,247,NULL,NULL,NULL,15,10,13,525,NULL,129823,'2025-08-02 02:15:44','2025-08-02 02:15:47',0,'Botble\\ACL\\Models\\User',NULL,'physical',NULL,NULL,0,'auto_generate',0,0,0,2),(68,'Iceland Luxury 4 Panini Rolls','<p>Short Hooded Coat features a straight body, large pockets with button flaps, ventilation air holes, and a string detail along the hemline.</p>','<p>Short Hooded Coat features a straight body, large pockets with button flaps, ventilation air holes, and a string detail along the hemline. The style is completed with a drawstring hood, featuring Rains’ signature built-in cap. Made from waterproof, matte PU, this lightweight unisex rain jacket is an ode to nostalgia through its classic silhouette and utilitarian design details.</p>\n                                <p>- Casual unisex fit</p>\n\n                                <p>- 64% polyester, 36% polyurethane</p>\n\n                                <p>- Water column pressure: 4000 mm</p>\n\n                                <p>- Model is 187cm tall and wearing a size S / M</p>\n\n                                <p>- Unisex fit</p>\n\n                                <p>- Drawstring hood with built-in cap</p>\n\n                                <p>- Front placket with snap buttons</p>\n\n                                <p>- Ventilation under armpit</p>\n\n                                <p>- Adjustable cuffs</p>\n\n                                <p>- Double welted front pockets</p>\n\n                                <p>- Adjustable elastic string at hempen</p>\n\n                                <p>- Ultrasonically welded seams</p>\n\n                                <p>This is a unisex item, please check our clothing &amp; footwear sizing guide for specific Rains jacket sizing information. RAINS comes from the rainy nation of Denmark at the edge of the European continent, close to the ocean and with prevailing westerly winds; all factors that contribute to an average of 121 rain days each year. Arising from these rainy weather conditions comes the attitude that a quick rain shower may be beautiful, as well as moody- but first and foremost requires the right outfit. Rains focus on the whole experience of going outside on rainy days, issuing an invitation to explore even in the most mercurial weather.</p>','published','[\"products\\/product-65.jpg\",\"products\\/product-93.jpg\",\"products\\/product-15.jpg\",\"products\\/product-44.jpg\",\"products\\/product-62.jpg\",\"products\\/product-54.jpg\",\"products\\/product-95.jpg\",\"products\\/product-17.jpg\",\"products\\/product-82.jpg\",\"products\\/product-66.jpg\",\"products\\/product-33.jpg\"]',NULL,'NC-126-A0',0,16,0,1,'in_stock',0,4,0,0,252,178.92,NULL,NULL,19,11,10,860,NULL,87236,'2025-08-02 02:15:44','2025-08-02 02:15:47',0,'Botble\\ACL\\Models\\User',NULL,'physical',NULL,NULL,0,'auto_generate',0,0,0,1),(69,'Iceland Soft Scoop Vanilla','<p>Short Hooded Coat features a straight body, large pockets with button flaps, ventilation air holes, and a string detail along the hemline.</p>','<p>Short Hooded Coat features a straight body, large pockets with button flaps, ventilation air holes, and a string detail along the hemline. The style is completed with a drawstring hood, featuring Rains’ signature built-in cap. Made from waterproof, matte PU, this lightweight unisex rain jacket is an ode to nostalgia through its classic silhouette and utilitarian design details.</p>\n                                <p>- Casual unisex fit</p>\n\n                                <p>- 64% polyester, 36% polyurethane</p>\n\n                                <p>- Water column pressure: 4000 mm</p>\n\n                                <p>- Model is 187cm tall and wearing a size S / M</p>\n\n                                <p>- Unisex fit</p>\n\n                                <p>- Drawstring hood with built-in cap</p>\n\n                                <p>- Front placket with snap buttons</p>\n\n                                <p>- Ventilation under armpit</p>\n\n                                <p>- Adjustable cuffs</p>\n\n                                <p>- Double welted front pockets</p>\n\n                                <p>- Adjustable elastic string at hempen</p>\n\n                                <p>- Ultrasonically welded seams</p>\n\n                                <p>This is a unisex item, please check our clothing &amp; footwear sizing guide for specific Rains jacket sizing information. RAINS comes from the rainy nation of Denmark at the edge of the European continent, close to the ocean and with prevailing westerly winds; all factors that contribute to an average of 121 rain days each year. Arising from these rainy weather conditions comes the attitude that a quick rain shower may be beautiful, as well as moody- but first and foremost requires the right outfit. Rains focus on the whole experience of going outside on rainy days, issuing an invitation to explore even in the most mercurial weather.</p>','published','[\"products\\/product-58.jpg\",\"products\\/product-10.jpg\",\"products\\/product-92.jpg\",\"products\\/product-54.jpg\",\"products\\/product-77.jpg\",\"products\\/product-57.jpg\",\"products\\/product-35.jpg\",\"products\\/product-5.jpg\",\"products\\/product-93.jpg\"]',NULL,'NC-187-A0',0,17,0,1,'in_stock',0,5,0,0,234,NULL,NULL,NULL,13,17,11,664,NULL,80231,'2025-08-02 02:15:44','2025-08-02 02:15:47',0,'Botble\\ACL\\Models\\User',NULL,'digital',NULL,NULL,0,'auto_generate',0,0,0,1),(70,'Iceland Spaghetti Bolognese','<p>Short Hooded Coat features a straight body, large pockets with button flaps, ventilation air holes, and a string detail along the hemline.</p>','<p>Short Hooded Coat features a straight body, large pockets with button flaps, ventilation air holes, and a string detail along the hemline. The style is completed with a drawstring hood, featuring Rains’ signature built-in cap. Made from waterproof, matte PU, this lightweight unisex rain jacket is an ode to nostalgia through its classic silhouette and utilitarian design details.</p>\n                                <p>- Casual unisex fit</p>\n\n                                <p>- 64% polyester, 36% polyurethane</p>\n\n                                <p>- Water column pressure: 4000 mm</p>\n\n                                <p>- Model is 187cm tall and wearing a size S / M</p>\n\n                                <p>- Unisex fit</p>\n\n                                <p>- Drawstring hood with built-in cap</p>\n\n                                <p>- Front placket with snap buttons</p>\n\n                                <p>- Ventilation under armpit</p>\n\n                                <p>- Adjustable cuffs</p>\n\n                                <p>- Double welted front pockets</p>\n\n                                <p>- Adjustable elastic string at hempen</p>\n\n                                <p>- Ultrasonically welded seams</p>\n\n                                <p>This is a unisex item, please check our clothing &amp; footwear sizing guide for specific Rains jacket sizing information. RAINS comes from the rainy nation of Denmark at the edge of the European continent, close to the ocean and with prevailing westerly winds; all factors that contribute to an average of 121 rain days each year. Arising from these rainy weather conditions comes the attitude that a quick rain shower may be beautiful, as well as moody- but first and foremost requires the right outfit. Rains focus on the whole experience of going outside on rainy days, issuing an invitation to explore even in the most mercurial weather.</p>','published','[\"products\\/product-42.jpg\",\"products\\/product-14.jpg\",\"products\\/product-17.jpg\",\"products\\/product-31.jpg\",\"products\\/product-52.jpg\"]',NULL,'NC-197-A0',0,19,0,1,'in_stock',1,7,0,0,471,NULL,NULL,NULL,19,10,12,835,NULL,25372,'2025-08-02 02:15:44','2025-08-02 02:15:47',0,'Botble\\ACL\\Models\\User',NULL,'physical',NULL,NULL,0,'auto_generate',0,0,0,2),(71,'Kellogg’s Coco Pops Cereal','<p>Short Hooded Coat features a straight body, large pockets with button flaps, ventilation air holes, and a string detail along the hemline.</p>','<p>Short Hooded Coat features a straight body, large pockets with button flaps, ventilation air holes, and a string detail along the hemline. The style is completed with a drawstring hood, featuring Rains’ signature built-in cap. Made from waterproof, matte PU, this lightweight unisex rain jacket is an ode to nostalgia through its classic silhouette and utilitarian design details.</p>\n                                <p>- Casual unisex fit</p>\n\n                                <p>- 64% polyester, 36% polyurethane</p>\n\n                                <p>- Water column pressure: 4000 mm</p>\n\n                                <p>- Model is 187cm tall and wearing a size S / M</p>\n\n                                <p>- Unisex fit</p>\n\n                                <p>- Drawstring hood with built-in cap</p>\n\n                                <p>- Front placket with snap buttons</p>\n\n                                <p>- Ventilation under armpit</p>\n\n                                <p>- Adjustable cuffs</p>\n\n                                <p>- Double welted front pockets</p>\n\n                                <p>- Adjustable elastic string at hempen</p>\n\n                                <p>- Ultrasonically welded seams</p>\n\n                                <p>This is a unisex item, please check our clothing &amp; footwear sizing guide for specific Rains jacket sizing information. RAINS comes from the rainy nation of Denmark at the edge of the European continent, close to the ocean and with prevailing westerly winds; all factors that contribute to an average of 121 rain days each year. Arising from these rainy weather conditions comes the attitude that a quick rain shower may be beautiful, as well as moody- but first and foremost requires the right outfit. Rains focus on the whole experience of going outside on rainy days, issuing an invitation to explore even in the most mercurial weather.</p>','published','[\"products\\/product-6.jpg\",\"products\\/product-66.jpg\",\"products\\/product-15.jpg\",\"products\\/product-49.jpg\",\"products\\/product-59.jpg\",\"products\\/product-18.jpg\",\"products\\/product-28.jpg\",\"products\\/product-35.jpg\",\"products\\/product-64.jpg\",\"products\\/product-58.jpg\"]',NULL,'NC-197-A0',0,14,0,1,'in_stock',0,3,0,0,457,NULL,NULL,NULL,18,10,17,538,NULL,173365,'2025-08-02 02:15:44','2025-08-02 02:15:47',0,'Botble\\ACL\\Models\\User',NULL,'physical',NULL,NULL,0,'auto_generate',0,0,0,1),(72,'Kit Kat Chunky Milk Chocolate','<p>Short Hooded Coat features a straight body, large pockets with button flaps, ventilation air holes, and a string detail along the hemline.</p>','<p>Short Hooded Coat features a straight body, large pockets with button flaps, ventilation air holes, and a string detail along the hemline. The style is completed with a drawstring hood, featuring Rains’ signature built-in cap. Made from waterproof, matte PU, this lightweight unisex rain jacket is an ode to nostalgia through its classic silhouette and utilitarian design details.</p>\n                                <p>- Casual unisex fit</p>\n\n                                <p>- 64% polyester, 36% polyurethane</p>\n\n                                <p>- Water column pressure: 4000 mm</p>\n\n                                <p>- Model is 187cm tall and wearing a size S / M</p>\n\n                                <p>- Unisex fit</p>\n\n                                <p>- Drawstring hood with built-in cap</p>\n\n                                <p>- Front placket with snap buttons</p>\n\n                                <p>- Ventilation under armpit</p>\n\n                                <p>- Adjustable cuffs</p>\n\n                                <p>- Double welted front pockets</p>\n\n                                <p>- Adjustable elastic string at hempen</p>\n\n                                <p>- Ultrasonically welded seams</p>\n\n                                <p>This is a unisex item, please check our clothing &amp; footwear sizing guide for specific Rains jacket sizing information. RAINS comes from the rainy nation of Denmark at the edge of the European continent, close to the ocean and with prevailing westerly winds; all factors that contribute to an average of 121 rain days each year. Arising from these rainy weather conditions comes the attitude that a quick rain shower may be beautiful, as well as moody- but first and foremost requires the right outfit. Rains focus on the whole experience of going outside on rainy days, issuing an invitation to explore even in the most mercurial weather.</p>','published','[\"products\\/product-42.jpg\",\"products\\/product-55.jpg\",\"products\\/product-37.jpg\",\"products\\/product-11.jpg\",\"products\\/product-94.jpg\",\"products\\/product-67.jpg\",\"products\\/product-38.jpg\",\"products\\/product-52.jpg\",\"products\\/product-95.jpg\"]',NULL,'NC-148-A0',0,12,0,1,'in_stock',1,7,0,0,223,196.24,NULL,NULL,16,15,17,572,NULL,58223,'2025-08-02 02:15:44','2025-08-02 02:15:47',0,'Botble\\ACL\\Models\\User',NULL,'physical',NULL,NULL,0,'auto_generate',0,0,0,1),(73,'Large Green Bell Pepper','<p>Short Hooded Coat features a straight body, large pockets with button flaps, ventilation air holes, and a string detail along the hemline.</p>','<p>Short Hooded Coat features a straight body, large pockets with button flaps, ventilation air holes, and a string detail along the hemline. The style is completed with a drawstring hood, featuring Rains’ signature built-in cap. Made from waterproof, matte PU, this lightweight unisex rain jacket is an ode to nostalgia through its classic silhouette and utilitarian design details.</p>\n                                <p>- Casual unisex fit</p>\n\n                                <p>- 64% polyester, 36% polyurethane</p>\n\n                                <p>- Water column pressure: 4000 mm</p>\n\n                                <p>- Model is 187cm tall and wearing a size S / M</p>\n\n                                <p>- Unisex fit</p>\n\n                                <p>- Drawstring hood with built-in cap</p>\n\n                                <p>- Front placket with snap buttons</p>\n\n                                <p>- Ventilation under armpit</p>\n\n                                <p>- Adjustable cuffs</p>\n\n                                <p>- Double welted front pockets</p>\n\n                                <p>- Adjustable elastic string at hempen</p>\n\n                                <p>- Ultrasonically welded seams</p>\n\n                                <p>This is a unisex item, please check our clothing &amp; footwear sizing guide for specific Rains jacket sizing information. RAINS comes from the rainy nation of Denmark at the edge of the European continent, close to the ocean and with prevailing westerly winds; all factors that contribute to an average of 121 rain days each year. Arising from these rainy weather conditions comes the attitude that a quick rain shower may be beautiful, as well as moody- but first and foremost requires the right outfit. Rains focus on the whole experience of going outside on rainy days, issuing an invitation to explore even in the most mercurial weather.</p>','published','[\"products\\/product-72.jpg\",\"products\\/product-12.jpg\",\"products\\/product-26.jpg\",\"products\\/product-17.jpg\",\"products\\/product-92.jpg\",\"products\\/product-20.jpg\",\"products\\/product-23.jpg\",\"products\\/product-13.jpg\",\"products\\/product-41.jpg\",\"products\\/product-54.jpg\",\"products\\/product-51.jpg\"]',NULL,'NC-116-A0',0,11,0,1,'in_stock',1,2,0,0,271,NULL,NULL,NULL,19,19,16,519,NULL,27051,'2025-08-02 02:15:44','2025-08-02 02:15:47',0,'Botble\\ACL\\Models\\User',NULL,'digital',NULL,NULL,0,'auto_generate',0,0,0,1),(74,'Pice 94w Beasley Journal','<p>Short Hooded Coat features a straight body, large pockets with button flaps, ventilation air holes, and a string detail along the hemline.</p>','<p>Short Hooded Coat features a straight body, large pockets with button flaps, ventilation air holes, and a string detail along the hemline. The style is completed with a drawstring hood, featuring Rains’ signature built-in cap. Made from waterproof, matte PU, this lightweight unisex rain jacket is an ode to nostalgia through its classic silhouette and utilitarian design details.</p>\n                                <p>- Casual unisex fit</p>\n\n                                <p>- 64% polyester, 36% polyurethane</p>\n\n                                <p>- Water column pressure: 4000 mm</p>\n\n                                <p>- Model is 187cm tall and wearing a size S / M</p>\n\n                                <p>- Unisex fit</p>\n\n                                <p>- Drawstring hood with built-in cap</p>\n\n                                <p>- Front placket with snap buttons</p>\n\n                                <p>- Ventilation under armpit</p>\n\n                                <p>- Adjustable cuffs</p>\n\n                                <p>- Double welted front pockets</p>\n\n                                <p>- Adjustable elastic string at hempen</p>\n\n                                <p>- Ultrasonically welded seams</p>\n\n                                <p>This is a unisex item, please check our clothing &amp; footwear sizing guide for specific Rains jacket sizing information. RAINS comes from the rainy nation of Denmark at the edge of the European continent, close to the ocean and with prevailing westerly winds; all factors that contribute to an average of 121 rain days each year. Arising from these rainy weather conditions comes the attitude that a quick rain shower may be beautiful, as well as moody- but first and foremost requires the right outfit. Rains focus on the whole experience of going outside on rainy days, issuing an invitation to explore even in the most mercurial weather.</p>','published','[\"products\\/product-27.jpg\",\"products\\/product-69.jpg\",\"products\\/product-55.jpg\",\"products\\/product-83.jpg\",\"products\\/product-14.jpg\"]',NULL,'NC-150-A0',0,20,0,1,'in_stock',0,1,0,0,350,NULL,NULL,NULL,19,10,20,882,NULL,15954,'2025-08-02 02:15:44','2025-08-02 02:15:47',0,'Botble\\ACL\\Models\\User',NULL,'physical',NULL,NULL,0,'auto_generate',0,0,0,2),(75,'Province Piece Glass Drinking Glass','<p>Short Hooded Coat features a straight body, large pockets with button flaps, ventilation air holes, and a string detail along the hemline.</p>','<p>Short Hooded Coat features a straight body, large pockets with button flaps, ventilation air holes, and a string detail along the hemline. The style is completed with a drawstring hood, featuring Rains’ signature built-in cap. Made from waterproof, matte PU, this lightweight unisex rain jacket is an ode to nostalgia through its classic silhouette and utilitarian design details.</p>\n                                <p>- Casual unisex fit</p>\n\n                                <p>- 64% polyester, 36% polyurethane</p>\n\n                                <p>- Water column pressure: 4000 mm</p>\n\n                                <p>- Model is 187cm tall and wearing a size S / M</p>\n\n                                <p>- Unisex fit</p>\n\n                                <p>- Drawstring hood with built-in cap</p>\n\n                                <p>- Front placket with snap buttons</p>\n\n                                <p>- Ventilation under armpit</p>\n\n                                <p>- Adjustable cuffs</p>\n\n                                <p>- Double welted front pockets</p>\n\n                                <p>- Adjustable elastic string at hempen</p>\n\n                                <p>- Ultrasonically welded seams</p>\n\n                                <p>This is a unisex item, please check our clothing &amp; footwear sizing guide for specific Rains jacket sizing information. RAINS comes from the rainy nation of Denmark at the edge of the European continent, close to the ocean and with prevailing westerly winds; all factors that contribute to an average of 121 rain days each year. Arising from these rainy weather conditions comes the attitude that a quick rain shower may be beautiful, as well as moody- but first and foremost requires the right outfit. Rains focus on the whole experience of going outside on rainy days, issuing an invitation to explore even in the most mercurial weather.</p>','published','[\"products\\/product-39.jpg\",\"products\\/product-89.jpg\",\"products\\/product-90.jpg\",\"products\\/product-56.jpg\",\"products\\/product-72.jpg\",\"products\\/product-45.jpg\",\"products\\/product-43.jpg\",\"products\\/product-87.jpg\",\"products\\/product-68.jpg\",\"products\\/product-21.jpg\"]',NULL,'NC-194-A0',0,11,0,1,'in_stock',0,1,0,0,383,NULL,NULL,NULL,18,20,12,619,NULL,91648,'2025-08-02 02:15:44','2025-08-02 02:15:47',0,'Botble\\ACL\\Models\\User',NULL,'physical',NULL,NULL,0,'auto_generate',0,0,0,1),(76,'Miko Wooden Bluetooth Speaker',NULL,NULL,'published','[\"products\\/product-46.jpg\"]',NULL,'NC-137-A0',0,16,0,1,'in_stock',0,1,1,0,388,NULL,NULL,NULL,12,11,14,630,NULL,0,'2025-08-02 02:15:44','2025-08-02 02:15:47',0,'Botble\\ACL\\Models\\User',NULL,'digital',NULL,NULL,0,'auto_generate',0,0,0,NULL),(77,'Gorgeous Wooden Gloves',NULL,NULL,'published','[\"products\\/product-74.jpg\"]',NULL,'NC-156-A0',0,15,0,1,'in_stock',0,7,1,0,292,NULL,NULL,NULL,13,10,15,648,NULL,0,'2025-08-02 02:15:44','2025-08-02 02:15:47',0,'Botble\\ACL\\Models\\User',NULL,'physical',NULL,NULL,0,'auto_generate',0,0,0,NULL),(78,'Gorgeous Wooden Gloves',NULL,NULL,'published','[\"products\\/product-75.jpg\"]',NULL,'NC-156-A0-A1',0,15,0,1,'in_stock',0,7,1,0,292,NULL,NULL,NULL,13,10,15,648,NULL,0,'2025-08-02 02:15:44','2025-08-02 02:15:47',0,'Botble\\ACL\\Models\\User',NULL,'physical',NULL,NULL,0,'auto_generate',0,0,0,NULL),(79,'Pinkol Enormous Granite Bottle',NULL,NULL,'published','[\"products\\/product-94.jpg\"]',NULL,'NC-121-A0',0,10,0,1,'in_stock',0,5,1,0,211,NULL,NULL,NULL,19,11,19,693,NULL,0,'2025-08-02 02:15:44','2025-08-02 02:15:47',0,'Botble\\ACL\\Models\\User',NULL,'physical',NULL,NULL,0,'auto_generate',0,0,0,NULL),(80,'Pinkol Enormous Granite Bottle',NULL,NULL,'published','[\"products\\/product-25.jpg\"]',NULL,'NC-121-A0-A1',0,10,0,1,'in_stock',0,5,1,0,211,NULL,NULL,NULL,19,11,19,693,NULL,0,'2025-08-02 02:15:44','2025-08-02 02:15:47',0,'Botble\\ACL\\Models\\User',NULL,'physical',NULL,NULL,0,'auto_generate',0,0,0,NULL),(81,'Gorgeous Aluminum Table',NULL,NULL,'published','[\"products\\/product-64.jpg\"]',NULL,'NC-125-A0',0,16,0,1,'in_stock',0,2,1,0,386,270.2,NULL,NULL,20,13,17,562,NULL,0,'2025-08-02 02:15:44','2025-08-02 02:15:47',0,'Botble\\ACL\\Models\\User',NULL,'physical',NULL,NULL,0,'auto_generate',0,0,0,NULL),(82,'Evo Lightweight Granite Shirt',NULL,NULL,'published','[\"products\\/product-21.jpg\"]',NULL,'NC-145-A0',0,10,0,1,'in_stock',0,4,1,0,385,NULL,NULL,NULL,14,12,17,600,NULL,0,'2025-08-02 02:15:44','2025-08-02 02:15:47',0,'Botble\\ACL\\Models\\User',NULL,'digital',NULL,NULL,0,'auto_generate',0,0,0,NULL),(83,'Evo Lightweight Granite Shirt',NULL,NULL,'published','[\"products\\/product-48.jpg\"]',NULL,'NC-145-A0-A1',0,10,0,1,'in_stock',0,4,1,0,385,NULL,NULL,NULL,14,12,17,600,NULL,0,'2025-08-02 02:15:44','2025-08-02 02:15:47',0,'Botble\\ACL\\Models\\User',NULL,'digital',NULL,NULL,0,'auto_generate',0,0,0,NULL),(84,'CLCo. Incredible Paper Car',NULL,NULL,'published','[\"products\\/product-75.jpg\"]',NULL,'NC-189-A0',0,11,0,1,'in_stock',0,7,1,0,423,NULL,NULL,NULL,10,17,17,617,NULL,0,'2025-08-02 02:15:44','2025-08-02 02:15:47',0,'Botble\\ACL\\Models\\User',NULL,'physical',NULL,NULL,0,'auto_generate',0,0,0,NULL),(85,'CLCo. Incredible Paper Car',NULL,NULL,'published','[\"products\\/product-67.jpg\"]',NULL,'NC-189-A0-A1',0,11,0,1,'in_stock',0,7,1,0,423,NULL,NULL,NULL,10,17,17,617,NULL,0,'2025-08-02 02:15:44','2025-08-02 02:15:47',0,'Botble\\ACL\\Models\\User',NULL,'physical',NULL,NULL,0,'auto_generate',0,0,0,NULL),(86,'CLCo. Incredible Paper Car',NULL,NULL,'published','[\"products\\/product-20.jpg\"]',NULL,'NC-189-A0-A2',0,11,0,1,'in_stock',0,7,1,0,423,NULL,NULL,NULL,10,17,17,617,NULL,0,'2025-08-02 02:15:45','2025-08-02 02:15:47',0,'Botble\\ACL\\Models\\User',NULL,'physical',NULL,NULL,0,'auto_generate',0,0,0,NULL),(87,'CLCo. Incredible Paper Car',NULL,NULL,'published','[\"products\\/product-47.jpg\"]',NULL,'NC-189-A0-A3',0,11,0,1,'in_stock',0,7,1,0,423,NULL,NULL,NULL,10,17,17,617,NULL,0,'2025-08-02 02:15:45','2025-08-02 02:15:47',0,'Botble\\ACL\\Models\\User',NULL,'physical',NULL,NULL,0,'auto_generate',0,0,0,NULL),(88,'CLCo. Incredible Paper Car',NULL,NULL,'published','[\"products\\/product-58.jpg\"]',NULL,'NC-189-A0-A4',0,11,0,1,'in_stock',0,7,1,0,423,NULL,NULL,NULL,10,17,17,617,NULL,0,'2025-08-02 02:15:45','2025-08-02 02:15:47',0,'Botble\\ACL\\Models\\User',NULL,'physical',NULL,NULL,0,'auto_generate',0,0,0,NULL),(89,'Progash Durable Granite Hat',NULL,NULL,'published','[\"products\\/product-10.jpg\"]',NULL,'NC-129-A0',0,18,0,1,'in_stock',0,4,1,0,413,NULL,NULL,NULL,11,19,11,668,NULL,0,'2025-08-02 02:15:45','2025-08-02 02:15:47',0,'Botble\\ACL\\Models\\User',NULL,'physical',NULL,NULL,0,'auto_generate',0,0,0,NULL),(90,'Progash Durable Granite Hat',NULL,NULL,'published','[\"products\\/product-8.jpg\"]',NULL,'NC-129-A0-A1',0,18,0,1,'in_stock',0,4,1,0,413,NULL,NULL,NULL,11,19,11,668,NULL,0,'2025-08-02 02:15:45','2025-08-02 02:15:47',0,'Botble\\ACL\\Models\\User',NULL,'physical',NULL,NULL,0,'auto_generate',0,0,0,NULL),(91,'Purab Enormous Miranda Bottle',NULL,NULL,'published','[\"products\\/product-13.jpg\"]',NULL,'NC-154-A0',0,10,0,1,'in_stock',0,7,1,0,226,164.98,NULL,NULL,18,13,12,648,NULL,0,'2025-08-02 02:15:45','2025-08-02 02:15:47',0,'Botble\\ACL\\Models\\User',NULL,'physical',NULL,NULL,0,'auto_generate',0,0,0,NULL),(92,'Purab Enormous Miranda Bottle',NULL,NULL,'published','[\"products\\/product-44.jpg\"]',NULL,'NC-154-A0-A1',0,10,0,1,'in_stock',0,7,1,0,226,158.2,NULL,NULL,18,13,12,648,NULL,0,'2025-08-02 02:15:45','2025-08-02 02:15:47',0,'Botble\\ACL\\Models\\User',NULL,'physical',NULL,NULL,0,'auto_generate',0,0,0,NULL),(93,'Purab Enormous Miranda Bottle',NULL,NULL,'published','[\"products\\/product-39.jpg\"]',NULL,'NC-154-A0-A2',0,10,0,1,'in_stock',0,7,1,0,226,180.8,NULL,NULL,18,13,12,648,NULL,0,'2025-08-02 02:15:45','2025-08-02 02:15:47',0,'Botble\\ACL\\Models\\User',NULL,'physical',NULL,NULL,0,'auto_generate',0,0,0,NULL),(94,'Miklonda Co. Crafted Candles',NULL,NULL,'published','[\"products\\/product-34.jpg\"]',NULL,'NC-130-A0',0,19,0,1,'in_stock',0,6,1,0,270,NULL,NULL,NULL,18,12,14,518,NULL,0,'2025-08-02 02:15:45','2025-08-02 02:15:47',0,'Botble\\ACL\\Models\\User',NULL,'digital',NULL,NULL,0,'auto_generate',0,0,0,NULL),(95,'Pinkol Enormous Granite Bottle',NULL,NULL,'published','[\"products\\/product-3.jpg\"]',NULL,'NC-120-A0',0,11,0,1,'in_stock',0,4,1,0,498,NULL,NULL,NULL,11,14,12,735,NULL,0,'2025-08-02 02:15:45','2025-08-02 02:15:47',0,'Botble\\ACL\\Models\\User',NULL,'physical',NULL,NULL,0,'auto_generate',0,0,0,NULL),(96,'Pinkol Enormous Granite Bottle',NULL,NULL,'published','[\"products\\/product-33.jpg\"]',NULL,'NC-120-A0-A1',0,11,0,1,'in_stock',0,4,1,0,498,NULL,NULL,NULL,11,14,12,735,NULL,0,'2025-08-02 02:15:45','2025-08-02 02:15:47',0,'Botble\\ACL\\Models\\User',NULL,'physical',NULL,NULL,0,'auto_generate',0,0,0,NULL),(97,'Dual Camera 20MP',NULL,NULL,'published','[\"products\\/product-85.jpg\"]',NULL,'NC-184-A0',0,19,0,1,'in_stock',0,5,1,0,310,NULL,NULL,NULL,12,11,10,706,NULL,0,'2025-08-02 02:15:45','2025-08-02 02:15:47',0,'Botble\\ACL\\Models\\User',NULL,'physical',NULL,NULL,0,'auto_generate',0,0,0,NULL),(98,'Dual Camera 20MP',NULL,NULL,'published','[\"products\\/product-32.jpg\"]',NULL,'NC-184-A0-A1',0,19,0,1,'in_stock',0,5,1,0,310,NULL,NULL,NULL,12,11,10,706,NULL,0,'2025-08-02 02:15:45','2025-08-02 02:15:47',0,'Botble\\ACL\\Models\\User',NULL,'physical',NULL,NULL,0,'auto_generate',0,0,0,NULL),(99,'Smart Watches',NULL,NULL,'published','[\"products\\/product-1.jpg\"]',NULL,'NC-132-A0',0,17,0,1,'in_stock',0,3,1,0,400,280,NULL,NULL,17,16,16,864,NULL,0,'2025-08-02 02:15:45','2025-08-02 02:15:47',0,'Botble\\ACL\\Models\\User',NULL,'physical',NULL,NULL,0,'auto_generate',0,0,0,NULL),(100,'Smart Watches',NULL,NULL,'published','[\"products\\/product-42.jpg\"]',NULL,'NC-132-A0-A1',0,17,0,1,'in_stock',0,3,1,0,400,344,NULL,NULL,17,16,16,864,NULL,0,'2025-08-02 02:15:45','2025-08-02 02:15:47',0,'Botble\\ACL\\Models\\User',NULL,'physical',NULL,NULL,0,'auto_generate',0,0,0,NULL),(101,'Beat Headphone',NULL,NULL,'published','[\"products\\/product-71.jpg\"]',NULL,'NC-194-A0',0,20,0,1,'in_stock',0,3,1,0,292,NULL,NULL,NULL,20,17,10,503,NULL,0,'2025-08-02 02:15:45','2025-08-02 02:15:47',0,'Botble\\ACL\\Models\\User',NULL,'digital',NULL,NULL,0,'auto_generate',0,0,0,NULL),(102,'Red & Black Headphone',NULL,NULL,'published','[\"products\\/product-88.jpg\"]',NULL,'NC-192-A0',0,18,0,1,'in_stock',0,3,1,0,367,NULL,NULL,NULL,20,18,18,847,NULL,0,'2025-08-02 02:15:45','2025-08-02 02:15:47',0,'Botble\\ACL\\Models\\User',NULL,'physical',NULL,NULL,0,'auto_generate',0,0,0,NULL),(103,'Red & Black Headphone',NULL,NULL,'published','[\"products\\/product-54.jpg\"]',NULL,'NC-192-A0-A1',0,18,0,1,'in_stock',0,3,1,0,367,NULL,NULL,NULL,20,18,18,847,NULL,0,'2025-08-02 02:15:45','2025-08-02 02:15:47',0,'Botble\\ACL\\Models\\User',NULL,'physical',NULL,NULL,0,'auto_generate',0,0,0,NULL),(104,'Red & Black Headphone',NULL,NULL,'published','[\"products\\/product-39.jpg\"]',NULL,'NC-192-A0-A2',0,18,0,1,'in_stock',0,3,1,0,367,NULL,NULL,NULL,20,18,18,847,NULL,0,'2025-08-02 02:15:45','2025-08-02 02:15:47',0,'Botble\\ACL\\Models\\User',NULL,'physical',NULL,NULL,0,'auto_generate',0,0,0,NULL),(105,'Smart Watch External',NULL,NULL,'published','[\"products\\/product-68.jpg\"]',NULL,'NC-170-A0',0,11,0,1,'in_stock',0,7,1,0,389,NULL,NULL,NULL,18,15,17,512,NULL,0,'2025-08-02 02:15:45','2025-08-02 02:15:47',0,'Botble\\ACL\\Models\\User',NULL,'physical',NULL,NULL,0,'auto_generate',0,0,0,NULL),(106,'Smart Watch External',NULL,NULL,'published','[\"products\\/product-53.jpg\"]',NULL,'NC-170-A0-A1',0,11,0,1,'in_stock',0,7,1,0,389,NULL,NULL,NULL,18,15,17,512,NULL,0,'2025-08-02 02:15:45','2025-08-02 02:15:47',0,'Botble\\ACL\\Models\\User',NULL,'physical',NULL,NULL,0,'auto_generate',0,0,0,NULL),(107,'Smart Watch External',NULL,NULL,'published','[\"products\\/product-87.jpg\"]',NULL,'NC-170-A0-A2',0,11,0,1,'in_stock',0,7,1,0,389,NULL,NULL,NULL,18,15,17,512,NULL,0,'2025-08-02 02:15:45','2025-08-02 02:15:47',0,'Botble\\ACL\\Models\\User',NULL,'physical',NULL,NULL,0,'auto_generate',0,0,0,NULL),(108,'Nikon HD camera',NULL,NULL,'published','[\"products\\/product-25.jpg\"]',NULL,'NC-109-A0',0,12,0,1,'in_stock',0,1,1,0,400,352,NULL,NULL,20,16,12,528,NULL,0,'2025-08-02 02:15:45','2025-08-02 02:15:47',0,'Botble\\ACL\\Models\\User',NULL,'physical',NULL,NULL,0,'auto_generate',0,0,0,NULL),(109,'Audio Equipment',NULL,NULL,'published','[\"products\\/product-53.jpg\"]',NULL,'NC-176-A0',0,10,0,1,'in_stock',0,6,1,0,382,NULL,NULL,NULL,13,18,18,615,NULL,0,'2025-08-02 02:15:45','2025-08-02 02:15:47',0,'Botble\\ACL\\Models\\User',NULL,'digital',NULL,NULL,0,'auto_generate',0,0,0,NULL),(110,'Audio Equipment',NULL,NULL,'published','[\"products\\/product-54.jpg\"]',NULL,'NC-176-A0-A1',0,10,0,1,'in_stock',0,6,1,0,382,NULL,NULL,NULL,13,18,18,615,NULL,0,'2025-08-02 02:15:45','2025-08-02 02:15:47',0,'Botble\\ACL\\Models\\User',NULL,'digital',NULL,NULL,0,'auto_generate',0,0,0,NULL),(111,'Smart Televisions',NULL,NULL,'published','[\"products\\/product-43.jpg\"]',NULL,'NC-175-A0',0,15,0,1,'in_stock',0,3,1,0,475,NULL,NULL,NULL,20,12,19,864,NULL,0,'2025-08-02 02:15:45','2025-08-02 02:15:47',0,'Botble\\ACL\\Models\\User',NULL,'physical',NULL,NULL,0,'auto_generate',0,0,0,NULL),(112,'Smart Televisions',NULL,NULL,'published','[\"products\\/product-56.jpg\"]',NULL,'NC-175-A0-A1',0,15,0,1,'in_stock',0,3,1,0,475,NULL,NULL,NULL,20,12,19,864,NULL,0,'2025-08-02 02:15:45','2025-08-02 02:15:47',0,'Botble\\ACL\\Models\\User',NULL,'physical',NULL,NULL,0,'auto_generate',0,0,0,NULL),(113,'Smart Televisions',NULL,NULL,'published','[\"products\\/product-66.jpg\"]',NULL,'NC-175-A0-A2',0,15,0,1,'in_stock',0,3,1,0,475,NULL,NULL,NULL,20,12,19,864,NULL,0,'2025-08-02 02:15:45','2025-08-02 02:15:47',0,'Botble\\ACL\\Models\\User',NULL,'physical',NULL,NULL,0,'auto_generate',0,0,0,NULL),(114,'Smart Televisions',NULL,NULL,'published','[\"products\\/product-91.jpg\"]',NULL,'NC-175-A0-A3',0,15,0,1,'in_stock',0,3,1,0,475,NULL,NULL,NULL,20,12,19,864,NULL,0,'2025-08-02 02:15:45','2025-08-02 02:15:47',0,'Botble\\ACL\\Models\\User',NULL,'physical',NULL,NULL,0,'auto_generate',0,0,0,NULL),(115,'Samsung Smart Phone',NULL,NULL,'published','[\"products\\/product-66.jpg\"]',NULL,'NC-168-A0',0,16,0,1,'in_stock',0,7,1,0,319,NULL,NULL,NULL,18,20,19,532,NULL,0,'2025-08-02 02:15:45','2025-08-02 02:15:47',0,'Botble\\ACL\\Models\\User',NULL,'physical',NULL,NULL,0,'auto_generate',0,0,0,NULL),(116,'Samsung Smart Phone',NULL,NULL,'published','[\"products\\/product-13.jpg\"]',NULL,'NC-168-A0-A1',0,16,0,1,'in_stock',0,7,1,0,319,NULL,NULL,NULL,18,20,19,532,NULL,0,'2025-08-02 02:15:45','2025-08-02 02:15:47',0,'Botble\\ACL\\Models\\User',NULL,'physical',NULL,NULL,0,'auto_generate',0,0,0,NULL),(117,'Samsung Smart Phone',NULL,NULL,'published','[\"products\\/product-20.jpg\"]',NULL,'NC-168-A0-A2',0,16,0,1,'in_stock',0,7,1,0,319,NULL,NULL,NULL,18,20,19,532,NULL,0,'2025-08-02 02:15:45','2025-08-02 02:15:47',0,'Botble\\ACL\\Models\\User',NULL,'physical',NULL,NULL,0,'auto_generate',0,0,0,NULL),(118,'Samsung Smart Phone',NULL,NULL,'published','[\"products\\/product-47.jpg\"]',NULL,'NC-168-A0-A3',0,16,0,1,'in_stock',0,7,1,0,319,NULL,NULL,NULL,18,20,19,532,NULL,0,'2025-08-02 02:15:45','2025-08-02 02:15:47',0,'Botble\\ACL\\Models\\User',NULL,'physical',NULL,NULL,0,'auto_generate',0,0,0,NULL),(119,'Herschel Leather Duffle Bag In Brown Color',NULL,NULL,'published','[\"products\\/product-27.jpg\"]',NULL,'NC-154-A0',0,15,0,1,'in_stock',0,7,1,0,499,409.18,NULL,NULL,10,11,20,877,NULL,0,'2025-08-02 02:15:45','2025-08-02 02:15:47',0,'Botble\\ACL\\Models\\User',NULL,'physical',NULL,NULL,0,'auto_generate',0,0,0,NULL),(120,'Herschel Leather Duffle Bag In Brown Color',NULL,NULL,'published','[\"products\\/product-7.jpg\"]',NULL,'NC-154-A0-A1',0,15,0,1,'in_stock',0,7,1,0,499,359.28,NULL,NULL,10,11,20,877,NULL,0,'2025-08-02 02:15:45','2025-08-02 02:15:47',0,'Botble\\ACL\\Models\\User',NULL,'physical',NULL,NULL,0,'auto_generate',0,0,0,NULL),(121,'Xbox One Wireless Controller Black Color',NULL,NULL,'published','[\"products\\/product-56.jpg\"]',NULL,'NC-146-A0',0,20,0,1,'in_stock',0,3,1,0,448,NULL,NULL,NULL,19,12,19,854,NULL,0,'2025-08-02 02:15:45','2025-08-02 02:15:47',0,'Botble\\ACL\\Models\\User',NULL,'digital',NULL,NULL,0,'auto_generate',0,0,0,NULL),(122,'Xbox One Wireless Controller Black Color',NULL,NULL,'published','[\"products\\/product-73.jpg\"]',NULL,'NC-146-A0-A1',0,20,0,1,'in_stock',0,3,1,0,448,NULL,NULL,NULL,19,12,19,854,NULL,0,'2025-08-02 02:15:45','2025-08-02 02:15:47',0,'Botble\\ACL\\Models\\User',NULL,'digital',NULL,NULL,0,'auto_generate',0,0,0,NULL),(123,'Xbox One Wireless Controller Black Color',NULL,NULL,'published','[\"products\\/product-88.jpg\"]',NULL,'NC-146-A0-A2',0,20,0,1,'in_stock',0,3,1,0,448,NULL,NULL,NULL,19,12,19,854,NULL,0,'2025-08-02 02:15:45','2025-08-02 02:15:47',0,'Botble\\ACL\\Models\\User',NULL,'digital',NULL,NULL,0,'auto_generate',0,0,0,NULL),(124,'Xbox One Wireless Controller Black Color',NULL,NULL,'published','[\"products\\/product-47.jpg\"]',NULL,'NC-146-A0-A3',0,20,0,1,'in_stock',0,3,1,0,448,NULL,NULL,NULL,19,12,19,854,NULL,0,'2025-08-02 02:15:45','2025-08-02 02:15:47',0,'Botble\\ACL\\Models\\User',NULL,'digital',NULL,NULL,0,'auto_generate',0,0,0,NULL),(125,'EPSION Plaster Printer',NULL,NULL,'published','[\"products\\/product-46.jpg\"]',NULL,'NC-163-A0',0,12,0,1,'in_stock',0,5,1,0,386,NULL,NULL,NULL,20,17,16,810,NULL,0,'2025-08-02 02:15:45','2025-08-02 02:15:47',0,'Botble\\ACL\\Models\\User',NULL,'physical',NULL,NULL,0,'auto_generate',0,0,0,NULL),(126,'EPSION Plaster Printer',NULL,NULL,'published','[\"products\\/product-1.jpg\"]',NULL,'NC-163-A0-A1',0,12,0,1,'in_stock',0,5,1,0,386,NULL,NULL,NULL,20,17,16,810,NULL,0,'2025-08-02 02:15:45','2025-08-02 02:15:47',0,'Botble\\ACL\\Models\\User',NULL,'physical',NULL,NULL,0,'auto_generate',0,0,0,NULL),(127,'EPSION Plaster Printer',NULL,NULL,'published','[\"products\\/product-44.jpg\"]',NULL,'NC-163-A0-A2',0,12,0,1,'in_stock',0,5,1,0,386,NULL,NULL,NULL,20,17,16,810,NULL,0,'2025-08-02 02:15:45','2025-08-02 02:15:47',0,'Botble\\ACL\\Models\\User',NULL,'physical',NULL,NULL,0,'auto_generate',0,0,0,NULL),(128,'Sound Intone I65 Earphone White Version',NULL,NULL,'published','[\"products\\/product-54.jpg\"]',NULL,'NC-157-A0',0,11,0,1,'in_stock',0,2,1,0,273,NULL,NULL,NULL,16,20,18,514,NULL,0,'2025-08-02 02:15:45','2025-08-02 02:15:47',0,'Botble\\ACL\\Models\\User',NULL,'physical',NULL,NULL,0,'auto_generate',0,0,0,NULL),(129,'Sound Intone I65 Earphone White Version',NULL,NULL,'published','[\"products\\/product-47.jpg\"]',NULL,'NC-157-A0-A1',0,11,0,1,'in_stock',0,2,1,0,273,NULL,NULL,NULL,16,20,18,514,NULL,0,'2025-08-02 02:15:45','2025-08-02 02:15:47',0,'Botble\\ACL\\Models\\User',NULL,'physical',NULL,NULL,0,'auto_generate',0,0,0,NULL),(130,'Sound Intone I65 Earphone White Version',NULL,NULL,'published','[\"products\\/product-87.jpg\"]',NULL,'NC-157-A0-A2',0,11,0,1,'in_stock',0,2,1,0,273,NULL,NULL,NULL,16,20,18,514,NULL,0,'2025-08-02 02:15:45','2025-08-02 02:15:47',0,'Botble\\ACL\\Models\\User',NULL,'physical',NULL,NULL,0,'auto_generate',0,0,0,NULL),(131,'B&O Play Mini Bluetooth Speaker',NULL,NULL,'published','[\"products\\/product-95.jpg\"]',NULL,'NC-175-A0',0,10,0,1,'in_stock',0,4,1,0,300,225,NULL,NULL,16,11,10,660,NULL,0,'2025-08-02 02:15:45','2025-08-02 02:15:47',0,'Botble\\ACL\\Models\\User',NULL,'physical',NULL,NULL,0,'auto_generate',0,0,0,NULL),(132,'Apple MacBook Air Retina 13.3-Inch Laptop',NULL,NULL,'published','[\"products\\/product-83.jpg\"]',NULL,'NC-162-A0',0,10,0,1,'in_stock',0,5,1,0,421,NULL,NULL,NULL,12,16,10,549,NULL,0,'2025-08-02 02:15:45','2025-08-02 02:15:47',0,'Botble\\ACL\\Models\\User',NULL,'digital',NULL,NULL,0,'auto_generate',0,0,0,NULL),(133,'Apple MacBook Air Retina 13.3-Inch Laptop',NULL,NULL,'published','[\"products\\/product-39.jpg\"]',NULL,'NC-162-A0-A1',0,10,0,1,'in_stock',0,5,1,0,421,NULL,NULL,NULL,12,16,10,549,NULL,0,'2025-08-02 02:15:45','2025-08-02 02:15:47',0,'Botble\\ACL\\Models\\User',NULL,'digital',NULL,NULL,0,'auto_generate',0,0,0,NULL),(134,'Apple MacBook Air Retina 13.3-Inch Laptop',NULL,NULL,'published','[\"products\\/product-74.jpg\"]',NULL,'NC-162-A0-A2',0,10,0,1,'in_stock',0,5,1,0,421,NULL,NULL,NULL,12,16,10,549,NULL,0,'2025-08-02 02:15:45','2025-08-02 02:15:47',0,'Botble\\ACL\\Models\\User',NULL,'digital',NULL,NULL,0,'auto_generate',0,0,0,NULL),(135,'Apple MacBook Air Retina 13.3-Inch Laptop',NULL,NULL,'published','[\"products\\/product-49.jpg\"]',NULL,'NC-162-A0-A3',0,10,0,1,'in_stock',0,5,1,0,421,NULL,NULL,NULL,12,16,10,549,NULL,0,'2025-08-02 02:15:45','2025-08-02 02:15:47',0,'Botble\\ACL\\Models\\User',NULL,'digital',NULL,NULL,0,'auto_generate',0,0,0,NULL),(136,'Apple MacBook Air Retina 12-Inch Laptop',NULL,NULL,'published','[\"products\\/product-86.jpg\"]',NULL,'NC-147-A0',0,19,0,1,'in_stock',0,2,1,0,244,NULL,NULL,NULL,15,10,16,773,NULL,0,'2025-08-02 02:15:45','2025-08-02 02:15:47',0,'Botble\\ACL\\Models\\User',NULL,'physical',NULL,NULL,0,'auto_generate',0,0,0,NULL),(137,'Samsung Gear VR Virtual Reality Headset',NULL,NULL,'published','[\"products\\/product-18.jpg\"]',NULL,'NC-187-A0',0,15,0,1,'in_stock',0,3,1,0,493,NULL,NULL,NULL,10,13,20,551,NULL,0,'2025-08-02 02:15:45','2025-08-02 02:15:47',0,'Botble\\ACL\\Models\\User',NULL,'physical',NULL,NULL,0,'auto_generate',0,0,0,NULL),(138,'Samsung Gear VR Virtual Reality Headset',NULL,NULL,'published','[\"products\\/product-89.jpg\"]',NULL,'NC-187-A0-A1',0,15,0,1,'in_stock',0,3,1,0,493,NULL,NULL,NULL,10,13,20,551,NULL,0,'2025-08-02 02:15:45','2025-08-02 02:15:47',0,'Botble\\ACL\\Models\\User',NULL,'physical',NULL,NULL,0,'auto_generate',0,0,0,NULL),(139,'Samsung Gear VR Virtual Reality Headset',NULL,NULL,'published','[\"products\\/product-64.jpg\"]',NULL,'NC-187-A0-A2',0,15,0,1,'in_stock',0,3,1,0,493,NULL,NULL,NULL,10,13,20,551,NULL,0,'2025-08-02 02:15:45','2025-08-02 02:15:47',0,'Botble\\ACL\\Models\\User',NULL,'physical',NULL,NULL,0,'auto_generate',0,0,0,NULL),(140,'Samsung Gear VR Virtual Reality Headset',NULL,NULL,'published','[\"products\\/product-65.jpg\"]',NULL,'NC-187-A0-A3',0,15,0,1,'in_stock',0,3,1,0,493,NULL,NULL,NULL,10,13,20,551,NULL,0,'2025-08-02 02:15:45','2025-08-02 02:15:47',0,'Botble\\ACL\\Models\\User',NULL,'physical',NULL,NULL,0,'auto_generate',0,0,0,NULL),(141,'Aveeno Moisturizing Body Shower 450ml',NULL,NULL,'published','[\"products\\/product-4.jpg\"]',NULL,'NC-159-A0',0,20,0,1,'in_stock',0,7,1,0,245,183.75,NULL,NULL,19,13,19,787,NULL,0,'2025-08-02 02:15:45','2025-08-02 02:15:47',0,'Botble\\ACL\\Models\\User',NULL,'physical',NULL,NULL,0,'auto_generate',0,0,0,NULL),(142,'Aveeno Moisturizing Body Shower 450ml',NULL,NULL,'published','[\"products\\/product-6.jpg\"]',NULL,'NC-159-A0-A1',0,20,0,1,'in_stock',0,7,1,0,245,178.85,NULL,NULL,19,13,19,787,NULL,0,'2025-08-02 02:15:45','2025-08-02 02:15:47',0,'Botble\\ACL\\Models\\User',NULL,'physical',NULL,NULL,0,'auto_generate',0,0,0,NULL),(143,'Aveeno Moisturizing Body Shower 450ml',NULL,NULL,'published','[\"products\\/product-52.jpg\"]',NULL,'NC-159-A0-A2',0,20,0,1,'in_stock',0,7,1,0,245,193.55,NULL,NULL,19,13,19,787,NULL,0,'2025-08-02 02:15:45','2025-08-02 02:15:47',0,'Botble\\ACL\\Models\\User',NULL,'physical',NULL,NULL,0,'auto_generate',0,0,0,NULL),(144,'Aveeno Moisturizing Body Shower 450ml',NULL,NULL,'published','[\"products\\/product-5.jpg\"]',NULL,'NC-159-A0-A3',0,20,0,1,'in_stock',0,7,1,0,245,215.6,NULL,NULL,19,13,19,787,NULL,0,'2025-08-02 02:15:45','2025-08-02 02:15:47',0,'Botble\\ACL\\Models\\User',NULL,'physical',NULL,NULL,0,'auto_generate',0,0,0,NULL),(145,'NYX Beauty Couton Pallete Makeup 12',NULL,NULL,'published','[\"products\\/product-59.jpg\"]',NULL,'NC-176-A0',0,15,0,1,'in_stock',0,4,1,0,368,NULL,NULL,NULL,20,14,19,852,NULL,0,'2025-08-02 02:15:45','2025-08-02 02:15:47',0,'Botble\\ACL\\Models\\User',NULL,'digital',NULL,NULL,0,'auto_generate',0,0,0,NULL),(146,'NYX Beauty Couton Pallete Makeup 12',NULL,NULL,'published','[\"products\\/product-50.jpg\"]',NULL,'NC-127-A0',0,10,0,1,'in_stock',0,6,1,0,345,NULL,NULL,NULL,14,10,14,835,NULL,0,'2025-08-02 02:15:45','2025-08-02 02:15:47',0,'Botble\\ACL\\Models\\User',NULL,'physical',NULL,NULL,0,'auto_generate',0,0,0,NULL),(147,'NYX Beauty Couton Pallete Makeup 12',NULL,NULL,'published','[\"products\\/product-81.jpg\"]',NULL,'NC-127-A0-A1',0,10,0,1,'in_stock',0,6,1,0,345,NULL,NULL,NULL,14,10,14,835,NULL,0,'2025-08-02 02:15:45','2025-08-02 02:15:47',0,'Botble\\ACL\\Models\\User',NULL,'physical',NULL,NULL,0,'auto_generate',0,0,0,NULL),(148,'NYX Beauty Couton Pallete Makeup 12',NULL,NULL,'published','[\"products\\/product-73.jpg\"]',NULL,'NC-127-A0-A2',0,10,0,1,'in_stock',0,6,1,0,345,NULL,NULL,NULL,14,10,14,835,NULL,0,'2025-08-02 02:15:45','2025-08-02 02:15:47',0,'Botble\\ACL\\Models\\User',NULL,'physical',NULL,NULL,0,'auto_generate',0,0,0,NULL),(149,'MVMTH Classical Leather Watch In Black',NULL,NULL,'published','[\"products\\/product-82.jpg\"]',NULL,'NC-159-A0',0,18,0,1,'in_stock',0,2,1,0,256,NULL,NULL,NULL,15,17,18,645,NULL,0,'2025-08-02 02:15:45','2025-08-02 02:15:47',0,'Botble\\ACL\\Models\\User',NULL,'physical',NULL,NULL,0,'auto_generate',0,0,0,NULL),(150,'MVMTH Classical Leather Watch In Black',NULL,NULL,'published','[\"products\\/product-7.jpg\"]',NULL,'NC-159-A0-A1',0,18,0,1,'in_stock',0,2,1,0,256,NULL,NULL,NULL,15,17,18,645,NULL,0,'2025-08-02 02:15:45','2025-08-02 02:15:47',0,'Botble\\ACL\\Models\\User',NULL,'physical',NULL,NULL,0,'auto_generate',0,0,0,NULL),(151,'Baxter Care Hair Kit For Bearded Mens',NULL,NULL,'published','[\"products\\/product-82.jpg\"]',NULL,'NC-168-A0',0,15,0,1,'in_stock',0,6,1,0,422,337.6,NULL,NULL,10,13,20,759,NULL,0,'2025-08-02 02:15:45','2025-08-02 02:15:47',0,'Botble\\ACL\\Models\\User',NULL,'physical',NULL,NULL,0,'auto_generate',0,0,0,NULL),(152,'Baxter Care Hair Kit For Bearded Mens',NULL,NULL,'published','[\"products\\/product-23.jpg\"]',NULL,'NC-168-A0-A1',0,15,0,1,'in_stock',0,6,1,0,422,367.14,NULL,NULL,10,13,20,759,NULL,0,'2025-08-02 02:15:45','2025-08-02 02:15:47',0,'Botble\\ACL\\Models\\User',NULL,'physical',NULL,NULL,0,'auto_generate',0,0,0,NULL),(153,'Baxter Care Hair Kit For Bearded Mens',NULL,NULL,'published','[\"products\\/product-16.jpg\"]',NULL,'NC-168-A0-A2',0,15,0,1,'in_stock',0,6,1,0,422,329.16,NULL,NULL,10,13,20,759,NULL,0,'2025-08-02 02:15:45','2025-08-02 02:15:47',0,'Botble\\ACL\\Models\\User',NULL,'physical',NULL,NULL,0,'auto_generate',0,0,0,NULL),(154,'Ciate Palemore Lipstick Bold Red Color',NULL,NULL,'published','[\"products\\/product-83.jpg\"]',NULL,'NC-172-A0',0,10,0,1,'in_stock',0,3,1,0,493,NULL,NULL,NULL,11,16,18,585,NULL,0,'2025-08-02 02:15:45','2025-08-02 02:15:47',0,'Botble\\ACL\\Models\\User',NULL,'digital',NULL,NULL,0,'auto_generate',0,0,0,NULL),(155,'Ciate Palemore Lipstick Bold Red Color',NULL,NULL,'published','[\"products\\/product-66.jpg\"]',NULL,'NC-172-A0-A1',0,10,0,1,'in_stock',0,3,1,0,493,NULL,NULL,NULL,11,16,18,585,NULL,0,'2025-08-02 02:15:45','2025-08-02 02:15:47',0,'Botble\\ACL\\Models\\User',NULL,'digital',NULL,NULL,0,'auto_generate',0,0,0,NULL),(156,'Ciate Palemore Lipstick Bold Red Color',NULL,NULL,'published','[\"products\\/product-85.jpg\"]',NULL,'NC-172-A0-A2',0,10,0,1,'in_stock',0,3,1,0,493,NULL,NULL,NULL,11,16,18,585,NULL,0,'2025-08-02 02:15:45','2025-08-02 02:15:47',0,'Botble\\ACL\\Models\\User',NULL,'digital',NULL,NULL,0,'auto_generate',0,0,0,NULL),(157,'Ciate Palemore Lipstick Bold Red Color',NULL,NULL,'published','[\"products\\/product-27.jpg\"]',NULL,'NC-172-A0-A3',0,10,0,1,'in_stock',0,3,1,0,493,NULL,NULL,NULL,11,16,18,585,NULL,0,'2025-08-02 02:15:45','2025-08-02 02:15:47',0,'Botble\\ACL\\Models\\User',NULL,'digital',NULL,NULL,0,'auto_generate',0,0,0,NULL),(158,'Vimto Squash Remix Apple 1.5 Litres',NULL,NULL,'published','[\"products\\/product-41.jpg\"]',NULL,'NC-196-A0',0,20,0,1,'in_stock',0,2,1,0,270,NULL,NULL,NULL,16,13,16,554,NULL,0,'2025-08-02 02:15:45','2025-08-02 02:15:47',0,'Botble\\ACL\\Models\\User',NULL,'physical',NULL,NULL,0,'auto_generate',0,0,0,NULL),(159,'Crock Pot Slow Cooker',NULL,NULL,'published','[\"products\\/product-41.jpg\"]',NULL,'NC-138-A0',0,16,0,1,'in_stock',0,4,1,0,379,NULL,NULL,NULL,18,16,12,764,NULL,0,'2025-08-02 02:15:45','2025-08-02 02:15:47',0,'Botble\\ACL\\Models\\User',NULL,'physical',NULL,NULL,0,'auto_generate',0,0,0,NULL),(160,'Crock Pot Slow Cooker',NULL,NULL,'published','[\"products\\/product-80.jpg\"]',NULL,'NC-138-A0-A1',0,16,0,1,'in_stock',0,4,1,0,379,NULL,NULL,NULL,18,16,12,764,NULL,0,'2025-08-02 02:15:45','2025-08-02 02:15:47',0,'Botble\\ACL\\Models\\User',NULL,'physical',NULL,NULL,0,'auto_generate',0,0,0,NULL),(161,'Crock Pot Slow Cooker',NULL,NULL,'published','[\"products\\/product-12.jpg\"]',NULL,'NC-138-A0-A2',0,16,0,1,'in_stock',0,4,1,0,379,NULL,NULL,NULL,18,16,12,764,NULL,0,'2025-08-02 02:15:45','2025-08-02 02:15:47',0,'Botble\\ACL\\Models\\User',NULL,'physical',NULL,NULL,0,'auto_generate',0,0,0,NULL),(162,'Taylors of Harrogate Yorkshire Coffee',NULL,NULL,'published','[\"products\\/product-50.jpg\"]',NULL,'NC-185-A0',0,18,0,1,'in_stock',0,4,1,0,421,370.48,NULL,NULL,14,17,13,639,NULL,0,'2025-08-02 02:15:45','2025-08-02 02:15:47',0,'Botble\\ACL\\Models\\User',NULL,'physical',NULL,NULL,0,'auto_generate',0,0,0,NULL),(163,'Taylors of Harrogate Yorkshire Coffee',NULL,NULL,'published','[\"products\\/product-41.jpg\"]',NULL,'NC-185-A0-A1',0,18,0,1,'in_stock',0,4,1,0,421,298.91,NULL,NULL,14,17,13,639,NULL,0,'2025-08-02 02:15:45','2025-08-02 02:15:47',0,'Botble\\ACL\\Models\\User',NULL,'physical',NULL,NULL,0,'auto_generate',0,0,0,NULL),(164,'Soft Mochi & Galeto Ice Cream',NULL,NULL,'published','[\"products\\/product-5.jpg\"]',NULL,'NC-156-A0',0,20,0,1,'in_stock',0,1,1,0,378,NULL,NULL,NULL,19,10,11,635,NULL,0,'2025-08-02 02:15:45','2025-08-02 02:15:47',0,'Botble\\ACL\\Models\\User',NULL,'digital',NULL,NULL,0,'auto_generate',0,0,0,NULL),(165,'Soft Mochi & Galeto Ice Cream',NULL,NULL,'published','[\"products\\/product-92.jpg\"]',NULL,'NC-156-A0-A1',0,20,0,1,'in_stock',0,1,1,0,378,NULL,NULL,NULL,19,10,11,635,NULL,0,'2025-08-02 02:15:45','2025-08-02 02:15:47',0,'Botble\\ACL\\Models\\User',NULL,'digital',NULL,NULL,0,'auto_generate',0,0,0,NULL),(166,'Soft Mochi & Galeto Ice Cream',NULL,NULL,'published','[\"products\\/product-44.jpg\"]',NULL,'NC-156-A0-A2',0,20,0,1,'in_stock',0,1,1,0,378,NULL,NULL,NULL,19,10,11,635,NULL,0,'2025-08-02 02:15:45','2025-08-02 02:15:47',0,'Botble\\ACL\\Models\\User',NULL,'digital',NULL,NULL,0,'auto_generate',0,0,0,NULL),(167,'Soft Mochi & Galeto Ice Cream',NULL,NULL,'published','[\"products\\/product-63.jpg\"]',NULL,'NC-156-A0-A3',0,20,0,1,'in_stock',0,1,1,0,378,NULL,NULL,NULL,19,10,11,635,NULL,0,'2025-08-02 02:15:46','2025-08-02 02:15:47',0,'Botble\\ACL\\Models\\User',NULL,'digital',NULL,NULL,0,'auto_generate',0,0,0,NULL),(168,'Naked Noodle Egg Noodles Singapore',NULL,NULL,'published','[\"products\\/product-6.jpg\"]',NULL,'NC-111-A0',0,10,0,1,'in_stock',0,7,1,0,302,NULL,NULL,NULL,15,13,11,769,NULL,0,'2025-08-02 02:15:46','2025-08-02 02:15:47',0,'Botble\\ACL\\Models\\User',NULL,'physical',NULL,NULL,0,'auto_generate',0,0,0,NULL),(169,'Naked Noodle Egg Noodles Singapore',NULL,NULL,'published','[\"products\\/product-69.jpg\"]',NULL,'NC-111-A0-A1',0,10,0,1,'in_stock',0,7,1,0,302,NULL,NULL,NULL,15,13,11,769,NULL,0,'2025-08-02 02:15:46','2025-08-02 02:15:47',0,'Botble\\ACL\\Models\\User',NULL,'physical',NULL,NULL,0,'auto_generate',0,0,0,NULL),(170,'Saute Pan Silver',NULL,NULL,'published','[\"products\\/product-69.jpg\"]',NULL,'NC-140-A0',0,11,0,1,'in_stock',0,5,1,0,279,NULL,NULL,NULL,19,18,11,557,NULL,0,'2025-08-02 02:15:46','2025-08-02 02:15:47',0,'Botble\\ACL\\Models\\User',NULL,'physical',NULL,NULL,0,'auto_generate',0,0,0,NULL),(171,'Saute Pan Silver',NULL,NULL,'published','[\"products\\/product-71.jpg\"]',NULL,'NC-140-A0-A1',0,11,0,1,'in_stock',0,5,1,0,279,NULL,NULL,NULL,19,18,11,557,NULL,0,'2025-08-02 02:15:46','2025-08-02 02:15:47',0,'Botble\\ACL\\Models\\User',NULL,'physical',NULL,NULL,0,'auto_generate',0,0,0,NULL),(172,'Saute Pan Silver',NULL,NULL,'published','[\"products\\/product-70.jpg\"]',NULL,'NC-140-A0-A2',0,11,0,1,'in_stock',0,5,1,0,279,NULL,NULL,NULL,19,18,11,557,NULL,0,'2025-08-02 02:15:46','2025-08-02 02:15:47',0,'Botble\\ACL\\Models\\User',NULL,'physical',NULL,NULL,0,'auto_generate',0,0,0,NULL),(173,'Saute Pan Silver',NULL,NULL,'published','[\"products\\/product-41.jpg\"]',NULL,'NC-140-A0-A3',0,11,0,1,'in_stock',0,5,1,0,279,NULL,NULL,NULL,19,18,11,557,NULL,0,'2025-08-02 02:15:46','2025-08-02 02:15:47',0,'Botble\\ACL\\Models\\User',NULL,'physical',NULL,NULL,0,'auto_generate',0,0,0,NULL),(174,'Bar S – Classic Bun Length Franks',NULL,NULL,'published','[\"products\\/product-69.jpg\"]',NULL,'NC-130-A0',0,13,0,1,'in_stock',0,5,1,0,427,324.52,NULL,NULL,14,18,12,658,NULL,0,'2025-08-02 02:15:46','2025-08-02 02:15:47',0,'Botble\\ACL\\Models\\User',NULL,'physical',NULL,NULL,0,'auto_generate',0,0,0,NULL),(175,'Bar S – Classic Bun Length Franks',NULL,NULL,'published','[\"products\\/product-86.jpg\"]',NULL,'NC-130-A0-A1',0,13,0,1,'in_stock',0,5,1,0,427,367.22,NULL,NULL,14,18,12,658,NULL,0,'2025-08-02 02:15:46','2025-08-02 02:15:47',0,'Botble\\ACL\\Models\\User',NULL,'physical',NULL,NULL,0,'auto_generate',0,0,0,NULL),(176,'Broccoli Crowns',NULL,NULL,'published','[\"products\\/product-58.jpg\"]',NULL,'NC-109-A0',0,15,0,1,'in_stock',0,4,1,0,483,NULL,NULL,NULL,15,16,19,647,NULL,0,'2025-08-02 02:15:46','2025-08-02 02:15:47',0,'Botble\\ACL\\Models\\User',NULL,'digital',NULL,NULL,0,'auto_generate',0,0,0,NULL),(177,'Broccoli Crowns',NULL,NULL,'published','[\"products\\/product-73.jpg\"]',NULL,'NC-109-A0-A1',0,15,0,1,'in_stock',0,4,1,0,483,NULL,NULL,NULL,15,16,19,647,NULL,0,'2025-08-02 02:15:46','2025-08-02 02:15:47',0,'Botble\\ACL\\Models\\User',NULL,'digital',NULL,NULL,0,'auto_generate',0,0,0,NULL),(178,'Broccoli Crowns',NULL,NULL,'published','[\"products\\/product-53.jpg\"]',NULL,'NC-109-A0-A2',0,15,0,1,'in_stock',0,4,1,0,483,NULL,NULL,NULL,15,16,19,647,NULL,0,'2025-08-02 02:15:46','2025-08-02 02:15:47',0,'Botble\\ACL\\Models\\User',NULL,'digital',NULL,NULL,0,'auto_generate',0,0,0,NULL),(179,'Broccoli Crowns',NULL,NULL,'published','[\"products\\/product-91.jpg\"]',NULL,'NC-109-A0-A3',0,15,0,1,'in_stock',0,4,1,0,483,NULL,NULL,NULL,15,16,19,647,NULL,0,'2025-08-02 02:15:46','2025-08-02 02:15:47',0,'Botble\\ACL\\Models\\User',NULL,'digital',NULL,NULL,0,'auto_generate',0,0,0,NULL),(180,'Broccoli Crowns',NULL,NULL,'published','[\"products\\/product-89.jpg\"]',NULL,'NC-109-A0-A4',0,15,0,1,'in_stock',0,4,1,0,483,NULL,NULL,NULL,15,16,19,647,NULL,0,'2025-08-02 02:15:46','2025-08-02 02:15:47',0,'Botble\\ACL\\Models\\User',NULL,'digital',NULL,NULL,0,'auto_generate',0,0,0,NULL),(181,'Slimming World Vegan Mac Greens',NULL,NULL,'published','[\"products\\/product-13.jpg\"]',NULL,'NC-127-A0',0,18,0,1,'in_stock',0,6,1,0,312,NULL,NULL,NULL,16,17,12,783,NULL,0,'2025-08-02 02:15:46','2025-08-02 02:15:47',0,'Botble\\ACL\\Models\\User',NULL,'physical',NULL,NULL,0,'auto_generate',0,0,0,NULL),(182,'Slimming World Vegan Mac Greens',NULL,NULL,'published','[\"products\\/product-46.jpg\"]',NULL,'NC-127-A0-A1',0,18,0,1,'in_stock',0,6,1,0,312,NULL,NULL,NULL,16,17,12,783,NULL,0,'2025-08-02 02:15:46','2025-08-02 02:15:47',0,'Botble\\ACL\\Models\\User',NULL,'physical',NULL,NULL,0,'auto_generate',0,0,0,NULL),(183,'Slimming World Vegan Mac Greens',NULL,NULL,'published','[\"products\\/product-68.jpg\"]',NULL,'NC-127-A0-A2',0,18,0,1,'in_stock',0,6,1,0,312,NULL,NULL,NULL,16,17,12,783,NULL,0,'2025-08-02 02:15:46','2025-08-02 02:15:47',0,'Botble\\ACL\\Models\\User',NULL,'physical',NULL,NULL,0,'auto_generate',0,0,0,NULL),(184,'Slimming World Vegan Mac Greens',NULL,NULL,'published','[\"products\\/product-79.jpg\"]',NULL,'NC-127-A0-A3',0,18,0,1,'in_stock',0,6,1,0,312,NULL,NULL,NULL,16,17,12,783,NULL,0,'2025-08-02 02:15:46','2025-08-02 02:15:47',0,'Botble\\ACL\\Models\\User',NULL,'physical',NULL,NULL,0,'auto_generate',0,0,0,NULL),(185,'Häagen-Dazs Salted Caramel',NULL,NULL,'published','[\"products\\/product-2.jpg\"]',NULL,'NC-137-A0',0,15,0,1,'in_stock',0,2,1,0,491,NULL,NULL,NULL,19,17,13,816,NULL,0,'2025-08-02 02:15:46','2025-08-02 02:15:47',0,'Botble\\ACL\\Models\\User',NULL,'physical',NULL,NULL,0,'auto_generate',0,0,0,NULL),(186,'Iceland 3 Solo Exotic Burst',NULL,NULL,'published','[\"products\\/product-31.jpg\"]',NULL,'NC-186-A0',0,20,0,1,'in_stock',0,1,1,0,458,380.14,NULL,NULL,17,11,18,702,NULL,0,'2025-08-02 02:15:46','2025-08-02 02:15:47',0,'Botble\\ACL\\Models\\User',NULL,'physical',NULL,NULL,0,'auto_generate',0,0,0,NULL),(187,'Iceland 3 Solo Exotic Burst',NULL,NULL,'published','[\"products\\/product-35.jpg\"]',NULL,'NC-186-A0-A1',0,20,0,1,'in_stock',0,1,1,0,458,357.24,NULL,NULL,17,11,18,702,NULL,0,'2025-08-02 02:15:46','2025-08-02 02:15:47',0,'Botble\\ACL\\Models\\User',NULL,'physical',NULL,NULL,0,'auto_generate',0,0,0,NULL),(188,'Iceland 3 Solo Exotic Burst',NULL,NULL,'published','[\"products\\/product-84.jpg\"]',NULL,'NC-186-A0-A2',0,20,0,1,'in_stock',0,1,1,0,458,412.2,NULL,NULL,17,11,18,702,NULL,0,'2025-08-02 02:15:46','2025-08-02 02:15:47',0,'Botble\\ACL\\Models\\User',NULL,'physical',NULL,NULL,0,'auto_generate',0,0,0,NULL),(189,'Extreme Budweiser Light Can',NULL,NULL,'published','[\"products\\/product-17.jpg\"]',NULL,'NC-106-A0',0,13,0,1,'in_stock',0,2,1,0,297,NULL,NULL,NULL,18,17,15,762,NULL,0,'2025-08-02 02:15:46','2025-08-02 02:15:47',0,'Botble\\ACL\\Models\\User',NULL,'digital',NULL,NULL,0,'auto_generate',0,0,0,NULL),(190,'Iceland Macaroni Cheese Traybake',NULL,NULL,'published','[\"products\\/product-25.jpg\"]',NULL,'NC-105-A0',0,18,0,1,'in_stock',0,5,1,0,346,NULL,NULL,NULL,14,20,13,682,NULL,0,'2025-08-02 02:15:46','2025-08-02 02:15:47',0,'Botble\\ACL\\Models\\User',NULL,'physical',NULL,NULL,0,'auto_generate',0,0,0,NULL),(191,'Iceland Macaroni Cheese Traybake',NULL,NULL,'published','[\"products\\/product-24.jpg\"]',NULL,'NC-105-A0-A1',0,18,0,1,'in_stock',0,5,1,0,346,NULL,NULL,NULL,14,20,13,682,NULL,0,'2025-08-02 02:15:46','2025-08-02 02:15:47',0,'Botble\\ACL\\Models\\User',NULL,'physical',NULL,NULL,0,'auto_generate',0,0,0,NULL),(192,'Iceland Macaroni Cheese Traybake',NULL,NULL,'published','[\"products\\/product-42.jpg\"]',NULL,'NC-105-A0-A2',0,18,0,1,'in_stock',0,5,1,0,346,NULL,NULL,NULL,14,20,13,682,NULL,0,'2025-08-02 02:15:46','2025-08-02 02:15:47',0,'Botble\\ACL\\Models\\User',NULL,'physical',NULL,NULL,0,'auto_generate',0,0,0,NULL),(193,'Dolmio Bolognese Pasta Sauce',NULL,NULL,'published','[\"products\\/product-67.jpg\"]',NULL,'NC-156-A0',0,14,0,1,'in_stock',0,3,1,0,319,NULL,NULL,NULL,10,15,13,539,NULL,0,'2025-08-02 02:15:46','2025-08-02 02:15:47',0,'Botble\\ACL\\Models\\User',NULL,'physical',NULL,NULL,0,'auto_generate',0,0,0,NULL),(194,'Dolmio Bolognese Pasta Sauce',NULL,NULL,'published','[\"products\\/product-22.jpg\"]',NULL,'NC-156-A0-A1',0,14,0,1,'in_stock',0,3,1,0,319,NULL,NULL,NULL,10,15,13,539,NULL,0,'2025-08-02 02:15:46','2025-08-02 02:15:47',0,'Botble\\ACL\\Models\\User',NULL,'physical',NULL,NULL,0,'auto_generate',0,0,0,NULL),(195,'Dolmio Bolognese Pasta Sauce',NULL,NULL,'published','[\"products\\/product-47.jpg\"]',NULL,'NC-156-A0-A2',0,14,0,1,'in_stock',0,3,1,0,319,NULL,NULL,NULL,10,15,13,539,NULL,0,'2025-08-02 02:15:46','2025-08-02 02:15:47',0,'Botble\\ACL\\Models\\User',NULL,'physical',NULL,NULL,0,'auto_generate',0,0,0,NULL),(196,'Dolmio Bolognese Pasta Sauce',NULL,NULL,'published','[\"products\\/product-8.jpg\"]',NULL,'NC-156-A0-A3',0,14,0,1,'in_stock',0,3,1,0,319,NULL,NULL,NULL,10,15,13,539,NULL,0,'2025-08-02 02:15:46','2025-08-02 02:15:47',0,'Botble\\ACL\\Models\\User',NULL,'physical',NULL,NULL,0,'auto_generate',0,0,0,NULL),(197,'Sitema BakeIT Plastic Box',NULL,NULL,'published','[\"products\\/product-91.jpg\"]',NULL,'NC-139-A0',0,10,0,1,'in_stock',0,2,1,0,266,196.84,NULL,NULL,18,14,11,884,NULL,0,'2025-08-02 02:15:46','2025-08-02 02:15:47',0,'Botble\\ACL\\Models\\User',NULL,'physical',NULL,NULL,0,'auto_generate',0,0,0,NULL),(198,'Wayfair Basics Dinner Plate Storage',NULL,NULL,'published','[\"products\\/product-27.jpg\"]',NULL,'NC-137-A0',0,11,0,1,'in_stock',0,2,1,0,435,NULL,NULL,NULL,11,15,17,753,NULL,0,'2025-08-02 02:15:46','2025-08-02 02:15:47',0,'Botble\\ACL\\Models\\User',NULL,'digital',NULL,NULL,0,'auto_generate',0,0,0,NULL),(199,'Wayfair Basics Dinner Plate Storage',NULL,NULL,'published','[\"products\\/product-83.jpg\"]',NULL,'NC-137-A0-A1',0,11,0,1,'in_stock',0,2,1,0,435,NULL,NULL,NULL,11,15,17,753,NULL,0,'2025-08-02 02:15:46','2025-08-02 02:15:47',0,'Botble\\ACL\\Models\\User',NULL,'digital',NULL,NULL,0,'auto_generate',0,0,0,NULL),(200,'Miko The Panda Water Bottle',NULL,NULL,'published','[\"products\\/product-18.jpg\"]',NULL,'NC-173-A0',0,12,0,1,'in_stock',0,7,1,0,263,NULL,NULL,NULL,17,16,11,800,NULL,0,'2025-08-02 02:15:46','2025-08-02 02:15:47',0,'Botble\\ACL\\Models\\User',NULL,'physical',NULL,NULL,0,'auto_generate',0,0,0,NULL),(201,'Miko The Panda Water Bottle',NULL,NULL,'published','[\"products\\/product-24.jpg\"]',NULL,'NC-173-A0-A1',0,12,0,1,'in_stock',0,7,1,0,263,NULL,NULL,NULL,17,16,11,800,NULL,0,'2025-08-02 02:15:46','2025-08-02 02:15:47',0,'Botble\\ACL\\Models\\User',NULL,'physical',NULL,NULL,0,'auto_generate',0,0,0,NULL),(202,'Miko The Panda Water Bottle',NULL,NULL,'published','[\"products\\/product-56.jpg\"]',NULL,'NC-173-A0-A2',0,12,0,1,'in_stock',0,7,1,0,263,NULL,NULL,NULL,17,16,11,800,NULL,0,'2025-08-02 02:15:46','2025-08-02 02:15:47',0,'Botble\\ACL\\Models\\User',NULL,'physical',NULL,NULL,0,'auto_generate',0,0,0,NULL),(203,'Sesame Seed Bread',NULL,NULL,'published','[\"products\\/product-11.jpg\"]',NULL,'NC-122-A0',0,10,0,1,'in_stock',0,3,1,0,325,NULL,NULL,NULL,10,12,20,754,NULL,0,'2025-08-02 02:15:46','2025-08-02 02:15:47',0,'Botble\\ACL\\Models\\User',NULL,'physical',NULL,NULL,0,'auto_generate',0,0,0,NULL),(204,'Sesame Seed Bread',NULL,NULL,'published','[\"products\\/product-21.jpg\"]',NULL,'NC-122-A0-A1',0,10,0,1,'in_stock',0,3,1,0,325,NULL,NULL,NULL,10,12,20,754,NULL,0,'2025-08-02 02:15:46','2025-08-02 02:15:47',0,'Botble\\ACL\\Models\\User',NULL,'physical',NULL,NULL,0,'auto_generate',0,0,0,NULL),(205,'Morrisons The Best Beef',NULL,NULL,'published','[\"products\\/product-17.jpg\"]',NULL,'NC-127-A0',0,16,0,1,'in_stock',0,5,1,0,356,320.4,NULL,NULL,16,17,20,606,NULL,0,'2025-08-02 02:15:46','2025-08-02 02:15:47',0,'Botble\\ACL\\Models\\User',NULL,'physical',NULL,NULL,0,'auto_generate',0,0,0,NULL),(206,'Avocado, Hass Large',NULL,NULL,'published','[\"products\\/product-24.jpg\"]',NULL,'NC-195-A0',0,19,0,1,'in_stock',0,4,1,0,239,NULL,NULL,NULL,14,16,18,631,NULL,0,'2025-08-02 02:15:46','2025-08-02 02:15:47',0,'Botble\\ACL\\Models\\User',NULL,'digital',NULL,NULL,0,'auto_generate',0,0,0,NULL),(207,'Avocado, Hass Large',NULL,NULL,'published','[\"products\\/product-81.jpg\"]',NULL,'NC-195-A0-A1',0,19,0,1,'in_stock',0,4,1,0,239,NULL,NULL,NULL,14,16,18,631,NULL,0,'2025-08-02 02:15:46','2025-08-02 02:15:47',0,'Botble\\ACL\\Models\\User',NULL,'digital',NULL,NULL,0,'auto_generate',0,0,0,NULL),(208,'Italia Beef Lasagne',NULL,NULL,'published','[\"products\\/product-49.jpg\"]',NULL,'NC-178-A0',0,11,0,1,'in_stock',0,2,1,0,405,NULL,NULL,NULL,10,18,20,827,NULL,0,'2025-08-02 02:15:46','2025-08-02 02:15:47',0,'Botble\\ACL\\Models\\User',NULL,'physical',NULL,NULL,0,'auto_generate',0,0,0,NULL),(209,'Italia Beef Lasagne',NULL,NULL,'published','[\"products\\/product-27.jpg\"]',NULL,'NC-178-A0-A1',0,11,0,1,'in_stock',0,2,1,0,405,NULL,NULL,NULL,10,18,20,827,NULL,0,'2025-08-02 02:15:46','2025-08-02 02:15:47',0,'Botble\\ACL\\Models\\User',NULL,'physical',NULL,NULL,0,'auto_generate',0,0,0,NULL),(210,'Italia Beef Lasagne',NULL,NULL,'published','[\"products\\/product-53.jpg\"]',NULL,'NC-178-A0-A2',0,11,0,1,'in_stock',0,2,1,0,405,NULL,NULL,NULL,10,18,20,827,NULL,0,'2025-08-02 02:15:46','2025-08-02 02:15:47',0,'Botble\\ACL\\Models\\User',NULL,'physical',NULL,NULL,0,'auto_generate',0,0,0,NULL),(211,'Italia Beef Lasagne',NULL,NULL,'published','[\"products\\/product-38.jpg\"]',NULL,'NC-178-A0-A3',0,11,0,1,'in_stock',0,2,1,0,405,NULL,NULL,NULL,10,18,20,827,NULL,0,'2025-08-02 02:15:46','2025-08-02 02:15:47',0,'Botble\\ACL\\Models\\User',NULL,'physical',NULL,NULL,0,'auto_generate',0,0,0,NULL),(212,'Italia Beef Lasagne',NULL,NULL,'published','[\"products\\/product-2.jpg\"]',NULL,'NC-178-A0-A4',0,11,0,1,'in_stock',0,2,1,0,405,NULL,NULL,NULL,10,18,20,827,NULL,0,'2025-08-02 02:15:46','2025-08-02 02:15:47',0,'Botble\\ACL\\Models\\User',NULL,'physical',NULL,NULL,0,'auto_generate',0,0,0,NULL),(213,'Maxwell House Classic Roast Mocha',NULL,NULL,'published','[\"products\\/product-28.jpg\"]',NULL,'NC-113-A0',0,19,0,1,'in_stock',0,7,1,0,319,NULL,NULL,NULL,14,18,17,795,NULL,0,'2025-08-02 02:15:46','2025-08-02 02:15:47',0,'Botble\\ACL\\Models\\User',NULL,'physical',NULL,NULL,0,'auto_generate',0,0,0,NULL),(214,'Maxwell House Classic Roast Mocha',NULL,NULL,'published','[\"products\\/product-70.jpg\"]',NULL,'NC-113-A0-A1',0,19,0,1,'in_stock',0,7,1,0,319,NULL,NULL,NULL,14,18,17,795,NULL,0,'2025-08-02 02:15:46','2025-08-02 02:15:47',0,'Botble\\ACL\\Models\\User',NULL,'physical',NULL,NULL,0,'auto_generate',0,0,0,NULL),(215,'Maxwell House Classic Roast Mocha',NULL,NULL,'published','[\"products\\/product-83.jpg\"]',NULL,'NC-113-A0-A2',0,19,0,1,'in_stock',0,7,1,0,319,NULL,NULL,NULL,14,18,17,795,NULL,0,'2025-08-02 02:15:46','2025-08-02 02:15:47',0,'Botble\\ACL\\Models\\User',NULL,'physical',NULL,NULL,0,'auto_generate',0,0,0,NULL),(216,'Bottled Pure Water 500ml',NULL,NULL,'published','[\"products\\/product-82.jpg\"]',NULL,'NC-118-A0',0,18,0,1,'in_stock',0,7,1,0,255,219.3,NULL,NULL,13,15,16,551,NULL,0,'2025-08-02 02:15:46','2025-08-02 02:15:47',0,'Botble\\ACL\\Models\\User',NULL,'physical',NULL,NULL,0,'auto_generate',0,0,0,NULL),(217,'Bottled Pure Water 500ml',NULL,NULL,'published','[\"products\\/product-55.jpg\"]',NULL,'NC-118-A0-A1',0,18,0,1,'in_stock',0,7,1,0,255,209.1,NULL,NULL,13,15,16,551,NULL,0,'2025-08-02 02:15:46','2025-08-02 02:15:47',0,'Botble\\ACL\\Models\\User',NULL,'physical',NULL,NULL,0,'auto_generate',0,0,0,NULL),(218,'Bottled Pure Water 500ml',NULL,NULL,'published','[\"products\\/product-94.jpg\"]',NULL,'NC-118-A0-A2',0,18,0,1,'in_stock',0,7,1,0,255,186.15,NULL,NULL,13,15,16,551,NULL,0,'2025-08-02 02:15:46','2025-08-02 02:15:47',0,'Botble\\ACL\\Models\\User',NULL,'physical',NULL,NULL,0,'auto_generate',0,0,0,NULL),(219,'Bottled Pure Water 500ml',NULL,NULL,'published','[\"products\\/product-1.jpg\"]',NULL,'NC-118-A0-A3',0,18,0,1,'in_stock',0,7,1,0,255,186.15,NULL,NULL,13,15,16,551,NULL,0,'2025-08-02 02:15:46','2025-08-02 02:15:47',0,'Botble\\ACL\\Models\\User',NULL,'physical',NULL,NULL,0,'auto_generate',0,0,0,NULL),(220,'Famart Farmhouse Soft White',NULL,NULL,'published','[\"products\\/product-57.jpg\"]',NULL,'NC-109-A0',0,16,0,1,'in_stock',0,5,1,0,380,NULL,NULL,NULL,18,19,13,818,NULL,0,'2025-08-02 02:15:46','2025-08-02 02:15:47',0,'Botble\\ACL\\Models\\User',NULL,'digital',NULL,NULL,0,'auto_generate',0,0,0,NULL),(221,'Famart Farmhouse Soft White',NULL,NULL,'published','[\"products\\/product-51.jpg\"]',NULL,'NC-109-A0-A1',0,16,0,1,'in_stock',0,5,1,0,380,NULL,NULL,NULL,18,19,13,818,NULL,0,'2025-08-02 02:15:46','2025-08-02 02:15:47',0,'Botble\\ACL\\Models\\User',NULL,'digital',NULL,NULL,0,'auto_generate',0,0,0,NULL),(222,'Famart Farmhouse Soft White',NULL,NULL,'published','[\"products\\/product-10.jpg\"]',NULL,'NC-109-A0-A2',0,16,0,1,'in_stock',0,5,1,0,380,NULL,NULL,NULL,18,19,13,818,NULL,0,'2025-08-02 02:15:46','2025-08-02 02:15:47',0,'Botble\\ACL\\Models\\User',NULL,'digital',NULL,NULL,0,'auto_generate',0,0,0,NULL),(223,'Coca-Cola Original Taste',NULL,NULL,'published','[\"products\\/product-42.jpg\"]',NULL,'NC-149-A0',0,14,0,1,'in_stock',0,6,1,0,435,NULL,NULL,NULL,16,19,20,732,NULL,0,'2025-08-02 02:15:46','2025-08-02 02:15:47',0,'Botble\\ACL\\Models\\User',NULL,'physical',NULL,NULL,0,'auto_generate',0,0,0,NULL),(224,'Coca-Cola Original Taste',NULL,NULL,'published','[\"products\\/product-54.jpg\"]',NULL,'NC-149-A0-A1',0,14,0,1,'in_stock',0,6,1,0,435,NULL,NULL,NULL,16,19,20,732,NULL,0,'2025-08-02 02:15:46','2025-08-02 02:15:47',0,'Botble\\ACL\\Models\\User',NULL,'physical',NULL,NULL,0,'auto_generate',0,0,0,NULL),(225,'Coca-Cola Original Taste',NULL,NULL,'published','[\"products\\/product-33.jpg\"]',NULL,'NC-149-A0-A2',0,14,0,1,'in_stock',0,6,1,0,435,NULL,NULL,NULL,16,19,20,732,NULL,0,'2025-08-02 02:15:46','2025-08-02 02:15:47',0,'Botble\\ACL\\Models\\User',NULL,'physical',NULL,NULL,0,'auto_generate',0,0,0,NULL),(226,'Coca-Cola Original Taste',NULL,NULL,'published','[\"products\\/product-91.jpg\"]',NULL,'NC-149-A0-A3',0,14,0,1,'in_stock',0,6,1,0,435,NULL,NULL,NULL,16,19,20,732,NULL,0,'2025-08-02 02:15:46','2025-08-02 02:15:47',0,'Botble\\ACL\\Models\\User',NULL,'physical',NULL,NULL,0,'auto_generate',0,0,0,NULL),(227,'Casillero Diablo Cabernet Sauvignon',NULL,NULL,'published','[\"products\\/product-26.jpg\"]',NULL,'NC-162-A0',0,18,0,1,'in_stock',0,4,1,0,477,NULL,NULL,NULL,18,10,12,865,NULL,0,'2025-08-02 02:15:46','2025-08-02 02:15:47',0,'Botble\\ACL\\Models\\User',NULL,'physical',NULL,NULL,0,'auto_generate',0,0,0,NULL),(228,'Arla Organic Free Range Milk',NULL,NULL,'published','[\"products\\/product-81.jpg\"]',NULL,'NC-157-A0',0,11,0,1,'in_stock',0,2,1,0,252,201.6,NULL,NULL,18,16,19,885,NULL,0,'2025-08-02 02:15:46','2025-08-02 02:15:47',0,'Botble\\ACL\\Models\\User',NULL,'physical',NULL,NULL,0,'auto_generate',0,0,0,NULL),(229,'Arla Organic Free Range Milk',NULL,NULL,'published','[\"products\\/product-74.jpg\"]',NULL,'NC-157-A0-A1',0,11,0,1,'in_stock',0,2,1,0,252,194.04,NULL,NULL,18,16,19,885,NULL,0,'2025-08-02 02:15:46','2025-08-02 02:15:47',0,'Botble\\ACL\\Models\\User',NULL,'physical',NULL,NULL,0,'auto_generate',0,0,0,NULL),(230,'Arla Organic Free Range Milk',NULL,NULL,'published','[\"products\\/product-13.jpg\"]',NULL,'NC-157-A0-A2',0,11,0,1,'in_stock',0,2,1,0,252,189,NULL,NULL,18,16,19,885,NULL,0,'2025-08-02 02:15:46','2025-08-02 02:15:47',0,'Botble\\ACL\\Models\\User',NULL,'physical',NULL,NULL,0,'auto_generate',0,0,0,NULL),(231,'Arla Organic Free Range Milk',NULL,NULL,'published','[\"products\\/product-33.jpg\"]',NULL,'NC-157-A0-A3',0,11,0,1,'in_stock',0,2,1,0,252,224.28,NULL,NULL,18,16,19,885,NULL,0,'2025-08-02 02:15:46','2025-08-02 02:15:47',0,'Botble\\ACL\\Models\\User',NULL,'physical',NULL,NULL,0,'auto_generate',0,0,0,NULL),(232,'Aptamil Follow On Baby Milk',NULL,NULL,'published','[\"products\\/product-59.jpg\"]',NULL,'NC-158-A0',0,20,0,1,'in_stock',0,1,1,0,260,NULL,NULL,NULL,13,10,11,847,NULL,0,'2025-08-02 02:15:46','2025-08-02 02:15:47',0,'Botble\\ACL\\Models\\User',NULL,'digital',NULL,NULL,0,'auto_generate',0,0,0,NULL),(233,'Cuisinart Chef’S Classic Hard-Anodized',NULL,NULL,'published','[\"products\\/product-80.jpg\"]',NULL,'NC-127-A0',0,19,0,1,'in_stock',0,3,1,0,316,NULL,NULL,NULL,10,19,20,745,NULL,0,'2025-08-02 02:15:46','2025-08-02 02:15:47',0,'Botble\\ACL\\Models\\User',NULL,'physical',NULL,NULL,0,'auto_generate',0,0,0,NULL),(234,'Cuisinart Chef’S Classic Hard-Anodized',NULL,NULL,'published','[\"products\\/product-12.jpg\"]',NULL,'NC-127-A0-A1',0,19,0,1,'in_stock',0,3,1,0,316,NULL,NULL,NULL,10,19,20,745,NULL,0,'2025-08-02 02:15:46','2025-08-02 02:15:47',0,'Botble\\ACL\\Models\\User',NULL,'physical',NULL,NULL,0,'auto_generate',0,0,0,NULL),(235,'Cuisinart Chef’S Classic Hard-Anodized',NULL,NULL,'published','[\"products\\/product-25.jpg\"]',NULL,'NC-127-A0-A2',0,19,0,1,'in_stock',0,3,1,0,316,NULL,NULL,NULL,10,19,20,745,NULL,0,'2025-08-02 02:15:46','2025-08-02 02:15:47',0,'Botble\\ACL\\Models\\User',NULL,'physical',NULL,NULL,0,'auto_generate',0,0,0,NULL),(236,'Corn, Yellow Sweet',NULL,NULL,'published','[\"products\\/product-45.jpg\"]',NULL,'NC-133-A0',0,15,0,1,'in_stock',0,4,1,0,200,NULL,NULL,NULL,20,10,19,662,NULL,0,'2025-08-02 02:15:46','2025-08-02 02:15:47',0,'Botble\\ACL\\Models\\User',NULL,'physical',NULL,NULL,0,'auto_generate',0,0,0,NULL),(237,'Corn, Yellow Sweet',NULL,NULL,'published','[\"products\\/product-9.jpg\"]',NULL,'NC-133-A0-A1',0,15,0,1,'in_stock',0,4,1,0,200,NULL,NULL,NULL,20,10,19,662,NULL,0,'2025-08-02 02:15:46','2025-08-02 02:15:47',0,'Botble\\ACL\\Models\\User',NULL,'physical',NULL,NULL,0,'auto_generate',0,0,0,NULL),(238,'Hobnobs The Nobbly Biscuit',NULL,NULL,'published','[\"products\\/product-92.jpg\"]',NULL,'NC-111-A0',0,17,0,1,'in_stock',0,1,1,0,433,355.06,NULL,NULL,17,19,15,683,NULL,0,'2025-08-02 02:15:46','2025-08-02 02:15:47',0,'Botble\\ACL\\Models\\User',NULL,'physical',NULL,NULL,0,'auto_generate',0,0,0,NULL),(239,'Hobnobs The Nobbly Biscuit',NULL,NULL,'published','[\"products\\/product-61.jpg\"]',NULL,'NC-111-A0-A1',0,17,0,1,'in_stock',0,1,1,0,433,333.41,NULL,NULL,17,19,15,683,NULL,0,'2025-08-02 02:15:46','2025-08-02 02:15:47',0,'Botble\\ACL\\Models\\User',NULL,'physical',NULL,NULL,0,'auto_generate',0,0,0,NULL),(240,'Hobnobs The Nobbly Biscuit',NULL,NULL,'published','[\"products\\/product-91.jpg\"]',NULL,'NC-111-A0-A2',0,17,0,1,'in_stock',0,1,1,0,433,359.39,NULL,NULL,17,19,15,683,NULL,0,'2025-08-02 02:15:46','2025-08-02 02:15:47',0,'Botble\\ACL\\Models\\User',NULL,'physical',NULL,NULL,0,'auto_generate',0,0,0,NULL),(241,'Honest Organic Still Lemonade',NULL,NULL,'published','[\"products\\/product-22.jpg\"]',NULL,'NC-144-A0',0,19,0,1,'in_stock',0,1,1,0,459,NULL,NULL,NULL,12,17,12,793,NULL,0,'2025-08-02 02:15:46','2025-08-02 02:15:47',0,'Botble\\ACL\\Models\\User',NULL,'digital',NULL,NULL,0,'auto_generate',0,0,0,NULL),(242,'Honest Organic Still Lemonade',NULL,NULL,'published','[\"products\\/product-2.jpg\"]',NULL,'NC-144-A0-A1',0,19,0,1,'in_stock',0,1,1,0,459,NULL,NULL,NULL,12,17,12,793,NULL,0,'2025-08-02 02:15:46','2025-08-02 02:15:47',0,'Botble\\ACL\\Models\\User',NULL,'digital',NULL,NULL,0,'auto_generate',0,0,0,NULL),(243,'Honest Organic Still Lemonade',NULL,NULL,'published','[\"products\\/product-23.jpg\"]',NULL,'NC-144-A0-A2',0,19,0,1,'in_stock',0,1,1,0,459,NULL,NULL,NULL,12,17,12,793,NULL,0,'2025-08-02 02:15:47','2025-08-02 02:15:47',0,'Botble\\ACL\\Models\\User',NULL,'digital',NULL,NULL,0,'auto_generate',0,0,0,NULL),(244,'Ice Beck’s Beer 350ml x 24 Pieces',NULL,NULL,'published','[\"products\\/product-39.jpg\"]',NULL,'NC-161-A0',0,15,0,1,'in_stock',0,3,1,0,446,NULL,NULL,NULL,18,11,18,590,NULL,0,'2025-08-02 02:15:47','2025-08-02 02:15:47',0,'Botble\\ACL\\Models\\User',NULL,'physical',NULL,NULL,0,'auto_generate',0,0,0,NULL),(245,'Ice Beck’s Beer 350ml x 24 Pieces',NULL,NULL,'published','[\"products\\/product-22.jpg\"]',NULL,'NC-161-A0-A1',0,15,0,1,'in_stock',0,3,1,0,446,NULL,NULL,NULL,18,11,18,590,NULL,0,'2025-08-02 02:15:47','2025-08-02 02:15:47',0,'Botble\\ACL\\Models\\User',NULL,'physical',NULL,NULL,0,'auto_generate',0,0,0,NULL),(246,'Iceland 6 Hot Cross Buns',NULL,NULL,'published','[\"products\\/product-49.jpg\"]',NULL,'NC-160-A0',0,10,0,1,'in_stock',0,3,1,0,247,NULL,NULL,NULL,15,10,13,525,NULL,0,'2025-08-02 02:15:47','2025-08-02 02:15:47',0,'Botble\\ACL\\Models\\User',NULL,'physical',NULL,NULL,0,'auto_generate',0,0,0,NULL),(247,'Iceland 6 Hot Cross Buns',NULL,NULL,'published','[\"products\\/product-42.jpg\"]',NULL,'NC-160-A0-A1',0,10,0,1,'in_stock',0,3,1,0,247,NULL,NULL,NULL,15,10,13,525,NULL,0,'2025-08-02 02:15:47','2025-08-02 02:15:47',0,'Botble\\ACL\\Models\\User',NULL,'physical',NULL,NULL,0,'auto_generate',0,0,0,NULL),(248,'Iceland 6 Hot Cross Buns',NULL,NULL,'published','[\"products\\/product-22.jpg\"]',NULL,'NC-160-A0-A2',0,10,0,1,'in_stock',0,3,1,0,247,NULL,NULL,NULL,15,10,13,525,NULL,0,'2025-08-02 02:15:47','2025-08-02 02:15:47',0,'Botble\\ACL\\Models\\User',NULL,'physical',NULL,NULL,0,'auto_generate',0,0,0,NULL),(249,'Iceland Luxury 4 Panini Rolls',NULL,NULL,'published','[\"products\\/product-65.jpg\"]',NULL,'NC-126-A0',0,16,0,1,'in_stock',0,4,1,0,252,178.92,NULL,NULL,19,11,10,860,NULL,0,'2025-08-02 02:15:47','2025-08-02 02:15:47',0,'Botble\\ACL\\Models\\User',NULL,'physical',NULL,NULL,0,'auto_generate',0,0,0,NULL),(250,'Iceland Luxury 4 Panini Rolls',NULL,NULL,'published','[\"products\\/product-93.jpg\"]',NULL,'NC-126-A0-A1',0,16,0,1,'in_stock',0,4,1,0,252,196.56,NULL,NULL,19,11,10,860,NULL,0,'2025-08-02 02:15:47','2025-08-02 02:15:47',0,'Botble\\ACL\\Models\\User',NULL,'physical',NULL,NULL,0,'auto_generate',0,0,0,NULL),(251,'Iceland Luxury 4 Panini Rolls',NULL,NULL,'published','[\"products\\/product-15.jpg\"]',NULL,'NC-126-A0-A2',0,16,0,1,'in_stock',0,4,1,0,252,214.2,NULL,NULL,19,11,10,860,NULL,0,'2025-08-02 02:15:47','2025-08-02 02:15:47',0,'Botble\\ACL\\Models\\User',NULL,'physical',NULL,NULL,0,'auto_generate',0,0,0,NULL),(252,'Iceland Soft Scoop Vanilla',NULL,NULL,'published','[\"products\\/product-58.jpg\"]',NULL,'NC-187-A0',0,17,0,1,'in_stock',0,5,1,0,234,NULL,NULL,NULL,13,17,11,664,NULL,0,'2025-08-02 02:15:47','2025-08-02 02:15:47',0,'Botble\\ACL\\Models\\User',NULL,'digital',NULL,NULL,0,'auto_generate',0,0,0,NULL),(253,'Iceland Soft Scoop Vanilla',NULL,NULL,'published','[\"products\\/product-10.jpg\"]',NULL,'NC-187-A0-A1',0,17,0,1,'in_stock',0,5,1,0,234,NULL,NULL,NULL,13,17,11,664,NULL,0,'2025-08-02 02:15:47','2025-08-02 02:15:47',0,'Botble\\ACL\\Models\\User',NULL,'digital',NULL,NULL,0,'auto_generate',0,0,0,NULL),(254,'Iceland Soft Scoop Vanilla',NULL,NULL,'published','[\"products\\/product-92.jpg\"]',NULL,'NC-187-A0-A2',0,17,0,1,'in_stock',0,5,1,0,234,NULL,NULL,NULL,13,17,11,664,NULL,0,'2025-08-02 02:15:47','2025-08-02 02:15:47',0,'Botble\\ACL\\Models\\User',NULL,'digital',NULL,NULL,0,'auto_generate',0,0,0,NULL),(255,'Iceland Spaghetti Bolognese',NULL,NULL,'published','[\"products\\/product-42.jpg\"]',NULL,'NC-197-A0',0,19,0,1,'in_stock',0,7,1,0,471,NULL,NULL,NULL,19,10,12,835,NULL,0,'2025-08-02 02:15:47','2025-08-02 02:15:47',0,'Botble\\ACL\\Models\\User',NULL,'physical',NULL,NULL,0,'auto_generate',0,0,0,NULL),(256,'Iceland Spaghetti Bolognese',NULL,NULL,'published','[\"products\\/product-14.jpg\"]',NULL,'NC-197-A0-A1',0,19,0,1,'in_stock',0,7,1,0,471,NULL,NULL,NULL,19,10,12,835,NULL,0,'2025-08-02 02:15:47','2025-08-02 02:15:47',0,'Botble\\ACL\\Models\\User',NULL,'physical',NULL,NULL,0,'auto_generate',0,0,0,NULL),(257,'Iceland Spaghetti Bolognese',NULL,NULL,'published','[\"products\\/product-17.jpg\"]',NULL,'NC-197-A0-A2',0,19,0,1,'in_stock',0,7,1,0,471,NULL,NULL,NULL,19,10,12,835,NULL,0,'2025-08-02 02:15:47','2025-08-02 02:15:47',0,'Botble\\ACL\\Models\\User',NULL,'physical',NULL,NULL,0,'auto_generate',0,0,0,NULL),(258,'Kellogg’s Coco Pops Cereal',NULL,NULL,'published','[\"products\\/product-6.jpg\"]',NULL,'NC-197-A0',0,14,0,1,'in_stock',0,3,1,0,457,NULL,NULL,NULL,18,10,17,538,NULL,0,'2025-08-02 02:15:47','2025-08-02 02:15:47',0,'Botble\\ACL\\Models\\User',NULL,'physical',NULL,NULL,0,'auto_generate',0,0,0,NULL),(259,'Kellogg’s Coco Pops Cereal',NULL,NULL,'published','[\"products\\/product-66.jpg\"]',NULL,'NC-197-A0-A1',0,14,0,1,'in_stock',0,3,1,0,457,NULL,NULL,NULL,18,10,17,538,NULL,0,'2025-08-02 02:15:47','2025-08-02 02:15:47',0,'Botble\\ACL\\Models\\User',NULL,'physical',NULL,NULL,0,'auto_generate',0,0,0,NULL),(260,'Kit Kat Chunky Milk Chocolate',NULL,NULL,'published','[\"products\\/product-42.jpg\"]',NULL,'NC-148-A0',0,12,0,1,'in_stock',0,7,1,0,223,196.24,NULL,NULL,16,15,17,572,NULL,0,'2025-08-02 02:15:47','2025-08-02 02:15:47',0,'Botble\\ACL\\Models\\User',NULL,'physical',NULL,NULL,0,'auto_generate',0,0,0,NULL),(261,'Large Green Bell Pepper',NULL,NULL,'published','[\"products\\/product-72.jpg\"]',NULL,'NC-116-A0',0,11,0,1,'in_stock',0,2,1,0,271,NULL,NULL,NULL,19,19,16,519,NULL,0,'2025-08-02 02:15:47','2025-08-02 02:15:47',0,'Botble\\ACL\\Models\\User',NULL,'digital',NULL,NULL,0,'auto_generate',0,0,0,NULL),(262,'Large Green Bell Pepper',NULL,NULL,'published','[\"products\\/product-12.jpg\"]',NULL,'NC-116-A0-A1',0,11,0,1,'in_stock',0,2,1,0,271,NULL,NULL,NULL,19,19,16,519,NULL,0,'2025-08-02 02:15:47','2025-08-02 02:15:47',0,'Botble\\ACL\\Models\\User',NULL,'digital',NULL,NULL,0,'auto_generate',0,0,0,NULL),(263,'Large Green Bell Pepper',NULL,NULL,'published','[\"products\\/product-26.jpg\"]',NULL,'NC-116-A0-A2',0,11,0,1,'in_stock',0,2,1,0,271,NULL,NULL,NULL,19,19,16,519,NULL,0,'2025-08-02 02:15:47','2025-08-02 02:15:47',0,'Botble\\ACL\\Models\\User',NULL,'digital',NULL,NULL,0,'auto_generate',0,0,0,NULL),(264,'Pice 94w Beasley Journal',NULL,NULL,'published','[\"products\\/product-27.jpg\"]',NULL,'NC-150-A0',0,20,0,1,'in_stock',0,1,1,0,350,NULL,NULL,NULL,19,10,20,882,NULL,0,'2025-08-02 02:15:47','2025-08-02 02:15:47',0,'Botble\\ACL\\Models\\User',NULL,'physical',NULL,NULL,0,'auto_generate',0,0,0,NULL),(265,'Pice 94w Beasley Journal',NULL,NULL,'published','[\"products\\/product-69.jpg\"]',NULL,'NC-150-A0-A1',0,20,0,1,'in_stock',0,1,1,0,350,NULL,NULL,NULL,19,10,20,882,NULL,0,'2025-08-02 02:15:47','2025-08-02 02:15:47',0,'Botble\\ACL\\Models\\User',NULL,'physical',NULL,NULL,0,'auto_generate',0,0,0,NULL),(266,'Pice 94w Beasley Journal',NULL,NULL,'published','[\"products\\/product-55.jpg\"]',NULL,'NC-150-A0-A2',0,20,0,1,'in_stock',0,1,1,0,350,NULL,NULL,NULL,19,10,20,882,NULL,0,'2025-08-02 02:15:47','2025-08-02 02:15:47',0,'Botble\\ACL\\Models\\User',NULL,'physical',NULL,NULL,0,'auto_generate',0,0,0,NULL),(267,'Province Piece Glass Drinking Glass',NULL,NULL,'published','[\"products\\/product-39.jpg\"]',NULL,'NC-194-A0',0,11,0,1,'in_stock',0,1,1,0,383,NULL,NULL,NULL,18,20,12,619,NULL,0,'2025-08-02 02:15:47','2025-08-02 02:15:47',0,'Botble\\ACL\\Models\\User',NULL,'physical',NULL,NULL,0,'auto_generate',0,0,0,NULL),(268,'Province Piece Glass Drinking Glass',NULL,NULL,'published','[\"products\\/product-89.jpg\"]',NULL,'NC-194-A0-A1',0,11,0,1,'in_stock',0,1,1,0,383,NULL,NULL,NULL,18,20,12,619,NULL,0,'2025-08-02 02:15:47','2025-08-02 02:15:47',0,'Botble\\ACL\\Models\\User',NULL,'physical',NULL,NULL,0,'auto_generate',0,0,0,NULL),(269,'Province Piece Glass Drinking Glass',NULL,NULL,'published','[\"products\\/product-90.jpg\"]',NULL,'NC-194-A0-A2',0,11,0,1,'in_stock',0,1,1,0,383,NULL,NULL,NULL,18,20,12,619,NULL,0,'2025-08-02 02:15:47','2025-08-02 02:15:47',0,'Botble\\ACL\\Models\\User',NULL,'physical',NULL,NULL,0,'auto_generate',0,0,0,NULL);
/*!40000 ALTER TABLE `ec_products` ENABLE KEYS */;
UNLOCK TABLES;

--
-- Table structure for table `ec_products_translations`
--

DROP TABLE IF EXISTS `ec_products_translations`;
/*!40101 SET @saved_cs_client     = @@character_set_client */;
/*!50503 SET character_set_client = utf8mb4 */;
CREATE TABLE `ec_products_translations` (
  `lang_code` varchar(191) COLLATE utf8mb4_unicode_ci NOT NULL,
  `ec_products_id` bigint unsigned NOT NULL,
  `name` varchar(191) COLLATE utf8mb4_unicode_ci DEFAULT NULL,
  `description` text COLLATE utf8mb4_unicode_ci,
  `content` text COLLATE utf8mb4_unicode_ci,
  PRIMARY KEY (`lang_code`,`ec_products_id`)
) ENGINE=InnoDB DEFAULT CHARSET=utf8mb4 COLLATE=utf8mb4_unicode_ci;
/*!40101 SET character_set_client = @saved_cs_client */;

--
-- Dumping data for table `ec_products_translations`
--

LOCK TABLES `ec_products_translations` WRITE;
/*!40000 ALTER TABLE `ec_products_translations` DISABLE KEYS */;
/*!40000 ALTER TABLE `ec_products_translations` ENABLE KEYS */;
UNLOCK TABLES;

--
-- Table structure for table `ec_review_replies`
--

DROP TABLE IF EXISTS `ec_review_replies`;
/*!40101 SET @saved_cs_client     = @@character_set_client */;
/*!50503 SET character_set_client = utf8mb4 */;
CREATE TABLE `ec_review_replies` (
  `id` bigint unsigned NOT NULL AUTO_INCREMENT,
  `user_id` bigint unsigned NOT NULL,
  `review_id` bigint unsigned NOT NULL,
  `message` text COLLATE utf8mb4_unicode_ci NOT NULL,
  `created_at` timestamp NULL DEFAULT NULL,
  `updated_at` timestamp NULL DEFAULT NULL,
  PRIMARY KEY (`id`),
  UNIQUE KEY `ec_review_replies_review_id_user_id_unique` (`review_id`,`user_id`)
) ENGINE=InnoDB DEFAULT CHARSET=utf8mb4 COLLATE=utf8mb4_unicode_ci;
/*!40101 SET character_set_client = @saved_cs_client */;

--
-- Dumping data for table `ec_review_replies`
--

LOCK TABLES `ec_review_replies` WRITE;
/*!40000 ALTER TABLE `ec_review_replies` DISABLE KEYS */;
/*!40000 ALTER TABLE `ec_review_replies` ENABLE KEYS */;
UNLOCK TABLES;

--
-- Table structure for table `ec_reviews`
--

DROP TABLE IF EXISTS `ec_reviews`;
/*!40101 SET @saved_cs_client     = @@character_set_client */;
/*!50503 SET character_set_client = utf8mb4 */;
CREATE TABLE `ec_reviews` (
  `id` bigint unsigned NOT NULL AUTO_INCREMENT,
  `customer_id` bigint unsigned DEFAULT NULL,
  `customer_name` varchar(191) COLLATE utf8mb4_unicode_ci DEFAULT NULL,
  `customer_email` varchar(191) COLLATE utf8mb4_unicode_ci DEFAULT NULL,
  `product_id` bigint unsigned NOT NULL,
  `star` double NOT NULL,
  `comment` text COLLATE utf8mb4_unicode_ci NOT NULL,
  `status` varchar(60) COLLATE utf8mb4_unicode_ci NOT NULL DEFAULT 'published',
  `created_at` timestamp NULL DEFAULT NULL,
  `updated_at` timestamp NULL DEFAULT NULL,
  `images` text COLLATE utf8mb4_unicode_ci,
  PRIMARY KEY (`id`),
  UNIQUE KEY `ec_reviews_product_id_customer_id_unique` (`product_id`,`customer_id`),
  KEY `ec_reviews_product_id_customer_id_status_created_at_index` (`product_id`,`customer_id`,`status`,`created_at`),
  KEY `review_relation_index` (`product_id`,`customer_id`,`status`)
) ENGINE=InnoDB AUTO_INCREMENT=1001 DEFAULT CHARSET=utf8mb4 COLLATE=utf8mb4_unicode_ci;
/*!40101 SET character_set_client = @saved_cs_client */;

--
-- Dumping data for table `ec_reviews`
--

LOCK TABLES `ec_reviews` WRITE;
/*!40000 ALTER TABLE `ec_reviews` DISABLE KEYS */;
INSERT INTO `ec_reviews` VALUES (1,7,NULL,NULL,40,1,'I Love this Script. I also found how to add other fees. Now I just wait the BIG update for the Marketplace with the Bulk Import. Just do not forget to make it to be Multi-language for us the Botble Fans.','published','2025-08-02 02:15:51','2025-08-02 02:15:51','[\"products\\/product-3.jpg\",\"products\\/product-9.jpg\",\"products\\/product-59.jpg\",\"products\\/product-89.jpg\"]'),(2,5,NULL,NULL,27,5,'Cool template. Excellent code quality. The support responds very quickly, which is very rare on themeforest and codecanyon.net, I buy a lot of templates, and everyone will have a response from technical support for two or three days. Thanks to tech support. I recommend to buy.','published','2025-08-02 02:15:51','2025-08-02 02:15:51','[\"products\\/product-21.jpg\",\"products\\/product-43.jpg\"]'),(3,1,NULL,NULL,3,2,'These guys are amazing! Responses immediately, amazing support and help... I immediately feel at ease after Purchasing..','published','2025-08-02 02:15:51','2025-08-02 02:15:51','[\"products\\/product-11.jpg\",\"products\\/product-41.jpg\",\"products\\/product-88.jpg\",\"products\\/product-89.jpg\"]'),(4,6,NULL,NULL,55,5,'Good app, good backup service and support. Good documentation.','published','2025-08-02 02:15:51','2025-08-02 02:15:51','[\"products\\/product-21.jpg\",\"products\\/product-85.jpg\",\"products\\/product-88.jpg\"]'),(5,9,NULL,NULL,55,1,'The script is the best of its class, fast, easy to implement and work with , and the most important thing is the great support team , Recommend with no doubt.','published','2025-08-02 02:15:51','2025-08-02 02:15:51','[\"products\\/product-18.jpg\",\"products\\/product-92.jpg\"]'),(6,2,NULL,NULL,23,1,'Very enthusiastic support! Excellent code is written. It\'s a true pleasure working with.','published','2025-08-02 02:15:51','2025-08-02 02:15:51','[\"products\\/product-16.jpg\",\"products\\/product-85.jpg\",\"products\\/product-95.jpg\"]'),(7,2,NULL,NULL,6,4,'Solution is too robust for our purpose so we didn\'t use it at the end. But I appreciate customer support during initial configuration.','published','2025-08-02 02:15:51','2025-08-02 02:15:51','[\"products\\/product-28.jpg\",\"products\\/product-76.jpg\",\"products\\/product-89.jpg\"]'),(8,10,NULL,NULL,38,4,'As a developer I reviewed this script. This is really awesome ecommerce script. I have convinced when I noticed that it\'s built on fully WordPress concept.','published','2025-08-02 02:15:51','2025-08-02 02:15:51','[\"products\\/product-38.jpg\"]'),(9,4,NULL,NULL,12,3,'For me the best eCommerce script on Envato at this moment: modern, clean code, a lot of great features. The customer support is great too: I always get an answer within hours!','published','2025-08-02 02:15:51','2025-08-02 02:15:51','[\"products\\/product-58.jpg\",\"products\\/product-74.jpg\",\"products\\/product-88.jpg\",\"products\\/product-90.jpg\"]'),(10,10,NULL,NULL,74,5,'The best store template! Excellent coding! Very good support! Thank you so much for all the help, I really appreciated.','published','2025-08-02 02:15:51','2025-08-02 02:15:51','[\"products\\/product-43.jpg\",\"products\\/product-46.jpg\",\"products\\/product-73.jpg\",\"products\\/product-87.jpg\"]'),(11,8,NULL,NULL,66,1,'Ok good product. I have some issues in customizations. But its not correct to blame the developer. The product is good. Good luck for your business.','published','2025-08-02 02:15:51','2025-08-02 02:15:51','[\"products\\/product-15.jpg\",\"products\\/product-54.jpg\",\"products\\/product-86.jpg\"]'),(12,6,NULL,NULL,2,2,'This script is well coded and is super fast. The support is pretty quick. Very patient and helpful team. I strongly recommend it and they deserve more than 5 stars.','published','2025-08-02 02:15:51','2025-08-02 02:15:51','[\"products\\/product-47.jpg\",\"products\\/product-62.jpg\",\"products\\/product-91.jpg\"]'),(13,10,NULL,NULL,71,2,'Great system, great support, good job Botble. I\'m looking forward to more great functional plugins.','published','2025-08-02 02:15:51','2025-08-02 02:15:51','[\"products\\/product-56.jpg\"]'),(14,1,NULL,NULL,7,4,'Best ecommerce CMS online store!','published','2025-08-02 02:15:51','2025-08-02 02:15:51','[\"products\\/product-16.jpg\"]'),(15,7,NULL,NULL,37,2,'The best ecommerce CMS! Excellent coding! best support service! Thank you so much..... I really like your hard work.','published','2025-08-02 02:15:51','2025-08-02 02:15:51','[\"products\\/product-6.jpg\",\"products\\/product-73.jpg\",\"products\\/product-86.jpg\"]'),(16,10,NULL,NULL,31,2,'Clean & perfect source code','published','2025-08-02 02:15:51','2025-08-02 02:15:51','[\"products\\/product-4.jpg\",\"products\\/product-50.jpg\",\"products\\/product-70.jpg\"]'),(17,3,NULL,NULL,5,5,'I Love this Script. I also found how to add other fees. Now I just wait the BIG update for the Marketplace with the Bulk Import. Just do not forget to make it to be Multi-language for us the Botble Fans.','published','2025-08-02 02:15:51','2025-08-02 02:15:51','[\"products\\/product-39.jpg\",\"products\\/product-58.jpg\",\"products\\/product-60.jpg\",\"products\\/product-88.jpg\"]'),(18,5,NULL,NULL,49,3,'The best store template! Excellent coding! Very good support! Thank you so much for all the help, I really appreciated.','published','2025-08-02 02:15:51','2025-08-02 02:15:51','[\"products\\/product-90.jpg\"]'),(19,5,NULL,NULL,62,1,'I Love this Script. I also found how to add other fees. Now I just wait the BIG update for the Marketplace with the Bulk Import. Just do not forget to make it to be Multi-language for us the Botble Fans.','published','2025-08-02 02:15:51','2025-08-02 02:15:51','[\"products\\/product-27.jpg\",\"products\\/product-44.jpg\",\"products\\/product-54.jpg\",\"products\\/product-65.jpg\"]'),(20,1,NULL,NULL,75,3,'Solution is too robust for our purpose so we didn\'t use it at the end. But I appreciate customer support during initial configuration.','published','2025-08-02 02:15:51','2025-08-02 02:15:51','[\"products\\/pla-product-02.jpg\",\"products\\/product-30.jpg\",\"products\\/product-90.jpg\"]'),(21,4,NULL,NULL,43,1,'Ok good product. I have some issues in customizations. But its not correct to blame the developer. The product is good. Good luck for your business.','published','2025-08-02 02:15:51','2025-08-02 02:15:51','[\"products\\/product-85.jpg\"]'),(22,1,NULL,NULL,8,1,'Amazing code, amazing support. Overall, im really confident in Botble and im happy I made the right choice! Thank you so much guys for coding this masterpiece','published','2025-08-02 02:15:51','2025-08-02 02:15:51','[\"products\\/pla-product-02.jpg\",\"products\\/product-28.jpg\"]'),(23,10,NULL,NULL,30,3,'The best store template! Excellent coding! Very good support! Thank you so much for all the help, I really appreciated.','published','2025-08-02 02:15:51','2025-08-02 02:15:51','[\"products\\/product-24.jpg\",\"products\\/product-57.jpg\"]'),(24,4,NULL,NULL,60,2,'This script is well coded and is super fast. The support is pretty quick. Very patient and helpful team. I strongly recommend it and they deserve more than 5 stars.','published','2025-08-02 02:15:51','2025-08-02 02:15:51','[\"products\\/product-4.jpg\",\"products\\/product-18.jpg\",\"products\\/product-38.jpg\",\"products\\/product-42.jpg\"]'),(25,1,NULL,NULL,20,5,'The code is good, in general, if you like it, can you give it 5 stars?','published','2025-08-02 02:15:51','2025-08-02 02:15:51','[\"products\\/product-45.jpg\",\"products\\/product-54.jpg\",\"products\\/product-67.jpg\",\"products\\/product-75.jpg\"]'),(26,7,NULL,NULL,60,1,'We have received brilliant service support and will be expanding the features with the developer. Nice product!','published','2025-08-02 02:15:51','2025-08-02 02:15:51','[\"products\\/product-29.jpg\"]'),(27,1,NULL,NULL,24,3,'I Love this Script. I also found how to add other fees. Now I just wait the BIG update for the Marketplace with the Bulk Import. Just do not forget to make it to be Multi-language for us the Botble Fans.','published','2025-08-02 02:15:51','2025-08-02 02:15:51','[\"products\\/product-66.jpg\",\"products\\/product-85.jpg\"]'),(28,9,NULL,NULL,57,3,'Clean & perfect source code','published','2025-08-02 02:15:51','2025-08-02 02:15:51','[\"products\\/product-8.jpg\",\"products\\/product-12.jpg\",\"products\\/product-80.jpg\",\"products\\/product-81.jpg\"]'),(30,3,NULL,NULL,40,4,'Great system, great support, good job Botble. I\'m looking forward to more great functional plugins.','published','2025-08-02 02:15:51','2025-08-02 02:15:51','[\"products\\/product-32.jpg\",\"products\\/product-93.jpg\"]'),(31,1,NULL,NULL,16,4,'This script is well coded and is super fast. The support is pretty quick. Very patient and helpful team. I strongly recommend it and they deserve more than 5 stars.','published','2025-08-02 02:15:51','2025-08-02 02:15:51','[\"products\\/product-43.jpg\",\"products\\/product-51.jpg\"]'),(33,7,NULL,NULL,74,4,'This script is well coded and is super fast. The support is pretty quick. Very patient and helpful team. I strongly recommend it and they deserve more than 5 stars.','published','2025-08-02 02:15:51','2025-08-02 02:15:51','[\"products\\/product-13.jpg\",\"products\\/product-19.jpg\",\"products\\/product-92.jpg\",\"products\\/product-93.jpg\"]'),(34,3,NULL,NULL,42,1,'The script is the best of its class, fast, easy to implement and work with , and the most important thing is the great support team , Recommend with no doubt.','published','2025-08-02 02:15:51','2025-08-02 02:15:51','[\"products\\/product-23.jpg\",\"products\\/product-66.jpg\",\"products\\/product-77.jpg\"]'),(35,9,NULL,NULL,9,2,'The best ecommerce CMS! Excellent coding! best support service! Thank you so much..... I really like your hard work.','published','2025-08-02 02:15:51','2025-08-02 02:15:51','[\"products\\/product-3.jpg\",\"products\\/product-79.jpg\"]'),(36,8,NULL,NULL,12,2,'For me the best eCommerce script on Envato at this moment: modern, clean code, a lot of great features. The customer support is great too: I always get an answer within hours!','published','2025-08-02 02:15:51','2025-08-02 02:15:51','[\"products\\/product-15.jpg\",\"products\\/product-17.jpg\",\"products\\/product-39.jpg\",\"products\\/product-73.jpg\"]'),(37,7,NULL,NULL,25,5,'Clean & perfect source code','published','2025-08-02 02:15:51','2025-08-02 02:15:51','[\"products\\/product-58.jpg\"]'),(38,4,NULL,NULL,32,3,'Second or third time that I buy a Botble product, happy with the products and support. You guys do a good job :)','published','2025-08-02 02:15:51','2025-08-02 02:15:51','[\"products\\/product-2.jpg\",\"products\\/product-19.jpg\"]'),(39,10,NULL,NULL,55,1,'It\'s not my first experience here on Codecanyon and I can honestly tell you all that Botble puts a LOT of effort into the support. They answer so fast, they helped me tons of times. REALLY by far THE BEST EXPERIENCE on Codecanyon. Those guys at Botble are so good that they deserve 5 stars. I recommend them, I trust them and I can\'t wait to see what they will sell in a near future. Thank you Botble :)','published','2025-08-02 02:15:51','2025-08-02 02:15:51','[\"products\\/product-21.jpg\",\"products\\/product-80.jpg\"]'),(40,1,NULL,NULL,58,1,'Ok good product. I have some issues in customizations. But its not correct to blame the developer. The product is good. Good luck for your business.','published','2025-08-02 02:15:51','2025-08-02 02:15:51','[\"products\\/product-73.jpg\",\"products\\/product-92.jpg\"]'),(41,5,NULL,NULL,47,2,'Second or third time that I buy a Botble product, happy with the products and support. You guys do a good job :)','published','2025-08-02 02:15:51','2025-08-02 02:15:51','[\"products\\/product-66.jpg\",\"products\\/product-74.jpg\"]'),(42,1,NULL,NULL,29,2,'The best ecommerce CMS! Excellent coding! best support service! Thank you so much..... I really like your hard work.','published','2025-08-02 02:15:51','2025-08-02 02:15:51','[\"products\\/product-31.jpg\",\"products\\/product-55.jpg\",\"products\\/product-88.jpg\"]'),(43,8,NULL,NULL,33,4,'The code is good, in general, if you like it, can you give it 5 stars?','published','2025-08-02 02:15:51','2025-08-02 02:15:51','[\"products\\/pla-product-01.jpg\",\"products\\/product-18.jpg\"]'),(44,2,NULL,NULL,8,2,'It\'s not my first experience here on Codecanyon and I can honestly tell you all that Botble puts a LOT of effort into the support. They answer so fast, they helped me tons of times. REALLY by far THE BEST EXPERIENCE on Codecanyon. Those guys at Botble are so good that they deserve 5 stars. I recommend them, I trust them and I can\'t wait to see what they will sell in a near future. Thank you Botble :)','published','2025-08-02 02:15:51','2025-08-02 02:15:51','[\"products\\/product-2.jpg\",\"products\\/product-17.jpg\",\"products\\/product-64.jpg\"]'),(45,3,NULL,NULL,16,3,'Ok good product. I have some issues in customizations. But its not correct to blame the developer. The product is good. Good luck for your business.','published','2025-08-02 02:15:51','2025-08-02 02:15:51','[\"products\\/product-14.jpg\",\"products\\/product-17.jpg\",\"products\\/product-63.jpg\",\"products\\/product-73.jpg\"]'),(46,5,NULL,NULL,54,1,'Cool template. Excellent code quality. The support responds very quickly, which is very rare on themeforest and codecanyon.net, I buy a lot of templates, and everyone will have a response from technical support for two or three days. Thanks to tech support. I recommend to buy.','published','2025-08-02 02:15:51','2025-08-02 02:15:51','[\"products\\/product-1.jpg\",\"products\\/product-7.jpg\",\"products\\/product-29.jpg\",\"products\\/product-39.jpg\"]'),(47,2,NULL,NULL,54,1,'It\'s not my first experience here on Codecanyon and I can honestly tell you all that Botble puts a LOT of effort into the support. They answer so fast, they helped me tons of times. REALLY by far THE BEST EXPERIENCE on Codecanyon. Those guys at Botble are so good that they deserve 5 stars. I recommend them, I trust them and I can\'t wait to see what they will sell in a near future. Thank you Botble :)','published','2025-08-02 02:15:51','2025-08-02 02:15:51','[\"products\\/product-5.jpg\"]'),(48,2,NULL,NULL,71,3,'I Love this Script. I also found how to add other fees. Now I just wait the BIG update for the Marketplace with the Bulk Import. Just do not forget to make it to be Multi-language for us the Botble Fans.','published','2025-08-02 02:15:51','2025-08-02 02:15:51','[\"products\\/product-4.jpg\",\"products\\/product-16.jpg\",\"products\\/product-61.jpg\",\"products\\/product-78.jpg\"]'),(51,6,NULL,NULL,74,5,'Good app, good backup service and support. Good documentation.','published','2025-08-02 02:15:51','2025-08-02 02:15:51','[\"products\\/product-23.jpg\",\"products\\/product-24.jpg\",\"products\\/product-73.jpg\",\"products\\/product-80.jpg\"]'),(52,5,NULL,NULL,26,3,'This web app is really good in design, code quality & features. Besides, the customer support provided by the Botble team was really fast & helpful. You guys are awesome!','published','2025-08-02 02:15:51','2025-08-02 02:15:51','[\"products\\/product-46.jpg\"]'),(53,7,NULL,NULL,69,2,'We have received brilliant service support and will be expanding the features with the developer. Nice product!','published','2025-08-02 02:15:51','2025-08-02 02:15:51','[\"products\\/product-17.jpg\"]'),(54,4,NULL,NULL,64,4,'The script is the best of its class, fast, easy to implement and work with , and the most important thing is the great support team , Recommend with no doubt.','published','2025-08-02 02:15:51','2025-08-02 02:15:51','[\"products\\/product-12.jpg\",\"products\\/product-23.jpg\",\"products\\/product-58.jpg\"]'),(55,10,NULL,NULL,19,2,'Clean & perfect source code','published','2025-08-02 02:15:51','2025-08-02 02:15:51','[\"products\\/product-64.jpg\",\"products\\/product-65.jpg\"]'),(56,7,NULL,NULL,2,4,'Amazing code, amazing support. Overall, im really confident in Botble and im happy I made the right choice! Thank you so much guys for coding this masterpiece','published','2025-08-02 02:15:51','2025-08-02 02:15:51','[\"products\\/product-4.jpg\",\"products\\/product-31.jpg\",\"products\\/product-59.jpg\",\"products\\/product-87.jpg\"]'),(57,3,NULL,NULL,35,2,'This script is well coded and is super fast. The support is pretty quick. Very patient and helpful team. I strongly recommend it and they deserve more than 5 stars.','published','2025-08-02 02:15:51','2025-08-02 02:15:51','[\"products\\/product-26.jpg\",\"products\\/product-52.jpg\",\"products\\/product-54.jpg\",\"products\\/product-80.jpg\"]'),(59,1,NULL,NULL,60,5,'It\'s not my first experience here on Codecanyon and I can honestly tell you all that Botble puts a LOT of effort into the support. They answer so fast, they helped me tons of times. REALLY by far THE BEST EXPERIENCE on Codecanyon. Those guys at Botble are so good that they deserve 5 stars. I recommend them, I trust them and I can\'t wait to see what they will sell in a near future. Thank you Botble :)','published','2025-08-02 02:15:51','2025-08-02 02:15:51','[\"products\\/product-11.jpg\",\"products\\/product-76.jpg\",\"products\\/product-82.jpg\",\"products\\/product-83.jpg\"]'),(60,3,NULL,NULL,28,2,'Great system, great support, good job Botble. I\'m looking forward to more great functional plugins.','published','2025-08-02 02:15:51','2025-08-02 02:15:51','[\"products\\/pla-product-01.jpg\",\"products\\/product-14.jpg\"]'),(61,2,NULL,NULL,34,3,'Cool template. Excellent code quality. The support responds very quickly, which is very rare on themeforest and codecanyon.net, I buy a lot of templates, and everyone will have a response from technical support for two or three days. Thanks to tech support. I recommend to buy.','published','2025-08-02 02:15:51','2025-08-02 02:15:51','[\"products\\/product-8.jpg\",\"products\\/product-9.jpg\",\"products\\/product-22.jpg\",\"products\\/product-66.jpg\"]'),(62,6,NULL,NULL,32,3,'Ok good product. I have some issues in customizations. But its not correct to blame the developer. The product is good. Good luck for your business.','published','2025-08-02 02:15:51','2025-08-02 02:15:51','[\"products\\/product-50.jpg\"]'),(63,5,NULL,NULL,57,3,'The best store template! Excellent coding! Very good support! Thank you so much for all the help, I really appreciated.','published','2025-08-02 02:15:51','2025-08-02 02:15:51','[\"products\\/pla-product-02.jpg\"]'),(64,10,NULL,NULL,11,2,'This script is well coded and is super fast. The support is pretty quick. Very patient and helpful team. I strongly recommend it and they deserve more than 5 stars.','published','2025-08-02 02:15:51','2025-08-02 02:15:51','[\"products\\/product-16.jpg\",\"products\\/product-54.jpg\",\"products\\/product-94.jpg\"]'),(65,5,NULL,NULL,20,5,'For me the best eCommerce script on Envato at this moment: modern, clean code, a lot of great features. The customer support is great too: I always get an answer within hours!','published','2025-08-02 02:15:51','2025-08-02 02:15:51','[\"products\\/product-8.jpg\",\"products\\/product-28.jpg\",\"products\\/product-65.jpg\",\"products\\/product-76.jpg\"]'),(66,1,NULL,NULL,33,2,'The best ecommerce CMS! Excellent coding! best support service! Thank you so much..... I really like your hard work.','published','2025-08-02 02:15:51','2025-08-02 02:15:51','[\"products\\/product-24.jpg\",\"products\\/product-25.jpg\"]'),(67,7,NULL,NULL,71,1,'I Love this Script. I also found how to add other fees. Now I just wait the BIG update for the Marketplace with the Bulk Import. Just do not forget to make it to be Multi-language for us the Botble Fans.','published','2025-08-02 02:15:51','2025-08-02 02:15:51','[\"products\\/product-30.jpg\",\"products\\/product-54.jpg\",\"products\\/product-80.jpg\",\"products\\/product-81.jpg\"]'),(68,8,NULL,NULL,64,3,'Perfect +++++++++ i love it really also i get to fast ticket answers... Thanks Lot BOTBLE Teams','published','2025-08-02 02:15:51','2025-08-02 02:15:51','[\"products\\/product-1.jpg\",\"products\\/product-44.jpg\"]'),(69,3,NULL,NULL,32,3,'Second or third time that I buy a Botble product, happy with the products and support. You guys do a good job :)','published','2025-08-02 02:15:51','2025-08-02 02:15:51','[\"products\\/pla-product-02.jpg\",\"products\\/product-27.jpg\",\"products\\/product-40.jpg\",\"products\\/product-62.jpg\"]'),(70,3,NULL,NULL,13,3,'It\'s not my first experience here on Codecanyon and I can honestly tell you all that Botble puts a LOT of effort into the support. They answer so fast, they helped me tons of times. REALLY by far THE BEST EXPERIENCE on Codecanyon. Those guys at Botble are so good that they deserve 5 stars. I recommend them, I trust them and I can\'t wait to see what they will sell in a near future. Thank you Botble :)','published','2025-08-02 02:15:51','2025-08-02 02:15:51','[\"products\\/product-69.jpg\",\"products\\/product-72.jpg\"]'),(71,2,NULL,NULL,70,3,'Clean & perfect source code','published','2025-08-02 02:15:51','2025-08-02 02:15:51','[\"products\\/product-1.jpg\",\"products\\/product-39.jpg\",\"products\\/product-50.jpg\",\"products\\/product-69.jpg\"]'),(72,6,NULL,NULL,63,1,'I Love this Script. I also found how to add other fees. Now I just wait the BIG update for the Marketplace with the Bulk Import. Just do not forget to make it to be Multi-language for us the Botble Fans.','published','2025-08-02 02:15:51','2025-08-02 02:15:51','[\"products\\/pla-product-01.jpg\",\"products\\/product-35.jpg\",\"products\\/product-64.jpg\"]'),(73,4,NULL,NULL,71,4,'This script is well coded and is super fast. The support is pretty quick. Very patient and helpful team. I strongly recommend it and they deserve more than 5 stars.','published','2025-08-02 02:15:51','2025-08-02 02:15:51','[\"products\\/product-38.jpg\",\"products\\/product-79.jpg\"]'),(75,1,NULL,NULL,32,3,'Solution is too robust for our purpose so we didn\'t use it at the end. But I appreciate customer support during initial configuration.','published','2025-08-02 02:15:51','2025-08-02 02:15:51','[\"products\\/product-17.jpg\",\"products\\/product-32.jpg\",\"products\\/product-50.jpg\"]'),(76,7,NULL,NULL,49,5,'For me the best eCommerce script on Envato at this moment: modern, clean code, a lot of great features. The customer support is great too: I always get an answer within hours!','published','2025-08-02 02:15:51','2025-08-02 02:15:51','[\"products\\/product-63.jpg\"]'),(77,7,NULL,NULL,59,3,'Those guys now what they are doing, the release such a good product that it\'s a pleasure to work with ! Even when I was stuck on the project, I created a ticket and the next day it was replied by the team. GOOD JOB guys. I love working with them :)','published','2025-08-02 02:15:51','2025-08-02 02:15:51','[\"products\\/product-62.jpg\",\"products\\/product-94.jpg\"]'),(78,6,NULL,NULL,73,5,'Perfect +++++++++ i love it really also i get to fast ticket answers... Thanks Lot BOTBLE Teams','published','2025-08-02 02:15:51','2025-08-02 02:15:51','[\"products\\/product-23.jpg\"]'),(79,8,NULL,NULL,6,4,'Great E-commerce system. And much more : Wonderful Customer Support.','published','2025-08-02 02:15:51','2025-08-02 02:15:51','[\"products\\/product-6.jpg\",\"products\\/product-52.jpg\"]'),(80,10,NULL,NULL,27,4,'Cool template. Excellent code quality. The support responds very quickly, which is very rare on themeforest and codecanyon.net, I buy a lot of templates, and everyone will have a response from technical support for two or three days. Thanks to tech support. I recommend to buy.','published','2025-08-02 02:15:51','2025-08-02 02:15:51','[\"products\\/product-44.jpg\",\"products\\/product-57.jpg\",\"products\\/product-88.jpg\",\"products\\/product-90.jpg\"]'),(81,3,NULL,NULL,12,1,'For me the best eCommerce script on Envato at this moment: modern, clean code, a lot of great features. The customer support is great too: I always get an answer within hours!','published','2025-08-02 02:15:51','2025-08-02 02:15:51','[\"products\\/product-29.jpg\",\"products\\/product-65.jpg\",\"products\\/product-76.jpg\",\"products\\/product-82.jpg\"]'),(82,2,NULL,NULL,13,4,'Customer Support are grade (A*), however the code is a way too over engineered for it\'s purpose.','published','2025-08-02 02:15:51','2025-08-02 02:15:51','[\"products\\/product-16.jpg\"]'),(83,8,NULL,NULL,42,2,'Solution is too robust for our purpose so we didn\'t use it at the end. But I appreciate customer support during initial configuration.','published','2025-08-02 02:15:51','2025-08-02 02:15:51','[\"products\\/product-61.jpg\",\"products\\/product-78.jpg\"]'),(84,2,NULL,NULL,22,2,'The best ecommerce CMS! Excellent coding! best support service! Thank you so much..... I really like your hard work.','published','2025-08-02 02:15:51','2025-08-02 02:15:51','[\"products\\/product-41.jpg\"]'),(86,5,NULL,NULL,39,5,'We have received brilliant service support and will be expanding the features with the developer. Nice product!','published','2025-08-02 02:15:51','2025-08-02 02:15:51','[\"products\\/product-10.jpg\",\"products\\/product-58.jpg\",\"products\\/product-74.jpg\",\"products\\/product-92.jpg\"]'),(87,2,NULL,NULL,25,1,'Best ecommerce CMS online store!','published','2025-08-02 02:15:51','2025-08-02 02:15:51','[\"products\\/product-4.jpg\",\"products\\/product-6.jpg\",\"products\\/product-53.jpg\",\"products\\/product-89.jpg\"]'),(88,5,NULL,NULL,31,5,'Great E-commerce system. And much more : Wonderful Customer Support.','published','2025-08-02 02:15:51','2025-08-02 02:15:51','[\"products\\/product-19.jpg\",\"products\\/product-24.jpg\",\"products\\/product-35.jpg\",\"products\\/product-44.jpg\"]'),(89,2,NULL,NULL,2,3,'The code is good, in general, if you like it, can you give it 5 stars?','published','2025-08-02 02:15:51','2025-08-02 02:15:51','[\"products\\/product-3.jpg\"]'),(90,3,NULL,NULL,64,4,'Very enthusiastic support! Excellent code is written. It\'s a true pleasure working with.','published','2025-08-02 02:15:51','2025-08-02 02:15:51','[\"products\\/product-16.jpg\",\"products\\/product-26.jpg\",\"products\\/product-53.jpg\"]'),(91,6,NULL,NULL,44,5,'Clean & perfect source code','published','2025-08-02 02:15:51','2025-08-02 02:15:51','[\"products\\/product-56.jpg\",\"products\\/product-83.jpg\"]'),(92,5,NULL,NULL,15,3,'This web app is really good in design, code quality & features. Besides, the customer support provided by the Botble team was really fast & helpful. You guys are awesome!','published','2025-08-02 02:15:51','2025-08-02 02:15:51','[\"products\\/pla-product-04.jpg\",\"products\\/product-31.jpg\",\"products\\/product-78.jpg\",\"products\\/product-85.jpg\"]'),(93,6,NULL,NULL,58,3,'This web app is really good in design, code quality & features. Besides, the customer support provided by the Botble team was really fast & helpful. You guys are awesome!','published','2025-08-02 02:15:51','2025-08-02 02:15:51','[\"products\\/pla-product-02.jpg\",\"products\\/product-11.jpg\",\"products\\/product-40.jpg\",\"products\\/product-71.jpg\"]'),(94,10,NULL,NULL,60,5,'Cool template. Excellent code quality. The support responds very quickly, which is very rare on themeforest and codecanyon.net, I buy a lot of templates, and everyone will have a response from technical support for two or three days. Thanks to tech support. I recommend to buy.','published','2025-08-02 02:15:51','2025-08-02 02:15:51','[\"products\\/product-83.jpg\"]'),(95,3,NULL,NULL,50,5,'Those guys now what they are doing, the release such a good product that it\'s a pleasure to work with ! Even when I was stuck on the project, I created a ticket and the next day it was replied by the team. GOOD JOB guys. I love working with them :)','published','2025-08-02 02:15:51','2025-08-02 02:15:51','[\"products\\/product-24.jpg\",\"products\\/product-85.jpg\"]'),(96,5,NULL,NULL,5,4,'I Love this Script. I also found how to add other fees. Now I just wait the BIG update for the Marketplace with the Bulk Import. Just do not forget to make it to be Multi-language for us the Botble Fans.','published','2025-08-02 02:15:51','2025-08-02 02:15:51','[\"products\\/product-28.jpg\",\"products\\/product-45.jpg\"]'),(97,4,NULL,NULL,22,2,'This script is well coded and is super fast. The support is pretty quick. Very patient and helpful team. I strongly recommend it and they deserve more than 5 stars.','published','2025-08-02 02:15:51','2025-08-02 02:15:51','[\"products\\/product-39.jpg\",\"products\\/product-43.jpg\",\"products\\/product-62.jpg\"]'),(98,1,NULL,NULL,17,5,'Very enthusiastic support! Excellent code is written. It\'s a true pleasure working with.','published','2025-08-02 02:15:51','2025-08-02 02:15:51','[\"products\\/pla-product-02.jpg\",\"products\\/product-48.jpg\"]'),(100,9,NULL,NULL,46,5,'Solution is too robust for our purpose so we didn\'t use it at the end. But I appreciate customer support during initial configuration.','published','2025-08-02 02:15:51','2025-08-02 02:15:51','[\"products\\/product-21.jpg\",\"products\\/product-38.jpg\"]'),(102,8,NULL,NULL,34,4,'The best ecommerce CMS! Excellent coding! best support service! Thank you so much..... I really like your hard work.','published','2025-08-02 02:15:51','2025-08-02 02:15:51','[\"products\\/product-35.jpg\",\"products\\/product-43.jpg\",\"products\\/product-58.jpg\"]'),(103,2,NULL,NULL,47,5,'For me the best eCommerce script on Envato at this moment: modern, clean code, a lot of great features. The customer support is great too: I always get an answer within hours!','published','2025-08-02 02:15:51','2025-08-02 02:15:51','[\"products\\/product-15.jpg\",\"products\\/product-21.jpg\",\"products\\/product-66.jpg\",\"products\\/product-84.jpg\"]'),(105,5,NULL,NULL,34,4,'This web app is really good in design, code quality & features. Besides, the customer support provided by the Botble team was really fast & helpful. You guys are awesome!','published','2025-08-02 02:15:51','2025-08-02 02:15:51','[\"products\\/product-3.jpg\",\"products\\/product-19.jpg\",\"products\\/product-36.jpg\",\"products\\/product-39.jpg\"]'),(106,9,NULL,NULL,23,2,'Those guys now what they are doing, the release such a good product that it\'s a pleasure to work with ! Even when I was stuck on the project, I created a ticket and the next day it was replied by the team. GOOD JOB guys. I love working with them :)','published','2025-08-02 02:15:51','2025-08-02 02:15:51','[\"products\\/product-19.jpg\",\"products\\/product-46.jpg\",\"products\\/product-63.jpg\",\"products\\/product-65.jpg\"]'),(107,4,NULL,NULL,29,1,'Best ecommerce CMS online store!','published','2025-08-02 02:15:51','2025-08-02 02:15:51','[\"products\\/product-13.jpg\",\"products\\/product-17.jpg\",\"products\\/product-77.jpg\",\"products\\/product-81.jpg\"]'),(108,5,NULL,NULL,51,3,'Second or third time that I buy a Botble product, happy with the products and support. You guys do a good job :)','published','2025-08-02 02:15:51','2025-08-02 02:15:51','[\"products\\/product-73.jpg\"]'),(109,9,NULL,NULL,28,4,'Clean & perfect source code','published','2025-08-02 02:15:51','2025-08-02 02:15:51','[\"products\\/product-89.jpg\"]'),(110,1,NULL,NULL,40,4,'This script is well coded and is super fast. The support is pretty quick. Very patient and helpful team. I strongly recommend it and they deserve more than 5 stars.','published','2025-08-02 02:15:51','2025-08-02 02:15:51','[\"products\\/pla-product-02.jpg\"]'),(112,8,NULL,NULL,55,3,'Good app, good backup service and support. Good documentation.','published','2025-08-02 02:15:51','2025-08-02 02:15:51','[\"products\\/product-40.jpg\",\"products\\/product-52.jpg\",\"products\\/product-63.jpg\",\"products\\/product-79.jpg\"]'),(114,2,NULL,NULL,18,3,'Good app, good backup service and support. Good documentation.','published','2025-08-02 02:15:51','2025-08-02 02:15:51','[\"products\\/product-38.jpg\",\"products\\/product-51.jpg\",\"products\\/product-57.jpg\",\"products\\/product-60.jpg\"]'),(115,9,NULL,NULL,36,3,'Great E-commerce system. And much more : Wonderful Customer Support.','published','2025-08-02 02:15:51','2025-08-02 02:15:51','[\"products\\/product-27.jpg\"]'),(116,5,NULL,NULL,64,5,'Amazing code, amazing support. Overall, im really confident in Botble and im happy I made the right choice! Thank you so much guys for coding this masterpiece','published','2025-08-02 02:15:51','2025-08-02 02:15:51','[\"products\\/product-33.jpg\",\"products\\/product-47.jpg\",\"products\\/product-68.jpg\"]'),(117,1,NULL,NULL,18,3,'These guys are amazing! Responses immediately, amazing support and help... I immediately feel at ease after Purchasing..','published','2025-08-02 02:15:51','2025-08-02 02:15:51','[\"products\\/product-15.jpg\",\"products\\/product-63.jpg\"]'),(118,3,NULL,NULL,34,3,'The best ecommerce CMS! Excellent coding! best support service! Thank you so much..... I really like your hard work.','published','2025-08-02 02:15:51','2025-08-02 02:15:51','[\"products\\/product-83.jpg\"]'),(119,2,NULL,NULL,73,3,'I Love this Script. I also found how to add other fees. Now I just wait the BIG update for the Marketplace with the Bulk Import. Just do not forget to make it to be Multi-language for us the Botble Fans.','published','2025-08-02 02:15:51','2025-08-02 02:15:51','[\"products\\/product-66.jpg\",\"products\\/product-74.jpg\"]'),(120,2,NULL,NULL,61,5,'Ok good product. I have some issues in customizations. But its not correct to blame the developer. The product is good. Good luck for your business.','published','2025-08-02 02:15:51','2025-08-02 02:15:51','[\"products\\/product-61.jpg\",\"products\\/product-62.jpg\"]'),(121,1,NULL,NULL,31,3,'The code is good, in general, if you like it, can you give it 5 stars?','published','2025-08-02 02:15:51','2025-08-02 02:15:51','[\"products\\/product-77.jpg\"]'),(122,9,NULL,NULL,62,3,'Cool template. Excellent code quality. The support responds very quickly, which is very rare on themeforest and codecanyon.net, I buy a lot of templates, and everyone will have a response from technical support for two or three days. Thanks to tech support. I recommend to buy.','published','2025-08-02 02:15:51','2025-08-02 02:15:51','[\"products\\/product-74.jpg\"]'),(123,8,NULL,NULL,69,5,'As a developer I reviewed this script. This is really awesome ecommerce script. I have convinced when I noticed that it\'s built on fully WordPress concept.','published','2025-08-02 02:15:51','2025-08-02 02:15:51','[\"products\\/product-23.jpg\",\"products\\/product-87.jpg\",\"products\\/product-88.jpg\"]'),(124,7,NULL,NULL,64,4,'For me the best eCommerce script on Envato at this moment: modern, clean code, a lot of great features. The customer support is great too: I always get an answer within hours!','published','2025-08-02 02:15:51','2025-08-02 02:15:51','[\"products\\/product-61.jpg\",\"products\\/product-89.jpg\"]'),(125,8,NULL,NULL,73,5,'As a developer I reviewed this script. This is really awesome ecommerce script. I have convinced when I noticed that it\'s built on fully WordPress concept.','published','2025-08-02 02:15:51','2025-08-02 02:15:51','[\"products\\/pla-product-04.jpg\",\"products\\/product-63.jpg\"]'),(126,7,NULL,NULL,35,3,'It\'s not my first experience here on Codecanyon and I can honestly tell you all that Botble puts a LOT of effort into the support. They answer so fast, they helped me tons of times. REALLY by far THE BEST EXPERIENCE on Codecanyon. Those guys at Botble are so good that they deserve 5 stars. I recommend them, I trust them and I can\'t wait to see what they will sell in a near future. Thank you Botble :)','published','2025-08-02 02:15:51','2025-08-02 02:15:51','[\"products\\/product-23.jpg\"]'),(127,4,NULL,NULL,38,3,'Ok good product. I have some issues in customizations. But its not correct to blame the developer. The product is good. Good luck for your business.','published','2025-08-02 02:15:51','2025-08-02 02:15:51','[\"products\\/product-7.jpg\",\"products\\/product-44.jpg\",\"products\\/product-77.jpg\"]'),(128,10,NULL,NULL,36,4,'Clean & perfect source code','published','2025-08-02 02:15:51','2025-08-02 02:15:51','[\"products\\/product-14.jpg\",\"products\\/product-17.jpg\",\"products\\/product-37.jpg\",\"products\\/product-76.jpg\"]'),(129,7,NULL,NULL,13,1,'These guys are amazing! Responses immediately, amazing support and help... I immediately feel at ease after Purchasing..','published','2025-08-02 02:15:51','2025-08-02 02:15:51','[\"products\\/product-51.jpg\"]'),(130,4,NULL,NULL,1,3,'I Love this Script. I also found how to add other fees. Now I just wait the BIG update for the Marketplace with the Bulk Import. Just do not forget to make it to be Multi-language for us the Botble Fans.','published','2025-08-02 02:15:51','2025-08-02 02:15:51','[\"products\\/product-1.jpg\",\"products\\/product-8.jpg\",\"products\\/product-20.jpg\",\"products\\/product-34.jpg\"]'),(131,5,NULL,NULL,65,4,'Amazing code, amazing support. Overall, im really confident in Botble and im happy I made the right choice! Thank you so much guys for coding this masterpiece','published','2025-08-02 02:15:51','2025-08-02 02:15:51','[\"products\\/product-31.jpg\",\"products\\/product-69.jpg\",\"products\\/product-73.jpg\",\"products\\/product-94.jpg\"]'),(132,1,NULL,NULL,4,2,'The best ecommerce CMS! Excellent coding! best support service! Thank you so much..... I really like your hard work.','published','2025-08-02 02:15:51','2025-08-02 02:15:51','[\"products\\/product-21.jpg\"]'),(133,8,NULL,NULL,70,1,'Great system, great support, good job Botble. I\'m looking forward to more great functional plugins.','published','2025-08-02 02:15:51','2025-08-02 02:15:51','[\"products\\/product-43.jpg\",\"products\\/product-56.jpg\",\"products\\/product-73.jpg\",\"products\\/product-91.jpg\"]'),(134,9,NULL,NULL,52,5,'Great E-commerce system. And much more : Wonderful Customer Support.','published','2025-08-02 02:15:51','2025-08-02 02:15:51','[\"products\\/pla-product-03.jpg\",\"products\\/product-14.jpg\",\"products\\/product-26.jpg\"]'),(135,4,NULL,NULL,45,2,'These guys are amazing! Responses immediately, amazing support and help... I immediately feel at ease after Purchasing..','published','2025-08-02 02:15:51','2025-08-02 02:15:51','[\"products\\/product-35.jpg\"]'),(136,3,NULL,NULL,45,2,'The best ecommerce CMS! Excellent coding! best support service! Thank you so much..... I really like your hard work.','published','2025-08-02 02:15:51','2025-08-02 02:15:51','[\"products\\/product-27.jpg\",\"products\\/product-88.jpg\"]'),(137,4,NULL,NULL,4,1,'It\'s not my first experience here on Codecanyon and I can honestly tell you all that Botble puts a LOT of effort into the support. They answer so fast, they helped me tons of times. REALLY by far THE BEST EXPERIENCE on Codecanyon. Those guys at Botble are so good that they deserve 5 stars. I recommend them, I trust them and I can\'t wait to see what they will sell in a near future. Thank you Botble :)','published','2025-08-02 02:15:51','2025-08-02 02:15:51','[\"products\\/product-16.jpg\",\"products\\/product-93.jpg\"]'),(138,4,NULL,NULL,15,4,'Great system, great support, good job Botble. I\'m looking forward to more great functional plugins.','published','2025-08-02 02:15:51','2025-08-02 02:15:51','[\"products\\/product-40.jpg\"]'),(139,4,NULL,NULL,24,2,'Clean & perfect source code','published','2025-08-02 02:15:51','2025-08-02 02:15:51','[\"products\\/product-46.jpg\",\"products\\/product-56.jpg\"]'),(140,3,NULL,NULL,17,3,'Cool template. Excellent code quality. The support responds very quickly, which is very rare on themeforest and codecanyon.net, I buy a lot of templates, and everyone will have a response from technical support for two or three days. Thanks to tech support. I recommend to buy.','published','2025-08-02 02:15:51','2025-08-02 02:15:51','[\"products\\/product-12.jpg\",\"products\\/product-47.jpg\",\"products\\/product-53.jpg\"]'),(141,2,NULL,NULL,41,3,'Those guys now what they are doing, the release such a good product that it\'s a pleasure to work with ! Even when I was stuck on the project, I created a ticket and the next day it was replied by the team. GOOD JOB guys. I love working with them :)','published','2025-08-02 02:15:51','2025-08-02 02:15:51','[\"products\\/product-83.jpg\",\"products\\/product-85.jpg\"]'),(142,9,NULL,NULL,43,4,'The script is the best of its class, fast, easy to implement and work with , and the most important thing is the great support team , Recommend with no doubt.','published','2025-08-02 02:15:51','2025-08-02 02:15:51','[\"products\\/product-29.jpg\",\"products\\/product-71.jpg\",\"products\\/product-73.jpg\",\"products\\/product-82.jpg\"]'),(144,6,NULL,NULL,34,5,'We have received brilliant service support and will be expanding the features with the developer. Nice product!','published','2025-08-02 02:15:51','2025-08-02 02:15:51','[\"products\\/product-54.jpg\",\"products\\/product-73.jpg\"]'),(145,4,NULL,NULL,33,2,'Customer Support are grade (A*), however the code is a way too over engineered for it\'s purpose.','published','2025-08-02 02:15:51','2025-08-02 02:15:51','[\"products\\/product-53.jpg\",\"products\\/product-68.jpg\",\"products\\/product-94.jpg\"]'),(149,8,NULL,NULL,23,1,'The script is the best of its class, fast, easy to implement and work with , and the most important thing is the great support team , Recommend with no doubt.','published','2025-08-02 02:15:51','2025-08-02 02:15:51','[\"products\\/product-66.jpg\"]'),(150,4,NULL,NULL,62,1,'Good app, good backup service and support. Good documentation.','published','2025-08-02 02:15:51','2025-08-02 02:15:51','[\"products\\/product-15.jpg\",\"products\\/product-36.jpg\",\"products\\/product-53.jpg\",\"products\\/product-82.jpg\"]'),(151,9,NULL,NULL,11,4,'Those guys now what they are doing, the release such a good product that it\'s a pleasure to work with ! Even when I was stuck on the project, I created a ticket and the next day it was replied by the team. GOOD JOB guys. I love working with them :)','published','2025-08-02 02:15:51','2025-08-02 02:15:51','[\"products\\/product-5.jpg\"]'),(152,3,NULL,NULL,10,5,'Great system, great support, good job Botble. I\'m looking forward to more great functional plugins.','published','2025-08-02 02:15:51','2025-08-02 02:15:51','[\"products\\/product-4.jpg\",\"products\\/product-6.jpg\",\"products\\/product-14.jpg\",\"products\\/product-40.jpg\"]'),(153,1,NULL,NULL,53,4,'Those guys now what they are doing, the release such a good product that it\'s a pleasure to work with ! Even when I was stuck on the project, I created a ticket and the next day it was replied by the team. GOOD JOB guys. I love working with them :)','published','2025-08-02 02:15:51','2025-08-02 02:15:51','[\"products\\/product-35.jpg\",\"products\\/product-84.jpg\"]'),(154,4,NULL,NULL,69,2,'Amazing code, amazing support. Overall, im really confident in Botble and im happy I made the right choice! Thank you so much guys for coding this masterpiece','published','2025-08-02 02:15:51','2025-08-02 02:15:51','[\"products\\/product-52.jpg\"]'),(156,9,NULL,NULL,69,3,'Amazing code, amazing support. Overall, im really confident in Botble and im happy I made the right choice! Thank you so much guys for coding this masterpiece','published','2025-08-02 02:15:51','2025-08-02 02:15:51','[\"products\\/product-30.jpg\",\"products\\/product-41.jpg\"]'),(157,5,NULL,NULL,58,2,'This script is well coded and is super fast. The support is pretty quick. Very patient and helpful team. I strongly recommend it and they deserve more than 5 stars.','published','2025-08-02 02:15:51','2025-08-02 02:15:51','[\"products\\/product-7.jpg\"]'),(158,7,NULL,NULL,12,4,'I Love this Script. I also found how to add other fees. Now I just wait the BIG update for the Marketplace with the Bulk Import. Just do not forget to make it to be Multi-language for us the Botble Fans.','published','2025-08-02 02:15:51','2025-08-02 02:15:51','[\"products\\/product-83.jpg\",\"products\\/product-88.jpg\"]'),(159,7,NULL,NULL,31,5,'Cool template. Excellent code quality. The support responds very quickly, which is very rare on themeforest and codecanyon.net, I buy a lot of templates, and everyone will have a response from technical support for two or three days. Thanks to tech support. I recommend to buy.','published','2025-08-02 02:15:51','2025-08-02 02:15:51','[\"products\\/product-39.jpg\",\"products\\/product-66.jpg\",\"products\\/product-88.jpg\"]'),(160,5,NULL,NULL,11,3,'This script is well coded and is super fast. The support is pretty quick. Very patient and helpful team. I strongly recommend it and they deserve more than 5 stars.','published','2025-08-02 02:15:51','2025-08-02 02:15:51','[\"products\\/product-49.jpg\"]'),(163,6,NULL,NULL,54,1,'Perfect +++++++++ i love it really also i get to fast ticket answers... Thanks Lot BOTBLE Teams','published','2025-08-02 02:15:51','2025-08-02 02:15:51','[\"products\\/product-13.jpg\",\"products\\/product-23.jpg\",\"products\\/product-25.jpg\"]'),(164,6,NULL,NULL,46,1,'The best store template! Excellent coding! Very good support! Thank you so much for all the help, I really appreciated.','published','2025-08-02 02:15:51','2025-08-02 02:15:51','[\"products\\/product-11.jpg\"]'),(165,7,NULL,NULL,53,5,'These guys are amazing! Responses immediately, amazing support and help... I immediately feel at ease after Purchasing..','published','2025-08-02 02:15:51','2025-08-02 02:15:51','[\"products\\/product-79.jpg\",\"products\\/product-89.jpg\"]'),(166,6,NULL,NULL,24,4,'The script is the best of its class, fast, easy to implement and work with , and the most important thing is the great support team , Recommend with no doubt.','published','2025-08-02 02:15:51','2025-08-02 02:15:51','[\"products\\/product-25.jpg\"]'),(167,4,NULL,NULL,26,2,'We have received brilliant service support and will be expanding the features with the developer. Nice product!','published','2025-08-02 02:15:51','2025-08-02 02:15:51','[\"products\\/product-86.jpg\"]'),(168,2,NULL,NULL,72,5,'For me the best eCommerce script on Envato at this moment: modern, clean code, a lot of great features. The customer support is great too: I always get an answer within hours!','published','2025-08-02 02:15:51','2025-08-02 02:15:51','[\"products\\/product-4.jpg\",\"products\\/product-14.jpg\",\"products\\/product-26.jpg\",\"products\\/product-68.jpg\"]'),(169,10,NULL,NULL,23,2,'I Love this Script. I also found how to add other fees. Now I just wait the BIG update for the Marketplace with the Bulk Import. Just do not forget to make it to be Multi-language for us the Botble Fans.','published','2025-08-02 02:15:51','2025-08-02 02:15:51','[\"products\\/product-3.jpg\",\"products\\/product-49.jpg\"]'),(173,3,NULL,NULL,63,3,'Best ecommerce CMS online store!','published','2025-08-02 02:15:51','2025-08-02 02:15:51','[\"products\\/product-31.jpg\",\"products\\/product-38.jpg\",\"products\\/product-43.jpg\",\"products\\/product-87.jpg\"]'),(174,9,NULL,NULL,50,3,'The best ecommerce CMS! Excellent coding! best support service! Thank you so much..... I really like your hard work.','published','2025-08-02 02:15:51','2025-08-02 02:15:51','[\"products\\/product-17.jpg\",\"products\\/product-37.jpg\",\"products\\/product-64.jpg\"]'),(175,4,NULL,NULL,50,5,'The code is good, in general, if you like it, can you give it 5 stars?','published','2025-08-02 02:15:51','2025-08-02 02:15:51','[\"products\\/product-68.jpg\",\"products\\/product-81.jpg\"]'),(176,3,NULL,NULL,65,4,'Great system, great support, good job Botble. I\'m looking forward to more great functional plugins.','published','2025-08-02 02:15:51','2025-08-02 02:15:51','[\"products\\/product-41.jpg\",\"products\\/product-51.jpg\",\"products\\/product-74.jpg\",\"products\\/product-92.jpg\"]'),(177,6,NULL,NULL,57,1,'The best ecommerce CMS! Excellent coding! best support service! Thank you so much..... I really like your hard work.','published','2025-08-02 02:15:51','2025-08-02 02:15:51','[\"products\\/product-8.jpg\",\"products\\/product-64.jpg\",\"products\\/product-83.jpg\"]'),(178,10,NULL,NULL,58,1,'Second or third time that I buy a Botble product, happy with the products and support. You guys do a good job :)','published','2025-08-02 02:15:51','2025-08-02 02:15:51','[\"products\\/product-7.jpg\",\"products\\/product-73.jpg\"]'),(179,1,NULL,NULL,44,1,'Solution is too robust for our purpose so we didn\'t use it at the end. But I appreciate customer support during initial configuration.','published','2025-08-02 02:15:51','2025-08-02 02:15:51','[\"products\\/product-55.jpg\",\"products\\/product-60.jpg\"]'),(180,2,NULL,NULL,7,4,'Cool template. Excellent code quality. The support responds very quickly, which is very rare on themeforest and codecanyon.net, I buy a lot of templates, and everyone will have a response from technical support for two or three days. Thanks to tech support. I recommend to buy.','published','2025-08-02 02:15:51','2025-08-02 02:15:51','[\"products\\/product-5.jpg\",\"products\\/product-85.jpg\",\"products\\/product-93.jpg\"]'),(182,2,NULL,NULL,21,2,'The script is the best of its class, fast, easy to implement and work with , and the most important thing is the great support team , Recommend with no doubt.','published','2025-08-02 02:15:51','2025-08-02 02:15:51','[\"products\\/product-8.jpg\",\"products\\/product-69.jpg\",\"products\\/product-77.jpg\",\"products\\/product-91.jpg\"]'),(183,3,NULL,NULL,24,1,'This web app is really good in design, code quality & features. Besides, the customer support provided by the Botble team was really fast & helpful. You guys are awesome!','published','2025-08-02 02:15:51','2025-08-02 02:15:51','[\"products\\/product-1.jpg\",\"products\\/product-14.jpg\",\"products\\/product-40.jpg\",\"products\\/product-72.jpg\"]'),(184,2,NULL,NULL,74,5,'Cool template. Excellent code quality. The support responds very quickly, which is very rare on themeforest and codecanyon.net, I buy a lot of templates, and everyone will have a response from technical support for two or three days. Thanks to tech support. I recommend to buy.','published','2025-08-02 02:15:51','2025-08-02 02:15:51','[\"products\\/product-39.jpg\",\"products\\/product-87.jpg\"]'),(185,5,NULL,NULL,35,4,'Customer Support are grade (A*), however the code is a way too over engineered for it\'s purpose.','published','2025-08-02 02:15:51','2025-08-02 02:15:51','[\"products\\/product-5.jpg\",\"products\\/product-26.jpg\",\"products\\/product-78.jpg\",\"products\\/product-93.jpg\"]'),(186,1,NULL,NULL,67,2,'Second or third time that I buy a Botble product, happy with the products and support. You guys do a good job :)','published','2025-08-02 02:15:51','2025-08-02 02:15:51','[\"products\\/product-7.jpg\",\"products\\/product-59.jpg\"]'),(187,6,NULL,NULL,23,5,'Clean & perfect source code','published','2025-08-02 02:15:51','2025-08-02 02:15:51','[\"products\\/product-7.jpg\",\"products\\/product-24.jpg\",\"products\\/product-68.jpg\",\"products\\/product-92.jpg\"]'),(188,5,NULL,NULL,73,4,'Customer Support are grade (A*), however the code is a way too over engineered for it\'s purpose.','published','2025-08-02 02:15:51','2025-08-02 02:15:51','[\"products\\/product-21.jpg\",\"products\\/product-29.jpg\",\"products\\/product-40.jpg\",\"products\\/product-71.jpg\"]'),(189,2,NULL,NULL,28,5,'Very enthusiastic support! Excellent code is written. It\'s a true pleasure working with.','published','2025-08-02 02:15:51','2025-08-02 02:15:51','[\"products\\/product-1.jpg\",\"products\\/product-71.jpg\"]'),(192,5,NULL,NULL,33,2,'This script is well coded and is super fast. The support is pretty quick. Very patient and helpful team. I strongly recommend it and they deserve more than 5 stars.','published','2025-08-02 02:15:51','2025-08-02 02:15:51','[\"products\\/product-49.jpg\",\"products\\/product-69.jpg\",\"products\\/product-80.jpg\"]'),(193,5,NULL,NULL,55,4,'This script is well coded and is super fast. The support is pretty quick. Very patient and helpful team. I strongly recommend it and they deserve more than 5 stars.','published','2025-08-02 02:15:51','2025-08-02 02:15:51','[\"products\\/product-63.jpg\"]'),(194,10,NULL,NULL,43,2,'For me the best eCommerce script on Envato at this moment: modern, clean code, a lot of great features. The customer support is great too: I always get an answer within hours!','published','2025-08-02 02:15:51','2025-08-02 02:15:51','[\"products\\/product-72.jpg\"]'),(196,6,NULL,NULL,38,3,'Ok good product. I have some issues in customizations. But its not correct to blame the developer. The product is good. Good luck for your business.','published','2025-08-02 02:15:51','2025-08-02 02:15:51','[\"products\\/product-53.jpg\"]'),(197,3,NULL,NULL,23,4,'I Love this Script. I also found how to add other fees. Now I just wait the BIG update for the Marketplace with the Bulk Import. Just do not forget to make it to be Multi-language for us the Botble Fans.','published','2025-08-02 02:15:51','2025-08-02 02:15:51','[\"products\\/pla-product-04.jpg\",\"products\\/product-7.jpg\"]'),(199,2,NULL,NULL,1,3,'Solution is too robust for our purpose so we didn\'t use it at the end. But I appreciate customer support during initial configuration.','published','2025-08-02 02:15:51','2025-08-02 02:15:51','[\"products\\/product-32.jpg\",\"products\\/product-48.jpg\",\"products\\/product-56.jpg\",\"products\\/product-93.jpg\"]'),(200,2,NULL,NULL,43,1,'We have received brilliant service support and will be expanding the features with the developer. Nice product!','published','2025-08-02 02:15:51','2025-08-02 02:15:51','[\"products\\/product-32.jpg\",\"products\\/product-48.jpg\",\"products\\/product-53.jpg\",\"products\\/product-85.jpg\"]'),(202,8,NULL,NULL,5,4,'I Love this Script. I also found how to add other fees. Now I just wait the BIG update for the Marketplace with the Bulk Import. Just do not forget to make it to be Multi-language for us the Botble Fans.','published','2025-08-02 02:15:51','2025-08-02 02:15:51','[\"products\\/product-81.jpg\"]'),(205,9,NULL,NULL,48,1,'Second or third time that I buy a Botble product, happy with the products and support. You guys do a good job :)','published','2025-08-02 02:15:51','2025-08-02 02:15:51','[\"products\\/product-20.jpg\",\"products\\/product-41.jpg\",\"products\\/product-54.jpg\",\"products\\/product-71.jpg\"]'),(206,1,NULL,NULL,55,1,'Great E-commerce system. And much more : Wonderful Customer Support.','published','2025-08-02 02:15:51','2025-08-02 02:15:51','[\"products\\/product-50.jpg\",\"products\\/product-54.jpg\",\"products\\/product-94.jpg\"]'),(207,7,NULL,NULL,14,4,'Those guys now what they are doing, the release such a good product that it\'s a pleasure to work with ! Even when I was stuck on the project, I created a ticket and the next day it was replied by the team. GOOD JOB guys. I love working with them :)','published','2025-08-02 02:15:51','2025-08-02 02:15:51','[\"products\\/product-89.jpg\"]'),(209,10,NULL,NULL,61,4,'Clean & perfect source code','published','2025-08-02 02:15:51','2025-08-02 02:15:51','[\"products\\/product-17.jpg\",\"products\\/product-30.jpg\",\"products\\/product-65.jpg\",\"products\\/product-93.jpg\"]'),(210,2,NULL,NULL,35,1,'The script is the best of its class, fast, easy to implement and work with , and the most important thing is the great support team , Recommend with no doubt.','published','2025-08-02 02:15:51','2025-08-02 02:15:51','[\"products\\/product-60.jpg\"]'),(211,3,NULL,NULL,30,4,'Solution is too robust for our purpose so we didn\'t use it at the end. But I appreciate customer support during initial configuration.','published','2025-08-02 02:15:51','2025-08-02 02:15:51','[\"products\\/product-55.jpg\",\"products\\/product-89.jpg\"]'),(212,10,NULL,NULL,29,4,'Second or third time that I buy a Botble product, happy with the products and support. You guys do a good job :)','published','2025-08-02 02:15:51','2025-08-02 02:15:51','[\"products\\/pla-product-04.jpg\",\"products\\/product-5.jpg\",\"products\\/product-45.jpg\",\"products\\/product-60.jpg\"]'),(213,3,NULL,NULL,48,3,'I Love this Script. I also found how to add other fees. Now I just wait the BIG update for the Marketplace with the Bulk Import. Just do not forget to make it to be Multi-language for us the Botble Fans.','published','2025-08-02 02:15:51','2025-08-02 02:15:51','[\"products\\/product-1.jpg\",\"products\\/product-66.jpg\",\"products\\/product-67.jpg\"]'),(214,7,NULL,NULL,48,2,'Ok good product. I have some issues in customizations. But its not correct to blame the developer. The product is good. Good luck for your business.','published','2025-08-02 02:15:51','2025-08-02 02:15:51','[\"products\\/product-16.jpg\",\"products\\/product-27.jpg\",\"products\\/product-72.jpg\"]'),(215,8,NULL,NULL,41,4,'For me the best eCommerce script on Envato at this moment: modern, clean code, a lot of great features. The customer support is great too: I always get an answer within hours!','published','2025-08-02 02:15:51','2025-08-02 02:15:51','[\"products\\/product-32.jpg\",\"products\\/product-48.jpg\",\"products\\/product-74.jpg\"]'),(216,5,NULL,NULL,53,4,'We have received brilliant service support and will be expanding the features with the developer. Nice product!','published','2025-08-02 02:15:51','2025-08-02 02:15:51','[\"products\\/product-53.jpg\",\"products\\/product-54.jpg\",\"products\\/product-57.jpg\"]'),(217,8,NULL,NULL,3,3,'Second or third time that I buy a Botble product, happy with the products and support. You guys do a good job :)','published','2025-08-02 02:15:51','2025-08-02 02:15:51','[\"products\\/product-1.jpg\",\"products\\/product-12.jpg\",\"products\\/product-70.jpg\",\"products\\/product-90.jpg\"]'),(218,3,NULL,NULL,20,1,'These guys are amazing! Responses immediately, amazing support and help... I immediately feel at ease after Purchasing..','published','2025-08-02 02:15:51','2025-08-02 02:15:51','[\"products\\/product-44.jpg\"]'),(220,3,NULL,NULL,58,1,'These guys are amazing! Responses immediately, amazing support and help... I immediately feel at ease after Purchasing..','published','2025-08-02 02:15:51','2025-08-02 02:15:51','[\"products\\/product-24.jpg\",\"products\\/product-46.jpg\",\"products\\/product-58.jpg\",\"products\\/product-62.jpg\"]'),(221,8,NULL,NULL,45,4,'Great system, great support, good job Botble. I\'m looking forward to more great functional plugins.','published','2025-08-02 02:15:51','2025-08-02 02:15:51','[\"products\\/product-62.jpg\"]'),(222,6,NULL,NULL,3,3,'Good app, good backup service and support. Good documentation.','published','2025-08-02 02:15:51','2025-08-02 02:15:51','[\"products\\/product-47.jpg\",\"products\\/product-63.jpg\",\"products\\/product-74.jpg\",\"products\\/product-90.jpg\"]'),(223,7,NULL,NULL,61,3,'Clean & perfect source code','published','2025-08-02 02:15:51','2025-08-02 02:15:51','[\"products\\/product-15.jpg\",\"products\\/product-31.jpg\",\"products\\/product-37.jpg\",\"products\\/product-38.jpg\"]'),(224,10,NULL,NULL,7,1,'Clean & perfect source code','published','2025-08-02 02:15:51','2025-08-02 02:15:51','[\"products\\/product-11.jpg\",\"products\\/product-68.jpg\"]'),(225,3,NULL,NULL,31,2,'Those guys now what they are doing, the release such a good product that it\'s a pleasure to work with ! Even when I was stuck on the project, I created a ticket and the next day it was replied by the team. GOOD JOB guys. I love working with them :)','published','2025-08-02 02:15:51','2025-08-02 02:15:51','[\"products\\/product-43.jpg\"]'),(226,8,NULL,NULL,24,4,'It\'s not my first experience here on Codecanyon and I can honestly tell you all that Botble puts a LOT of effort into the support. They answer so fast, they helped me tons of times. REALLY by far THE BEST EXPERIENCE on Codecanyon. Those guys at Botble are so good that they deserve 5 stars. I recommend them, I trust them and I can\'t wait to see what they will sell in a near future. Thank you Botble :)','published','2025-08-02 02:15:51','2025-08-02 02:15:51','[\"products\\/product-51.jpg\",\"products\\/product-67.jpg\"]'),(228,2,NULL,NULL,17,3,'The script is the best of its class, fast, easy to implement and work with , and the most important thing is the great support team , Recommend with no doubt.','published','2025-08-02 02:15:51','2025-08-02 02:15:51','[\"products\\/product-18.jpg\"]'),(230,5,NULL,NULL,71,4,'Great system, great support, good job Botble. I\'m looking forward to more great functional plugins.','published','2025-08-02 02:15:51','2025-08-02 02:15:51','[\"products\\/product-16.jpg\",\"products\\/product-35.jpg\",\"products\\/product-46.jpg\",\"products\\/product-47.jpg\"]'),(231,6,NULL,NULL,13,1,'As a developer I reviewed this script. This is really awesome ecommerce script. I have convinced when I noticed that it\'s built on fully WordPress concept.','published','2025-08-02 02:15:51','2025-08-02 02:15:51','[\"products\\/product-22.jpg\",\"products\\/product-33.jpg\"]'),(232,3,NULL,NULL,41,4,'We have received brilliant service support and will be expanding the features with the developer. Nice product!','published','2025-08-02 02:15:51','2025-08-02 02:15:51','[\"products\\/product-23.jpg\",\"products\\/product-95.jpg\"]'),(233,6,NULL,NULL,14,4,'Clean & perfect source code','published','2025-08-02 02:15:51','2025-08-02 02:15:51','[\"products\\/product-25.jpg\",\"products\\/product-65.jpg\"]'),(234,3,NULL,NULL,70,4,'Clean & perfect source code','published','2025-08-02 02:15:51','2025-08-02 02:15:51','[\"products\\/product-8.jpg\",\"products\\/product-13.jpg\",\"products\\/product-58.jpg\",\"products\\/product-69.jpg\"]'),(235,9,NULL,NULL,13,3,'This script is well coded and is super fast. The support is pretty quick. Very patient and helpful team. I strongly recommend it and they deserve more than 5 stars.','published','2025-08-02 02:15:51','2025-08-02 02:15:51','[\"products\\/product-18.jpg\",\"products\\/product-30.jpg\",\"products\\/product-71.jpg\"]'),(236,1,NULL,NULL,52,1,'For me the best eCommerce script on Envato at this moment: modern, clean code, a lot of great features. The customer support is great too: I always get an answer within hours!','published','2025-08-02 02:15:51','2025-08-02 02:15:51','[\"products\\/product-5.jpg\",\"products\\/product-87.jpg\",\"products\\/product-90.jpg\",\"products\\/product-95.jpg\"]'),(237,1,NULL,NULL,42,3,'This script is well coded and is super fast. The support is pretty quick. Very patient and helpful team. I strongly recommend it and they deserve more than 5 stars.','published','2025-08-02 02:15:51','2025-08-02 02:15:51','[\"products\\/product-39.jpg\",\"products\\/product-56.jpg\",\"products\\/product-57.jpg\",\"products\\/product-74.jpg\"]'),(238,1,NULL,NULL,56,3,'Great E-commerce system. And much more : Wonderful Customer Support.','published','2025-08-02 02:15:51','2025-08-02 02:15:51','[\"products\\/product-22.jpg\",\"products\\/product-23.jpg\",\"products\\/product-30.jpg\",\"products\\/product-89.jpg\"]'),(240,10,NULL,NULL,63,2,'Cool template. Excellent code quality. The support responds very quickly, which is very rare on themeforest and codecanyon.net, I buy a lot of templates, and everyone will have a response from technical support for two or three days. Thanks to tech support. I recommend to buy.','published','2025-08-02 02:15:51','2025-08-02 02:15:51','[\"products\\/pla-product-04.jpg\",\"products\\/product-7.jpg\",\"products\\/product-17.jpg\",\"products\\/product-57.jpg\"]'),(241,6,NULL,NULL,33,3,'For me the best eCommerce script on Envato at this moment: modern, clean code, a lot of great features. The customer support is great too: I always get an answer within hours!','published','2025-08-02 02:15:51','2025-08-02 02:15:51','[\"products\\/product-29.jpg\",\"products\\/product-92.jpg\"]'),(242,3,NULL,NULL,49,1,'The best ecommerce CMS! Excellent coding! best support service! Thank you so much..... I really like your hard work.','published','2025-08-02 02:15:51','2025-08-02 02:15:51','[\"products\\/pla-product-04.jpg\",\"products\\/product-30.jpg\"]'),(243,1,NULL,NULL,41,5,'For me the best eCommerce script on Envato at this moment: modern, clean code, a lot of great features. The customer support is great too: I always get an answer within hours!','published','2025-08-02 02:15:51','2025-08-02 02:15:51','[\"products\\/product-87.jpg\"]'),(244,4,NULL,NULL,3,5,'For me the best eCommerce script on Envato at this moment: modern, clean code, a lot of great features. The customer support is great too: I always get an answer within hours!','published','2025-08-02 02:15:51','2025-08-02 02:15:51','[\"products\\/product-26.jpg\",\"products\\/product-72.jpg\",\"products\\/product-82.jpg\"]'),(245,4,NULL,NULL,61,3,'I Love this Script. I also found how to add other fees. Now I just wait the BIG update for the Marketplace with the Bulk Import. Just do not forget to make it to be Multi-language for us the Botble Fans.','published','2025-08-02 02:15:51','2025-08-02 02:15:51','[\"products\\/product-3.jpg\",\"products\\/product-90.jpg\"]'),(246,9,NULL,NULL,53,2,'Great E-commerce system. And much more : Wonderful Customer Support.','published','2025-08-02 02:15:51','2025-08-02 02:15:51','[\"products\\/product-25.jpg\",\"products\\/product-54.jpg\"]'),(247,5,NULL,NULL,32,3,'This web app is really good in design, code quality & features. Besides, the customer support provided by the Botble team was really fast & helpful. You guys are awesome!','published','2025-08-02 02:15:51','2025-08-02 02:15:51','[\"products\\/product-22.jpg\",\"products\\/product-54.jpg\",\"products\\/product-88.jpg\",\"products\\/product-90.jpg\"]'),(248,1,NULL,NULL,9,3,'The script is the best of its class, fast, easy to implement and work with , and the most important thing is the great support team , Recommend with no doubt.','published','2025-08-02 02:15:51','2025-08-02 02:15:51','[\"products\\/product-95.jpg\"]'),(250,6,NULL,NULL,6,2,'Cool template. Excellent code quality. The support responds very quickly, which is very rare on themeforest and codecanyon.net, I buy a lot of templates, and everyone will have a response from technical support for two or three days. Thanks to tech support. I recommend to buy.','published','2025-08-02 02:15:51','2025-08-02 02:15:51','[\"products\\/product-7.jpg\",\"products\\/product-23.jpg\",\"products\\/product-92.jpg\"]'),(251,9,NULL,NULL,22,5,'The best store template! Excellent coding! Very good support! Thank you so much for all the help, I really appreciated.','published','2025-08-02 02:15:51','2025-08-02 02:15:51','[\"products\\/product-56.jpg\",\"products\\/product-88.jpg\"]'),(252,4,NULL,NULL,18,3,'Perfect +++++++++ i love it really also i get to fast ticket answers... Thanks Lot BOTBLE Teams','published','2025-08-02 02:15:51','2025-08-02 02:15:51','[\"products\\/product-13.jpg\",\"products\\/product-20.jpg\",\"products\\/product-82.jpg\"]'),(253,7,NULL,NULL,47,2,'Second or third time that I buy a Botble product, happy with the products and support. You guys do a good job :)','published','2025-08-02 02:15:51','2025-08-02 02:15:51','[\"products\\/product-37.jpg\"]'),(254,10,NULL,NULL,21,1,'Amazing code, amazing support. Overall, im really confident in Botble and im happy I made the right choice! Thank you so much guys for coding this masterpiece','published','2025-08-02 02:15:51','2025-08-02 02:15:51','[\"products\\/product-81.jpg\"]'),(255,10,NULL,NULL,22,4,'Solution is too robust for our purpose so we didn\'t use it at the end. But I appreciate customer support during initial configuration.','published','2025-08-02 02:15:51','2025-08-02 02:15:51','[\"products\\/product-36.jpg\"]'),(257,8,NULL,NULL,9,4,'Perfect +++++++++ i love it really also i get to fast ticket answers... Thanks Lot BOTBLE Teams','published','2025-08-02 02:15:51','2025-08-02 02:15:51','[\"products\\/product-29.jpg\",\"products\\/product-41.jpg\",\"products\\/product-57.jpg\",\"products\\/product-83.jpg\"]'),(258,8,NULL,NULL,74,1,'Best ecommerce CMS online store!','published','2025-08-02 02:15:51','2025-08-02 02:15:51','[\"products\\/product-51.jpg\"]'),(259,2,NULL,NULL,31,2,'Best ecommerce CMS online store!','published','2025-08-02 02:15:51','2025-08-02 02:15:51','[\"products\\/product-19.jpg\",\"products\\/product-56.jpg\"]'),(260,5,NULL,NULL,4,3,'Clean & perfect source code','published','2025-08-02 02:15:51','2025-08-02 02:15:51','[\"products\\/product-63.jpg\",\"products\\/product-89.jpg\"]'),(263,3,NULL,NULL,56,2,'Solution is too robust for our purpose so we didn\'t use it at the end. But I appreciate customer support during initial configuration.','published','2025-08-02 02:15:51','2025-08-02 02:15:51','[\"products\\/product-41.jpg\"]'),(264,6,NULL,NULL,40,1,'This web app is really good in design, code quality & features. Besides, the customer support provided by the Botble team was really fast & helpful. You guys are awesome!','published','2025-08-02 02:15:51','2025-08-02 02:15:51','[\"products\\/product-19.jpg\",\"products\\/product-33.jpg\",\"products\\/product-47.jpg\"]'),(266,3,NULL,NULL,39,5,'I Love this Script. I also found how to add other fees. Now I just wait the BIG update for the Marketplace with the Bulk Import. Just do not forget to make it to be Multi-language for us the Botble Fans.','published','2025-08-02 02:15:51','2025-08-02 02:15:51','[\"products\\/product-38.jpg\",\"products\\/product-68.jpg\"]'),(267,9,NULL,NULL,7,4,'This script is well coded and is super fast. The support is pretty quick. Very patient and helpful team. I strongly recommend it and they deserve more than 5 stars.','published','2025-08-02 02:15:51','2025-08-02 02:15:51','[\"products\\/product-32.jpg\",\"products\\/product-41.jpg\"]'),(268,5,NULL,NULL,30,4,'Good app, good backup service and support. Good documentation.','published','2025-08-02 02:15:51','2025-08-02 02:15:51','[\"products\\/product-51.jpg\"]'),(269,2,NULL,NULL,67,2,'Cool template. Excellent code quality. The support responds very quickly, which is very rare on themeforest and codecanyon.net, I buy a lot of templates, and everyone will have a response from technical support for two or three days. Thanks to tech support. I recommend to buy.','published','2025-08-02 02:15:51','2025-08-02 02:15:51','[\"products\\/product-47.jpg\",\"products\\/product-48.jpg\",\"products\\/product-61.jpg\",\"products\\/product-83.jpg\"]'),(270,7,NULL,NULL,70,2,'Second or third time that I buy a Botble product, happy with the products and support. You guys do a good job :)','published','2025-08-02 02:15:51','2025-08-02 02:15:51','[\"products\\/product-77.jpg\"]'),(271,4,NULL,NULL,63,4,'Customer Support are grade (A*), however the code is a way too over engineered for it\'s purpose.','published','2025-08-02 02:15:51','2025-08-02 02:15:51','[\"products\\/product-52.jpg\"]'),(272,1,NULL,NULL,64,5,'Those guys now what they are doing, the release such a good product that it\'s a pleasure to work with ! Even when I was stuck on the project, I created a ticket and the next day it was replied by the team. GOOD JOB guys. I love working with them :)','published','2025-08-02 02:15:51','2025-08-02 02:15:51','[\"products\\/product-45.jpg\"]'),(273,6,NULL,NULL,22,2,'The best ecommerce CMS! Excellent coding! best support service! Thank you so much..... I really like your hard work.','published','2025-08-02 02:15:51','2025-08-02 02:15:51','[\"products\\/product-1.jpg\",\"products\\/product-7.jpg\",\"products\\/product-47.jpg\",\"products\\/product-50.jpg\"]'),(275,1,NULL,NULL,35,5,'I Love this Script. I also found how to add other fees. Now I just wait the BIG update for the Marketplace with the Bulk Import. Just do not forget to make it to be Multi-language for us the Botble Fans.','published','2025-08-02 02:15:51','2025-08-02 02:15:51','[\"products\\/product-33.jpg\",\"products\\/product-48.jpg\",\"products\\/product-59.jpg\"]'),(276,3,NULL,NULL,55,2,'I Love this Script. I also found how to add other fees. Now I just wait the BIG update for the Marketplace with the Bulk Import. Just do not forget to make it to be Multi-language for us the Botble Fans.','published','2025-08-02 02:15:51','2025-08-02 02:15:51','[\"products\\/product-38.jpg\"]'),(277,6,NULL,NULL,36,2,'This script is well coded and is super fast. The support is pretty quick. Very patient and helpful team. I strongly recommend it and they deserve more than 5 stars.','published','2025-08-02 02:15:51','2025-08-02 02:15:51','[\"products\\/product-28.jpg\",\"products\\/product-75.jpg\"]'),(278,6,NULL,NULL,39,4,'This script is well coded and is super fast. The support is pretty quick. Very patient and helpful team. I strongly recommend it and they deserve more than 5 stars.','published','2025-08-02 02:15:51','2025-08-02 02:15:51','[\"products\\/product-40.jpg\",\"products\\/product-67.jpg\",\"products\\/product-74.jpg\",\"products\\/product-82.jpg\"]'),(279,8,NULL,NULL,50,5,'Great E-commerce system. And much more : Wonderful Customer Support.','published','2025-08-02 02:15:51','2025-08-02 02:15:51','[\"products\\/product-11.jpg\",\"products\\/product-13.jpg\"]'),(280,5,NULL,NULL,52,1,'We have received brilliant service support and will be expanding the features with the developer. Nice product!','published','2025-08-02 02:15:51','2025-08-02 02:15:51','[\"products\\/product-32.jpg\",\"products\\/product-72.jpg\",\"products\\/product-75.jpg\"]'),(281,7,NULL,NULL,11,5,'Best ecommerce CMS online store!','published','2025-08-02 02:15:51','2025-08-02 02:15:51','[\"products\\/product-40.jpg\",\"products\\/product-48.jpg\",\"products\\/product-62.jpg\",\"products\\/product-89.jpg\"]'),(283,1,NULL,NULL,61,3,'Good app, good backup service and support. Good documentation.','published','2025-08-02 02:15:51','2025-08-02 02:15:51','[\"products\\/product-86.jpg\"]'),(284,8,NULL,NULL,57,4,'The best ecommerce CMS! Excellent coding! best support service! Thank you so much..... I really like your hard work.','published','2025-08-02 02:15:51','2025-08-02 02:15:51','[\"products\\/product-52.jpg\"]'),(285,4,NULL,NULL,21,4,'Amazing code, amazing support. Overall, im really confident in Botble and im happy I made the right choice! Thank you so much guys for coding this masterpiece','published','2025-08-02 02:15:51','2025-08-02 02:15:51','[\"products\\/product-22.jpg\",\"products\\/product-38.jpg\",\"products\\/product-52.jpg\",\"products\\/product-78.jpg\"]'),(286,1,NULL,NULL,25,2,'The script is the best of its class, fast, easy to implement and work with , and the most important thing is the great support team , Recommend with no doubt.','published','2025-08-02 02:15:51','2025-08-02 02:15:51','[\"products\\/pla-product-04.jpg\",\"products\\/product-26.jpg\",\"products\\/product-29.jpg\",\"products\\/product-30.jpg\"]'),(287,8,NULL,NULL,44,5,'Good app, good backup service and support. Good documentation.','published','2025-08-02 02:15:51','2025-08-02 02:15:51','[\"products\\/product-22.jpg\"]'),(288,5,NULL,NULL,45,2,'As a developer I reviewed this script. This is really awesome ecommerce script. I have convinced when I noticed that it\'s built on fully WordPress concept.','published','2025-08-02 02:15:51','2025-08-02 02:15:51','[\"products\\/product-70.jpg\"]'),(289,1,NULL,NULL,45,1,'Customer Support are grade (A*), however the code is a way too over engineered for it\'s purpose.','published','2025-08-02 02:15:51','2025-08-02 02:15:51','[\"products\\/product-1.jpg\",\"products\\/product-10.jpg\",\"products\\/product-33.jpg\"]'),(290,8,NULL,NULL,30,4,'The code is good, in general, if you like it, can you give it 5 stars?','published','2025-08-02 02:15:51','2025-08-02 02:15:51','[\"products\\/product-40.jpg\",\"products\\/product-44.jpg\",\"products\\/product-45.jpg\",\"products\\/product-79.jpg\"]'),(291,1,NULL,NULL,73,4,'Best ecommerce CMS online store!','published','2025-08-02 02:15:51','2025-08-02 02:15:51','[\"products\\/product-15.jpg\",\"products\\/product-47.jpg\"]'),(293,4,NULL,NULL,39,2,'Best ecommerce CMS online store!','published','2025-08-02 02:15:51','2025-08-02 02:15:51','[\"products\\/product-43.jpg\",\"products\\/product-60.jpg\",\"products\\/product-69.jpg\",\"products\\/product-84.jpg\"]'),(297,4,NULL,NULL,55,5,'Very enthusiastic support! Excellent code is written. It\'s a true pleasure working with.','published','2025-08-02 02:15:51','2025-08-02 02:15:51','[\"products\\/product-25.jpg\",\"products\\/product-74.jpg\",\"products\\/product-90.jpg\"]'),(298,5,NULL,NULL,22,5,'Perfect +++++++++ i love it really also i get to fast ticket answers... Thanks Lot BOTBLE Teams','published','2025-08-02 02:15:51','2025-08-02 02:15:51','[\"products\\/product-33.jpg\"]'),(299,5,NULL,NULL,69,3,'Amazing code, amazing support. Overall, im really confident in Botble and im happy I made the right choice! Thank you so much guys for coding this masterpiece','published','2025-08-02 02:15:51','2025-08-02 02:15:51','[\"products\\/pla-product-04.jpg\"]'),(300,5,NULL,NULL,68,1,'Amazing code, amazing support. Overall, im really confident in Botble and im happy I made the right choice! Thank you so much guys for coding this masterpiece','published','2025-08-02 02:15:51','2025-08-02 02:15:51','[\"products\\/pla-product-03.jpg\",\"products\\/product-23.jpg\",\"products\\/product-40.jpg\",\"products\\/product-77.jpg\"]'),(301,3,NULL,NULL,4,5,'Great system, great support, good job Botble. I\'m looking forward to more great functional plugins.','published','2025-08-02 02:15:51','2025-08-02 02:15:51','[\"products\\/product-8.jpg\",\"products\\/product-60.jpg\"]'),(302,7,NULL,NULL,9,2,'This web app is really good in design, code quality & features. Besides, the customer support provided by the Botble team was really fast & helpful. You guys are awesome!','published','2025-08-02 02:15:51','2025-08-02 02:15:51','[\"products\\/product-9.jpg\",\"products\\/product-33.jpg\",\"products\\/product-86.jpg\",\"products\\/product-94.jpg\"]'),(303,7,NULL,NULL,10,2,'Cool template. Excellent code quality. The support responds very quickly, which is very rare on themeforest and codecanyon.net, I buy a lot of templates, and everyone will have a response from technical support for two or three days. Thanks to tech support. I recommend to buy.','published','2025-08-02 02:15:51','2025-08-02 02:15:51','[\"products\\/product-20.jpg\",\"products\\/product-85.jpg\"]'),(304,4,NULL,NULL,35,3,'Ok good product. I have some issues in customizations. But its not correct to blame the developer. The product is good. Good luck for your business.','published','2025-08-02 02:15:51','2025-08-02 02:15:51','[\"products\\/product-73.jpg\"]'),(305,6,NULL,NULL,19,2,'Good app, good backup service and support. Good documentation.','published','2025-08-02 02:15:51','2025-08-02 02:15:51','[\"products\\/pla-product-03.jpg\",\"products\\/product-3.jpg\",\"products\\/product-28.jpg\",\"products\\/product-59.jpg\"]'),(306,7,NULL,NULL,73,3,'Perfect +++++++++ i love it really also i get to fast ticket answers... Thanks Lot BOTBLE Teams','published','2025-08-02 02:15:51','2025-08-02 02:15:51','[\"products\\/product-55.jpg\"]'),(307,7,NULL,NULL,38,3,'Very enthusiastic support! Excellent code is written. It\'s a true pleasure working with.','published','2025-08-02 02:15:51','2025-08-02 02:15:51','[\"products\\/pla-product-03.jpg\",\"products\\/product-95.jpg\"]'),(308,1,NULL,NULL,6,4,'Clean & perfect source code','published','2025-08-02 02:15:51','2025-08-02 02:15:51','[\"products\\/product-81.jpg\",\"products\\/product-85.jpg\",\"products\\/product-87.jpg\",\"products\\/product-92.jpg\"]'),(311,1,NULL,NULL,66,4,'The code is good, in general, if you like it, can you give it 5 stars?','published','2025-08-02 02:15:51','2025-08-02 02:15:51','[\"products\\/product-41.jpg\",\"products\\/product-65.jpg\",\"products\\/product-69.jpg\",\"products\\/product-71.jpg\"]'),(313,10,NULL,NULL,28,2,'For me the best eCommerce script on Envato at this moment: modern, clean code, a lot of great features. The customer support is great too: I always get an answer within hours!','published','2025-08-02 02:15:51','2025-08-02 02:15:51','[\"products\\/product-43.jpg\"]'),(315,10,NULL,NULL,57,2,'It\'s not my first experience here on Codecanyon and I can honestly tell you all that Botble puts a LOT of effort into the support. They answer so fast, they helped me tons of times. REALLY by far THE BEST EXPERIENCE on Codecanyon. Those guys at Botble are so good that they deserve 5 stars. I recommend them, I trust them and I can\'t wait to see what they will sell in a near future. Thank you Botble :)','published','2025-08-02 02:15:51','2025-08-02 02:15:51','[\"products\\/product-67.jpg\"]'),(316,10,NULL,NULL,33,1,'Great system, great support, good job Botble. I\'m looking forward to more great functional plugins.','published','2025-08-02 02:15:51','2025-08-02 02:15:51','[\"products\\/product-69.jpg\"]'),(317,1,NULL,NULL,54,1,'Good app, good backup service and support. Good documentation.','published','2025-08-02 02:15:51','2025-08-02 02:15:51','[\"products\\/product-10.jpg\",\"products\\/product-16.jpg\",\"products\\/product-18.jpg\",\"products\\/product-51.jpg\"]'),(318,3,NULL,NULL,27,4,'Customer Support are grade (A*), however the code is a way too over engineered for it\'s purpose.','published','2025-08-02 02:15:51','2025-08-02 02:15:51','[\"products\\/product-3.jpg\",\"products\\/product-18.jpg\",\"products\\/product-67.jpg\",\"products\\/product-87.jpg\"]'),(319,8,NULL,NULL,26,5,'As a developer I reviewed this script. This is really awesome ecommerce script. I have convinced when I noticed that it\'s built on fully WordPress concept.','published','2025-08-02 02:15:51','2025-08-02 02:15:51','[\"products\\/product-48.jpg\",\"products\\/product-50.jpg\",\"products\\/product-81.jpg\"]'),(320,2,NULL,NULL,58,5,'Solution is too robust for our purpose so we didn\'t use it at the end. But I appreciate customer support during initial configuration.','published','2025-08-02 02:15:51','2025-08-02 02:15:51','[\"products\\/product-5.jpg\",\"products\\/product-9.jpg\",\"products\\/product-12.jpg\",\"products\\/product-32.jpg\"]'),(321,1,NULL,NULL,49,5,'Ok good product. I have some issues in customizations. But its not correct to blame the developer. The product is good. Good luck for your business.','published','2025-08-02 02:15:51','2025-08-02 02:15:51','[\"products\\/product-44.jpg\",\"products\\/product-52.jpg\",\"products\\/product-76.jpg\"]'),(322,7,NULL,NULL,39,1,'Very enthusiastic support! Excellent code is written. It\'s a true pleasure working with.','published','2025-08-02 02:15:51','2025-08-02 02:15:51','[\"products\\/product-34.jpg\",\"products\\/product-50.jpg\",\"products\\/product-65.jpg\",\"products\\/product-73.jpg\"]'),(327,7,NULL,NULL,45,2,'The code is good, in general, if you like it, can you give it 5 stars?','published','2025-08-02 02:15:51','2025-08-02 02:15:51','[\"products\\/product-1.jpg\",\"products\\/product-6.jpg\",\"products\\/product-54.jpg\",\"products\\/product-89.jpg\"]'),(329,9,NULL,NULL,67,3,'Cool template. Excellent code quality. The support responds very quickly, which is very rare on themeforest and codecanyon.net, I buy a lot of templates, and everyone will have a response from technical support for two or three days. Thanks to tech support. I recommend to buy.','published','2025-08-02 02:15:51','2025-08-02 02:15:51','[\"products\\/product-38.jpg\"]'),(331,9,NULL,NULL,44,5,'These guys are amazing! Responses immediately, amazing support and help... I immediately feel at ease after Purchasing..','published','2025-08-02 02:15:51','2025-08-02 02:15:51','[\"products\\/product-12.jpg\",\"products\\/product-16.jpg\",\"products\\/product-34.jpg\",\"products\\/product-39.jpg\"]'),(332,1,NULL,NULL,10,4,'I Love this Script. I also found how to add other fees. Now I just wait the BIG update for the Marketplace with the Bulk Import. Just do not forget to make it to be Multi-language for us the Botble Fans.','published','2025-08-02 02:15:51','2025-08-02 02:15:51','[\"products\\/product-16.jpg\"]'),(334,1,NULL,NULL,34,5,'The script is the best of its class, fast, easy to implement and work with , and the most important thing is the great support team , Recommend with no doubt.','published','2025-08-02 02:15:51','2025-08-02 02:15:51','[\"products\\/product-18.jpg\",\"products\\/product-51.jpg\",\"products\\/product-84.jpg\"]'),(335,10,NULL,NULL,2,4,'Perfect +++++++++ i love it really also i get to fast ticket answers... Thanks Lot BOTBLE Teams','published','2025-08-02 02:15:51','2025-08-02 02:15:51','[\"products\\/product-16.jpg\",\"products\\/product-22.jpg\",\"products\\/product-45.jpg\",\"products\\/product-69.jpg\"]'),(336,2,NULL,NULL,68,1,'These guys are amazing! Responses immediately, amazing support and help... I immediately feel at ease after Purchasing..','published','2025-08-02 02:15:51','2025-08-02 02:15:51','[\"products\\/product-10.jpg\",\"products\\/product-23.jpg\",\"products\\/product-25.jpg\",\"products\\/product-36.jpg\"]'),(337,9,NULL,NULL,10,4,'I Love this Script. I also found how to add other fees. Now I just wait the BIG update for the Marketplace with the Bulk Import. Just do not forget to make it to be Multi-language for us the Botble Fans.','published','2025-08-02 02:15:51','2025-08-02 02:15:51','[\"products\\/product-23.jpg\",\"products\\/product-37.jpg\",\"products\\/product-66.jpg\",\"products\\/product-85.jpg\"]'),(338,8,NULL,NULL,28,1,'The script is the best of its class, fast, easy to implement and work with , and the most important thing is the great support team , Recommend with no doubt.','published','2025-08-02 02:15:51','2025-08-02 02:15:51','[\"products\\/product-58.jpg\",\"products\\/product-59.jpg\",\"products\\/product-69.jpg\",\"products\\/product-95.jpg\"]'),(339,6,NULL,NULL,18,3,'Second or third time that I buy a Botble product, happy with the products and support. You guys do a good job :)','published','2025-08-02 02:15:51','2025-08-02 02:15:51','[\"products\\/product-67.jpg\"]'),(341,3,NULL,NULL,26,1,'Good app, good backup service and support. Good documentation.','published','2025-08-02 02:15:51','2025-08-02 02:15:51','[\"products\\/product-9.jpg\",\"products\\/product-95.jpg\"]'),(343,7,NULL,NULL,26,5,'This script is well coded and is super fast. The support is pretty quick. Very patient and helpful team. I strongly recommend it and they deserve more than 5 stars.','published','2025-08-02 02:15:51','2025-08-02 02:15:51','[\"products\\/product-12.jpg\",\"products\\/product-26.jpg\",\"products\\/product-42.jpg\"]'),(344,3,NULL,NULL,66,3,'Amazing code, amazing support. Overall, im really confident in Botble and im happy I made the right choice! Thank you so much guys for coding this masterpiece','published','2025-08-02 02:15:51','2025-08-02 02:15:51','[\"products\\/product-7.jpg\",\"products\\/product-56.jpg\",\"products\\/product-69.jpg\"]'),(346,5,NULL,NULL,6,2,'The script is the best of its class, fast, easy to implement and work with , and the most important thing is the great support team , Recommend with no doubt.','published','2025-08-02 02:15:51','2025-08-02 02:15:51','[\"products\\/product-26.jpg\",\"products\\/product-35.jpg\",\"products\\/product-76.jpg\",\"products\\/product-94.jpg\"]'),(350,2,NULL,NULL,52,5,'Great E-commerce system. And much more : Wonderful Customer Support.','published','2025-08-02 02:15:51','2025-08-02 02:15:51','[\"products\\/product-25.jpg\",\"products\\/product-32.jpg\",\"products\\/product-71.jpg\"]'),(351,6,NULL,NULL,25,2,'The code is good, in general, if you like it, can you give it 5 stars?','published','2025-08-02 02:15:51','2025-08-02 02:15:51','[\"products\\/product-30.jpg\",\"products\\/product-46.jpg\",\"products\\/product-48.jpg\"]'),(353,4,NULL,NULL,54,3,'I Love this Script. I also found how to add other fees. Now I just wait the BIG update for the Marketplace with the Bulk Import. Just do not forget to make it to be Multi-language for us the Botble Fans.','published','2025-08-02 02:15:51','2025-08-02 02:15:51','[\"products\\/product-79.jpg\"]'),(355,8,NULL,NULL,7,1,'Customer Support are grade (A*), however the code is a way too over engineered for it\'s purpose.','published','2025-08-02 02:15:51','2025-08-02 02:15:51','[\"products\\/product-51.jpg\",\"products\\/product-83.jpg\"]'),(356,8,NULL,NULL,43,3,'It\'s not my first experience here on Codecanyon and I can honestly tell you all that Botble puts a LOT of effort into the support. They answer so fast, they helped me tons of times. REALLY by far THE BEST EXPERIENCE on Codecanyon. Those guys at Botble are so good that they deserve 5 stars. I recommend them, I trust them and I can\'t wait to see what they will sell in a near future. Thank you Botble :)','published','2025-08-02 02:15:51','2025-08-02 02:15:51','[\"products\\/product-52.jpg\",\"products\\/product-68.jpg\"]'),(357,4,NULL,NULL,40,3,'Amazing code, amazing support. Overall, im really confident in Botble and im happy I made the right choice! Thank you so much guys for coding this masterpiece','published','2025-08-02 02:15:51','2025-08-02 02:15:51','[\"products\\/product-15.jpg\",\"products\\/product-34.jpg\",\"products\\/product-59.jpg\",\"products\\/product-82.jpg\"]'),(361,9,NULL,NULL,40,4,'Good app, good backup service and support. Good documentation.','published','2025-08-02 02:15:51','2025-08-02 02:15:51','[\"products\\/product-34.jpg\",\"products\\/product-87.jpg\",\"products\\/product-94.jpg\"]'),(362,2,NULL,NULL,55,2,'The script is the best of its class, fast, easy to implement and work with , and the most important thing is the great support team , Recommend with no doubt.','published','2025-08-02 02:15:51','2025-08-02 02:15:51','[\"products\\/product-6.jpg\",\"products\\/product-50.jpg\",\"products\\/product-61.jpg\",\"products\\/product-72.jpg\"]'),(364,8,NULL,NULL,54,4,'The script is the best of its class, fast, easy to implement and work with , and the most important thing is the great support team , Recommend with no doubt.','published','2025-08-02 02:15:51','2025-08-02 02:15:51','[\"products\\/product-32.jpg\",\"products\\/product-36.jpg\",\"products\\/product-64.jpg\"]'),(366,7,NULL,NULL,4,4,'For me the best eCommerce script on Envato at this moment: modern, clean code, a lot of great features. The customer support is great too: I always get an answer within hours!','published','2025-08-02 02:15:51','2025-08-02 02:15:51','[\"products\\/product-52.jpg\",\"products\\/product-75.jpg\"]'),(367,8,NULL,NULL,56,3,'These guys are amazing! Responses immediately, amazing support and help... I immediately feel at ease after Purchasing..','published','2025-08-02 02:15:51','2025-08-02 02:15:51','[\"products\\/product-41.jpg\",\"products\\/product-71.jpg\",\"products\\/product-86.jpg\",\"products\\/product-91.jpg\"]'),(368,8,NULL,NULL,36,1,'The code is good, in general, if you like it, can you give it 5 stars?','published','2025-08-02 02:15:51','2025-08-02 02:15:51','[\"products\\/product-8.jpg\",\"products\\/product-10.jpg\",\"products\\/product-52.jpg\"]'),(373,10,NULL,NULL,35,2,'We have received brilliant service support and will be expanding the features with the developer. Nice product!','published','2025-08-02 02:15:51','2025-08-02 02:15:51','[\"products\\/product-39.jpg\"]'),(374,5,NULL,NULL,46,1,'Customer Support are grade (A*), however the code is a way too over engineered for it\'s purpose.','published','2025-08-02 02:15:51','2025-08-02 02:15:51','[\"products\\/product-76.jpg\"]'),(379,6,NULL,NULL,9,4,'Great system, great support, good job Botble. I\'m looking forward to more great functional plugins.','published','2025-08-02 02:15:51','2025-08-02 02:15:51','[\"products\\/product-82.jpg\"]'),(381,8,NULL,NULL,65,5,'For me the best eCommerce script on Envato at this moment: modern, clean code, a lot of great features. The customer support is great too: I always get an answer within hours!','published','2025-08-02 02:15:51','2025-08-02 02:15:51','[\"products\\/product-43.jpg\",\"products\\/product-89.jpg\"]'),(384,8,NULL,NULL,39,3,'This web app is really good in design, code quality & features. Besides, the customer support provided by the Botble team was really fast & helpful. You guys are awesome!','published','2025-08-02 02:15:51','2025-08-02 02:15:51','[\"products\\/product-23.jpg\"]'),(385,2,NULL,NULL,5,3,'Second or third time that I buy a Botble product, happy with the products and support. You guys do a good job :)','published','2025-08-02 02:15:51','2025-08-02 02:15:51','[\"products\\/product-56.jpg\",\"products\\/product-64.jpg\",\"products\\/product-92.jpg\",\"products\\/product-94.jpg\"]'),(387,5,NULL,NULL,8,5,'Second or third time that I buy a Botble product, happy with the products and support. You guys do a good job :)','published','2025-08-02 02:15:51','2025-08-02 02:15:51','[\"products\\/product-73.jpg\"]'),(388,10,NULL,NULL,15,1,'These guys are amazing! Responses immediately, amazing support and help... I immediately feel at ease after Purchasing..','published','2025-08-02 02:15:51','2025-08-02 02:15:51','[\"products\\/product-37.jpg\"]'),(389,3,NULL,NULL,29,5,'Best ecommerce CMS online store!','published','2025-08-02 02:15:51','2025-08-02 02:15:51','[\"products\\/product-35.jpg\"]'),(390,10,NULL,NULL,54,1,'Those guys now what they are doing, the release such a good product that it\'s a pleasure to work with ! Even when I was stuck on the project, I created a ticket and the next day it was replied by the team. GOOD JOB guys. I love working with them :)','published','2025-08-02 02:15:51','2025-08-02 02:15:51','[\"products\\/product-6.jpg\",\"products\\/product-17.jpg\"]'),(393,3,NULL,NULL,14,2,'Great E-commerce system. And much more : Wonderful Customer Support.','published','2025-08-02 02:15:51','2025-08-02 02:15:51','[\"products\\/product-42.jpg\",\"products\\/product-65.jpg\"]'),(394,10,NULL,NULL,70,4,'The code is good, in general, if you like it, can you give it 5 stars?','published','2025-08-02 02:15:51','2025-08-02 02:15:51','[\"products\\/product-3.jpg\"]'),(395,9,NULL,NULL,45,3,'Amazing code, amazing support. Overall, im really confident in Botble and im happy I made the right choice! Thank you so much guys for coding this masterpiece','published','2025-08-02 02:15:51','2025-08-02 02:15:51','[\"products\\/product-5.jpg\",\"products\\/product-15.jpg\"]'),(398,4,NULL,NULL,47,1,'The code is good, in general, if you like it, can you give it 5 stars?','published','2025-08-02 02:15:51','2025-08-02 02:15:51','[\"products\\/product-23.jpg\"]'),(399,7,NULL,NULL,57,3,'Solution is too robust for our purpose so we didn\'t use it at the end. But I appreciate customer support during initial configuration.','published','2025-08-02 02:15:51','2025-08-02 02:15:51','[\"products\\/product-3.jpg\",\"products\\/product-71.jpg\"]'),(401,2,NULL,NULL,37,5,'Clean & perfect source code','published','2025-08-02 02:15:51','2025-08-02 02:15:51','[\"products\\/product-9.jpg\",\"products\\/product-56.jpg\",\"products\\/product-66.jpg\"]'),(403,4,NULL,NULL,23,1,'Great system, great support, good job Botble. I\'m looking forward to more great functional plugins.','published','2025-08-02 02:15:51','2025-08-02 02:15:51','[\"products\\/product-1.jpg\",\"products\\/product-56.jpg\"]'),(406,1,NULL,NULL,50,4,'Cool template. Excellent code quality. The support responds very quickly, which is very rare on themeforest and codecanyon.net, I buy a lot of templates, and everyone will have a response from technical support for two or three days. Thanks to tech support. I recommend to buy.','published','2025-08-02 02:15:51','2025-08-02 02:15:51','[\"products\\/product-17.jpg\",\"products\\/product-29.jpg\",\"products\\/product-75.jpg\"]'),(407,1,NULL,NULL,19,3,'As a developer I reviewed this script. This is really awesome ecommerce script. I have convinced when I noticed that it\'s built on fully WordPress concept.','published','2025-08-02 02:15:51','2025-08-02 02:15:51','[\"products\\/product-40.jpg\",\"products\\/product-46.jpg\",\"products\\/product-78.jpg\"]'),(408,4,NULL,NULL,9,1,'These guys are amazing! Responses immediately, amazing support and help... I immediately feel at ease after Purchasing..','published','2025-08-02 02:15:51','2025-08-02 02:15:51','[\"products\\/product-21.jpg\",\"products\\/product-95.jpg\"]'),(409,9,NULL,NULL,38,1,'This web app is really good in design, code quality & features. Besides, the customer support provided by the Botble team was really fast & helpful. You guys are awesome!','published','2025-08-02 02:15:51','2025-08-02 02:15:51','[\"products\\/product-15.jpg\",\"products\\/product-69.jpg\",\"products\\/product-89.jpg\"]'),(413,9,NULL,NULL,34,1,'This script is well coded and is super fast. The support is pretty quick. Very patient and helpful team. I strongly recommend it and they deserve more than 5 stars.','published','2025-08-02 02:15:51','2025-08-02 02:15:51','[\"products\\/product-62.jpg\",\"products\\/product-67.jpg\",\"products\\/product-76.jpg\"]'),(414,2,NULL,NULL,36,4,'Amazing code, amazing support. Overall, im really confident in Botble and im happy I made the right choice! Thank you so much guys for coding this masterpiece','published','2025-08-02 02:15:51','2025-08-02 02:15:51','[\"products\\/product-30.jpg\",\"products\\/product-55.jpg\",\"products\\/product-88.jpg\"]'),(415,9,NULL,NULL,39,2,'Perfect +++++++++ i love it really also i get to fast ticket answers... Thanks Lot BOTBLE Teams','published','2025-08-02 02:15:51','2025-08-02 02:15:51','[\"products\\/product-4.jpg\",\"products\\/product-62.jpg\"]'),(417,9,NULL,NULL,8,2,'Great system, great support, good job Botble. I\'m looking forward to more great functional plugins.','published','2025-08-02 02:15:51','2025-08-02 02:15:51','[\"products\\/product-33.jpg\",\"products\\/product-66.jpg\"]'),(418,5,NULL,NULL,63,3,'Ok good product. I have some issues in customizations. But its not correct to blame the developer. The product is good. Good luck for your business.','published','2025-08-02 02:15:51','2025-08-02 02:15:51','[\"products\\/product-30.jpg\",\"products\\/product-66.jpg\",\"products\\/product-81.jpg\"]'),(422,7,NULL,NULL,21,5,'Good app, good backup service and support. Good documentation.','published','2025-08-02 02:15:51','2025-08-02 02:15:51','[\"products\\/product-78.jpg\"]'),(423,6,NULL,NULL,10,2,'Perfect +++++++++ i love it really also i get to fast ticket answers... Thanks Lot BOTBLE Teams','published','2025-08-02 02:15:51','2025-08-02 02:15:51','[\"products\\/product-37.jpg\"]'),(424,4,NULL,NULL,73,2,'It\'s not my first experience here on Codecanyon and I can honestly tell you all that Botble puts a LOT of effort into the support. They answer so fast, they helped me tons of times. REALLY by far THE BEST EXPERIENCE on Codecanyon. Those guys at Botble are so good that they deserve 5 stars. I recommend them, I trust them and I can\'t wait to see what they will sell in a near future. Thank you Botble :)','published','2025-08-02 02:15:51','2025-08-02 02:15:51','[\"products\\/product-31.jpg\",\"products\\/product-36.jpg\",\"products\\/product-83.jpg\"]'),(426,3,NULL,NULL,51,5,'The code is good, in general, if you like it, can you give it 5 stars?','published','2025-08-02 02:15:51','2025-08-02 02:15:51','[\"products\\/product-38.jpg\",\"products\\/product-79.jpg\",\"products\\/product-80.jpg\",\"products\\/product-95.jpg\"]'),(428,2,NULL,NULL,44,4,'Great system, great support, good job Botble. I\'m looking forward to more great functional plugins.','published','2025-08-02 02:15:51','2025-08-02 02:15:51','[\"products\\/product-46.jpg\",\"products\\/product-61.jpg\",\"products\\/product-62.jpg\",\"products\\/product-92.jpg\"]'),(430,9,NULL,NULL,31,1,'These guys are amazing! Responses immediately, amazing support and help... I immediately feel at ease after Purchasing..','published','2025-08-02 02:15:51','2025-08-02 02:15:51','[\"products\\/product-9.jpg\",\"products\\/product-10.jpg\"]'),(431,6,NULL,NULL,11,2,'The best store template! Excellent coding! Very good support! Thank you so much for all the help, I really appreciated.','published','2025-08-02 02:15:51','2025-08-02 02:15:51','[\"products\\/product-86.jpg\"]'),(432,10,NULL,NULL,1,1,'Second or third time that I buy a Botble product, happy with the products and support. You guys do a good job :)','published','2025-08-02 02:15:51','2025-08-02 02:15:51','[\"products\\/product-38.jpg\"]'),(436,7,NULL,NULL,23,5,'The best ecommerce CMS! Excellent coding! best support service! Thank you so much..... I really like your hard work.','published','2025-08-02 02:15:51','2025-08-02 02:15:51','[\"products\\/product-37.jpg\",\"products\\/product-38.jpg\"]'),(437,2,NULL,NULL,75,2,'Very enthusiastic support! Excellent code is written. It\'s a true pleasure working with.','published','2025-08-02 02:15:51','2025-08-02 02:15:51','[\"products\\/product-44.jpg\"]'),(439,9,NULL,NULL,35,2,'Best ecommerce CMS online store!','published','2025-08-02 02:15:51','2025-08-02 02:15:51','[\"products\\/pla-product-01.jpg\",\"products\\/product-24.jpg\",\"products\\/product-68.jpg\"]'),(440,10,NULL,NULL,64,5,'Great system, great support, good job Botble. I\'m looking forward to more great functional plugins.','published','2025-08-02 02:15:51','2025-08-02 02:15:51','[\"products\\/product-4.jpg\",\"products\\/product-6.jpg\",\"products\\/product-53.jpg\",\"products\\/product-65.jpg\"]'),(441,10,NULL,NULL,48,3,'Customer Support are grade (A*), however the code is a way too over engineered for it\'s purpose.','published','2025-08-02 02:15:51','2025-08-02 02:15:51','[\"products\\/product-32.jpg\",\"products\\/product-33.jpg\",\"products\\/product-45.jpg\"]'),(442,7,NULL,NULL,24,1,'This web app is really good in design, code quality & features. Besides, the customer support provided by the Botble team was really fast & helpful. You guys are awesome!','published','2025-08-02 02:15:51','2025-08-02 02:15:51','[\"products\\/product-22.jpg\"]'),(443,8,NULL,NULL,15,1,'The script is the best of its class, fast, easy to implement and work with , and the most important thing is the great support team , Recommend with no doubt.','published','2025-08-02 02:15:51','2025-08-02 02:15:51','[\"products\\/product-49.jpg\",\"products\\/product-64.jpg\"]'),(444,5,NULL,NULL,28,2,'Ok good product. I have some issues in customizations. But its not correct to blame the developer. The product is good. Good luck for your business.','published','2025-08-02 02:15:51','2025-08-02 02:15:51','[\"products\\/product-10.jpg\",\"products\\/product-26.jpg\",\"products\\/product-38.jpg\",\"products\\/product-95.jpg\"]'),(445,6,NULL,NULL,17,2,'We have received brilliant service support and will be expanding the features with the developer. Nice product!','published','2025-08-02 02:15:51','2025-08-02 02:15:51','[\"products\\/product-5.jpg\",\"products\\/product-18.jpg\",\"products\\/product-40.jpg\",\"products\\/product-92.jpg\"]'),(446,9,NULL,NULL,18,2,'Best ecommerce CMS online store!','published','2025-08-02 02:15:51','2025-08-02 02:15:51','[\"products\\/product-56.jpg\"]'),(449,6,NULL,NULL,71,4,'These guys are amazing! Responses immediately, amazing support and help... I immediately feel at ease after Purchasing..','published','2025-08-02 02:15:51','2025-08-02 02:15:51','[\"products\\/product-24.jpg\",\"products\\/product-43.jpg\",\"products\\/product-73.jpg\",\"products\\/product-75.jpg\"]'),(450,5,NULL,NULL,74,4,'Second or third time that I buy a Botble product, happy with the products and support. You guys do a good job :)','published','2025-08-02 02:15:51','2025-08-02 02:15:51','[\"products\\/product-5.jpg\",\"products\\/product-6.jpg\",\"products\\/product-65.jpg\"]'),(452,2,NULL,NULL,48,3,'The best store template! Excellent coding! Very good support! Thank you so much for all the help, I really appreciated.','published','2025-08-02 02:15:51','2025-08-02 02:15:51','[\"products\\/product-47.jpg\",\"products\\/product-59.jpg\",\"products\\/product-78.jpg\",\"products\\/product-79.jpg\"]'),(453,8,NULL,NULL,17,1,'Great E-commerce system. And much more : Wonderful Customer Support.','published','2025-08-02 02:15:51','2025-08-02 02:15:51','[\"products\\/pla-product-01.jpg\",\"products\\/product-85.jpg\"]'),(455,10,NULL,NULL,52,2,'For me the best eCommerce script on Envato at this moment: modern, clean code, a lot of great features. The customer support is great too: I always get an answer within hours!','published','2025-08-02 02:15:51','2025-08-02 02:15:51','[\"products\\/product-1.jpg\",\"products\\/product-40.jpg\",\"products\\/product-44.jpg\",\"products\\/product-48.jpg\"]'),(458,10,NULL,NULL,12,5,'The best ecommerce CMS! Excellent coding! best support service! Thank you so much..... I really like your hard work.','published','2025-08-02 02:15:51','2025-08-02 02:15:51','[\"products\\/pla-product-02.jpg\",\"products\\/product-70.jpg\",\"products\\/product-85.jpg\"]'),(459,4,NULL,NULL,17,4,'Great system, great support, good job Botble. I\'m looking forward to more great functional plugins.','published','2025-08-02 02:15:51','2025-08-02 02:15:51','[\"products\\/product-37.jpg\"]'),(460,1,NULL,NULL,39,4,'This script is well coded and is super fast. The support is pretty quick. Very patient and helpful team. I strongly recommend it and they deserve more than 5 stars.','published','2025-08-02 02:15:51','2025-08-02 02:15:51','[\"products\\/product-17.jpg\",\"products\\/product-30.jpg\",\"products\\/product-68.jpg\",\"products\\/product-87.jpg\"]'),(461,6,NULL,NULL,48,2,'Solution is too robust for our purpose so we didn\'t use it at the end. But I appreciate customer support during initial configuration.','published','2025-08-02 02:15:51','2025-08-02 02:15:51','[\"products\\/pla-product-02.jpg\",\"products\\/product-78.jpg\",\"products\\/product-92.jpg\"]'),(462,4,NULL,NULL,67,3,'Perfect +++++++++ i love it really also i get to fast ticket answers... Thanks Lot BOTBLE Teams','published','2025-08-02 02:15:51','2025-08-02 02:15:51','[\"products\\/product-4.jpg\",\"products\\/product-5.jpg\",\"products\\/product-60.jpg\"]'),(463,9,NULL,NULL,1,1,'Solution is too robust for our purpose so we didn\'t use it at the end. But I appreciate customer support during initial configuration.','published','2025-08-02 02:15:51','2025-08-02 02:15:51','[\"products\\/product-59.jpg\",\"products\\/product-87.jpg\"]'),(464,4,NULL,NULL,66,2,'The best store template! Excellent coding! Very good support! Thank you so much for all the help, I really appreciated.','published','2025-08-02 02:15:51','2025-08-02 02:15:51','[\"products\\/product-5.jpg\",\"products\\/product-47.jpg\",\"products\\/product-85.jpg\"]'),(465,6,NULL,NULL,69,4,'The script is the best of its class, fast, easy to implement and work with , and the most important thing is the great support team , Recommend with no doubt.','published','2025-08-02 02:15:51','2025-08-02 02:15:51','[\"products\\/product-13.jpg\",\"products\\/product-57.jpg\",\"products\\/product-72.jpg\"]'),(466,2,NULL,NULL,65,1,'Amazing code, amazing support. Overall, im really confident in Botble and im happy I made the right choice! Thank you so much guys for coding this masterpiece','published','2025-08-02 02:15:51','2025-08-02 02:15:51','[\"products\\/product-56.jpg\"]'),(469,10,NULL,NULL,16,1,'The script is the best of its class, fast, easy to implement and work with , and the most important thing is the great support team , Recommend with no doubt.','published','2025-08-02 02:15:51','2025-08-02 02:15:51','[\"products\\/pla-product-03.jpg\",\"products\\/product-82.jpg\"]'),(470,10,NULL,NULL,73,5,'Clean & perfect source code','published','2025-08-02 02:15:51','2025-08-02 02:15:51','[\"products\\/product-66.jpg\",\"products\\/product-67.jpg\"]'),(471,9,NULL,NULL,3,4,'The code is good, in general, if you like it, can you give it 5 stars?','published','2025-08-02 02:15:51','2025-08-02 02:15:51','[\"products\\/product-17.jpg\",\"products\\/product-36.jpg\"]'),(472,7,NULL,NULL,66,5,'Very enthusiastic support! Excellent code is written. It\'s a true pleasure working with.','published','2025-08-02 02:15:51','2025-08-02 02:15:51','[\"products\\/product-56.jpg\",\"products\\/product-82.jpg\"]'),(474,8,NULL,NULL,32,2,'Ok good product. I have some issues in customizations. But its not correct to blame the developer. The product is good. Good luck for your business.','published','2025-08-02 02:15:51','2025-08-02 02:15:51','[\"products\\/product-5.jpg\",\"products\\/product-52.jpg\"]'),(475,2,NULL,NULL,57,3,'Clean & perfect source code','published','2025-08-02 02:15:51','2025-08-02 02:15:51','[\"products\\/product-29.jpg\"]'),(477,3,NULL,NULL,43,1,'These guys are amazing! Responses immediately, amazing support and help... I immediately feel at ease after Purchasing..','published','2025-08-02 02:15:51','2025-08-02 02:15:51','[\"products\\/pla-product-02.jpg\",\"products\\/product-24.jpg\"]'),(480,8,NULL,NULL,60,4,'It\'s not my first experience here on Codecanyon and I can honestly tell you all that Botble puts a LOT of effort into the support. They answer so fast, they helped me tons of times. REALLY by far THE BEST EXPERIENCE on Codecanyon. Those guys at Botble are so good that they deserve 5 stars. I recommend them, I trust them and I can\'t wait to see what they will sell in a near future. Thank you Botble :)','published','2025-08-02 02:15:51','2025-08-02 02:15:51','[\"products\\/product-24.jpg\",\"products\\/product-43.jpg\",\"products\\/product-73.jpg\"]'),(481,7,NULL,NULL,17,4,'Very enthusiastic support! Excellent code is written. It\'s a true pleasure working with.','published','2025-08-02 02:15:51','2025-08-02 02:15:51','[\"products\\/pla-product-04.jpg\",\"products\\/product-4.jpg\",\"products\\/product-81.jpg\",\"products\\/product-88.jpg\"]'),(483,10,NULL,NULL,32,4,'The best ecommerce CMS! Excellent coding! best support service! Thank you so much..... I really like your hard work.','published','2025-08-02 02:15:51','2025-08-02 02:15:51','[\"products\\/product-5.jpg\",\"products\\/product-42.jpg\"]'),(484,8,NULL,NULL,27,4,'Very enthusiastic support! Excellent code is written. It\'s a true pleasure working with.','published','2025-08-02 02:15:51','2025-08-02 02:15:51','[\"products\\/product-19.jpg\",\"products\\/product-21.jpg\"]'),(485,9,NULL,NULL,2,5,'As a developer I reviewed this script. This is really awesome ecommerce script. I have convinced when I noticed that it\'s built on fully WordPress concept.','published','2025-08-02 02:15:51','2025-08-02 02:15:51','[\"products\\/product-72.jpg\"]'),(486,2,NULL,NULL,46,3,'Very enthusiastic support! Excellent code is written. It\'s a true pleasure working with.','published','2025-08-02 02:15:51','2025-08-02 02:15:51','[\"products\\/product-55.jpg\"]'),(487,3,NULL,NULL,2,2,'Good app, good backup service and support. Good documentation.','published','2025-08-02 02:15:51','2025-08-02 02:15:51','[\"products\\/product-91.jpg\"]'),(489,10,NULL,NULL,20,2,'Those guys now what they are doing, the release such a good product that it\'s a pleasure to work with ! Even when I was stuck on the project, I created a ticket and the next day it was replied by the team. GOOD JOB guys. I love working with them :)','published','2025-08-02 02:15:51','2025-08-02 02:15:51','[\"products\\/product-7.jpg\",\"products\\/product-33.jpg\"]'),(490,4,NULL,NULL,58,2,'Second or third time that I buy a Botble product, happy with the products and support. You guys do a good job :)','published','2025-08-02 02:15:51','2025-08-02 02:15:51','[\"products\\/product-18.jpg\",\"products\\/product-24.jpg\",\"products\\/product-84.jpg\"]'),(493,7,NULL,NULL,1,1,'It\'s not my first experience here on Codecanyon and I can honestly tell you all that Botble puts a LOT of effort into the support. They answer so fast, they helped me tons of times. REALLY by far THE BEST EXPERIENCE on Codecanyon. Those guys at Botble are so good that they deserve 5 stars. I recommend them, I trust them and I can\'t wait to see what they will sell in a near future. Thank you Botble :)','published','2025-08-02 02:15:51','2025-08-02 02:15:51','[\"products\\/product-91.jpg\"]'),(494,10,NULL,NULL,65,1,'Solution is too robust for our purpose so we didn\'t use it at the end. But I appreciate customer support during initial configuration.','published','2025-08-02 02:15:51','2025-08-02 02:15:51','[\"products\\/product-2.jpg\"]'),(495,1,NULL,NULL,48,3,'Cool template. Excellent code quality. The support responds very quickly, which is very rare on themeforest and codecanyon.net, I buy a lot of templates, and everyone will have a response from technical support for two or three days. Thanks to tech support. I recommend to buy.','published','2025-08-02 02:15:51','2025-08-02 02:15:51','[\"products\\/product-8.jpg\",\"products\\/product-47.jpg\",\"products\\/product-51.jpg\",\"products\\/product-68.jpg\"]'),(499,6,NULL,NULL,72,1,'Cool template. Excellent code quality. The support responds very quickly, which is very rare on themeforest and codecanyon.net, I buy a lot of templates, and everyone will have a response from technical support for two or three days. Thanks to tech support. I recommend to buy.','published','2025-08-02 02:15:51','2025-08-02 02:15:51','[\"products\\/product-39.jpg\",\"products\\/product-53.jpg\",\"products\\/product-89.jpg\",\"products\\/product-95.jpg\"]'),(500,9,NULL,NULL,15,4,'Best ecommerce CMS online store!','published','2025-08-02 02:15:51','2025-08-02 02:15:51','[\"products\\/product-7.jpg\",\"products\\/product-62.jpg\",\"products\\/product-70.jpg\",\"products\\/product-90.jpg\"]'),(501,1,NULL,NULL,43,5,'The script is the best of its class, fast, easy to implement and work with , and the most important thing is the great support team , Recommend with no doubt.','published','2025-08-02 02:15:51','2025-08-02 02:15:51','[\"products\\/pla-product-03.jpg\",\"products\\/product-52.jpg\",\"products\\/product-58.jpg\",\"products\\/product-61.jpg\"]'),(502,7,NULL,NULL,8,1,'Great system, great support, good job Botble. I\'m looking forward to more great functional plugins.','published','2025-08-02 02:15:51','2025-08-02 02:15:51','[\"products\\/product-39.jpg\",\"products\\/product-48.jpg\",\"products\\/product-50.jpg\",\"products\\/product-56.jpg\"]'),(505,8,NULL,NULL,10,1,'The best store template! Excellent coding! Very good support! Thank you so much for all the help, I really appreciated.','published','2025-08-02 02:15:51','2025-08-02 02:15:51','[\"products\\/product-2.jpg\",\"products\\/product-16.jpg\"]'),(507,3,NULL,NULL,59,3,'Good app, good backup service and support. Good documentation.','published','2025-08-02 02:15:51','2025-08-02 02:15:51','[\"products\\/product-60.jpg\"]'),(508,5,NULL,NULL,14,1,'Best ecommerce CMS online store!','published','2025-08-02 02:15:51','2025-08-02 02:15:51','[\"products\\/product-23.jpg\"]'),(509,3,NULL,NULL,57,2,'Solution is too robust for our purpose so we didn\'t use it at the end. But I appreciate customer support during initial configuration.','published','2025-08-02 02:15:51','2025-08-02 02:15:51','[\"products\\/product-85.jpg\",\"products\\/product-92.jpg\"]'),(511,6,NULL,NULL,70,4,'The code is good, in general, if you like it, can you give it 5 stars?','published','2025-08-02 02:15:51','2025-08-02 02:15:51','[\"products\\/product-31.jpg\",\"products\\/product-45.jpg\"]'),(515,2,NULL,NULL,40,2,'Ok good product. I have some issues in customizations. But its not correct to blame the developer. The product is good. Good luck for your business.','published','2025-08-02 02:15:51','2025-08-02 02:15:51','[\"products\\/product-32.jpg\",\"products\\/product-64.jpg\"]'),(517,7,NULL,NULL,58,3,'Second or third time that I buy a Botble product, happy with the products and support. You guys do a good job :)','published','2025-08-02 02:15:51','2025-08-02 02:15:51','[\"products\\/pla-product-02.jpg\"]'),(519,9,NULL,NULL,12,2,'Very enthusiastic support! Excellent code is written. It\'s a true pleasure working with.','published','2025-08-02 02:15:51','2025-08-02 02:15:51','[\"products\\/product-11.jpg\",\"products\\/product-18.jpg\",\"products\\/product-26.jpg\"]'),(522,5,NULL,NULL,38,4,'As a developer I reviewed this script. This is really awesome ecommerce script. I have convinced when I noticed that it\'s built on fully WordPress concept.','published','2025-08-02 02:15:51','2025-08-02 02:15:51','[\"products\\/product-1.jpg\",\"products\\/product-70.jpg\"]'),(524,7,NULL,NULL,3,5,'Those guys now what they are doing, the release such a good product that it\'s a pleasure to work with ! Even when I was stuck on the project, I created a ticket and the next day it was replied by the team. GOOD JOB guys. I love working with them :)','published','2025-08-02 02:15:51','2025-08-02 02:15:51','[\"products\\/product-41.jpg\",\"products\\/product-58.jpg\"]'),(525,8,NULL,NULL,11,3,'Ok good product. I have some issues in customizations. But its not correct to blame the developer. The product is good. Good luck for your business.','published','2025-08-02 02:15:51','2025-08-02 02:15:51','[\"products\\/pla-product-01.jpg\",\"products\\/product-24.jpg\",\"products\\/product-32.jpg\",\"products\\/product-85.jpg\"]'),(527,9,NULL,NULL,14,3,'Great E-commerce system. And much more : Wonderful Customer Support.','published','2025-08-02 02:15:51','2025-08-02 02:15:51','[\"products\\/product-22.jpg\",\"products\\/product-24.jpg\",\"products\\/product-58.jpg\"]'),(528,6,NULL,NULL,27,3,'Best ecommerce CMS online store!','published','2025-08-02 02:15:51','2025-08-02 02:15:51','[\"products\\/product-22.jpg\",\"products\\/product-55.jpg\",\"products\\/product-73.jpg\"]'),(530,1,NULL,NULL,62,4,'The code is good, in general, if you like it, can you give it 5 stars?','published','2025-08-02 02:15:51','2025-08-02 02:15:51','[\"products\\/product-40.jpg\",\"products\\/product-53.jpg\"]'),(531,1,NULL,NULL,27,4,'Customer Support are grade (A*), however the code is a way too over engineered for it\'s purpose.','published','2025-08-02 02:15:51','2025-08-02 02:15:51','[\"products\\/product-71.jpg\"]'),(532,1,NULL,NULL,69,5,'Good app, good backup service and support. Good documentation.','published','2025-08-02 02:15:51','2025-08-02 02:15:51','[\"products\\/product-13.jpg\",\"products\\/product-40.jpg\"]'),(533,6,NULL,NULL,31,2,'Ok good product. I have some issues in customizations. But its not correct to blame the developer. The product is good. Good luck for your business.','published','2025-08-02 02:15:51','2025-08-02 02:15:51','[\"products\\/product-23.jpg\",\"products\\/product-29.jpg\",\"products\\/product-59.jpg\"]'),(534,5,NULL,NULL,13,3,'The script is the best of its class, fast, easy to implement and work with , and the most important thing is the great support team , Recommend with no doubt.','published','2025-08-02 02:15:51','2025-08-02 02:15:51','[\"products\\/product-12.jpg\",\"products\\/product-37.jpg\",\"products\\/product-64.jpg\",\"products\\/product-86.jpg\"]'),(540,10,NULL,NULL,24,3,'Amazing code, amazing support. Overall, im really confident in Botble and im happy I made the right choice! Thank you so much guys for coding this masterpiece','published','2025-08-02 02:15:51','2025-08-02 02:15:51','[\"products\\/product-49.jpg\"]'),(541,9,NULL,NULL,6,5,'For me the best eCommerce script on Envato at this moment: modern, clean code, a lot of great features. The customer support is great too: I always get an answer within hours!','published','2025-08-02 02:15:51','2025-08-02 02:15:51','[\"products\\/product-58.jpg\",\"products\\/product-71.jpg\",\"products\\/product-72.jpg\",\"products\\/product-92.jpg\"]'),(542,2,NULL,NULL,59,2,'Second or third time that I buy a Botble product, happy with the products and support. You guys do a good job :)','published','2025-08-02 02:15:51','2025-08-02 02:15:51','[\"products\\/product-5.jpg\"]'),(544,8,NULL,NULL,52,5,'The best ecommerce CMS! Excellent coding! best support service! Thank you so much..... I really like your hard work.','published','2025-08-02 02:15:51','2025-08-02 02:15:51','[\"products\\/product-6.jpg\",\"products\\/product-41.jpg\",\"products\\/product-54.jpg\",\"products\\/product-83.jpg\"]'),(547,10,NULL,NULL,42,4,'Amazing code, amazing support. Overall, im really confident in Botble and im happy I made the right choice! Thank you so much guys for coding this masterpiece','published','2025-08-02 02:15:51','2025-08-02 02:15:51','[\"products\\/product-13.jpg\",\"products\\/product-43.jpg\",\"products\\/product-55.jpg\",\"products\\/product-67.jpg\"]'),(549,2,NULL,NULL,32,1,'This web app is really good in design, code quality & features. Besides, the customer support provided by the Botble team was really fast & helpful. You guys are awesome!','published','2025-08-02 02:15:51','2025-08-02 02:15:51','[\"products\\/product-3.jpg\",\"products\\/product-31.jpg\",\"products\\/product-53.jpg\",\"products\\/product-71.jpg\"]'),(550,9,NULL,NULL,17,2,'The script is the best of its class, fast, easy to implement and work with , and the most important thing is the great support team , Recommend with no doubt.','published','2025-08-02 02:15:51','2025-08-02 02:15:51','[\"products\\/product-22.jpg\",\"products\\/product-46.jpg\",\"products\\/product-93.jpg\"]'),(552,10,NULL,NULL,45,4,'The best store template! Excellent coding! Very good support! Thank you so much for all the help, I really appreciated.','published','2025-08-02 02:15:51','2025-08-02 02:15:51','[\"products\\/product-33.jpg\",\"products\\/product-34.jpg\"]'),(553,9,NULL,NULL,73,1,'Solution is too robust for our purpose so we didn\'t use it at the end. But I appreciate customer support during initial configuration.','published','2025-08-02 02:15:51','2025-08-02 02:15:51','[\"products\\/product-19.jpg\",\"products\\/product-20.jpg\",\"products\\/product-39.jpg\"]'),(554,5,NULL,NULL,36,3,'Great E-commerce system. And much more : Wonderful Customer Support.','published','2025-08-02 02:15:51','2025-08-02 02:15:51','[\"products\\/product-41.jpg\",\"products\\/product-61.jpg\",\"products\\/product-64.jpg\"]'),(556,6,NULL,NULL,30,1,'Clean & perfect source code','published','2025-08-02 02:15:51','2025-08-02 02:15:51','[\"products\\/product-71.jpg\"]'),(564,1,NULL,NULL,11,2,'The script is the best of its class, fast, easy to implement and work with , and the most important thing is the great support team , Recommend with no doubt.','published','2025-08-02 02:15:51','2025-08-02 02:15:51','[\"products\\/product-22.jpg\",\"products\\/product-86.jpg\"]'),(565,3,NULL,NULL,25,2,'Those guys now what they are doing, the release such a good product that it\'s a pleasure to work with ! Even when I was stuck on the project, I created a ticket and the next day it was replied by the team. GOOD JOB guys. I love working with them :)','published','2025-08-02 02:15:51','2025-08-02 02:15:51','[\"products\\/product-11.jpg\",\"products\\/product-19.jpg\",\"products\\/product-46.jpg\",\"products\\/product-71.jpg\"]'),(566,8,NULL,NULL,4,3,'The code is good, in general, if you like it, can you give it 5 stars?','published','2025-08-02 02:15:51','2025-08-02 02:15:51','[\"products\\/product-50.jpg\",\"products\\/product-61.jpg\"]'),(569,3,NULL,NULL,54,1,'Customer Support are grade (A*), however the code is a way too over engineered for it\'s purpose.','published','2025-08-02 02:15:51','2025-08-02 02:15:51','[\"products\\/product-28.jpg\"]'),(570,2,NULL,NULL,62,3,'Clean & perfect source code','published','2025-08-02 02:15:51','2025-08-02 02:15:51','[\"products\\/product-65.jpg\"]'),(572,8,NULL,NULL,31,4,'Perfect +++++++++ i love it really also i get to fast ticket answers... Thanks Lot BOTBLE Teams','published','2025-08-02 02:15:51','2025-08-02 02:15:51','[\"products\\/product-5.jpg\",\"products\\/product-57.jpg\"]'),(574,10,NULL,NULL,40,5,'It\'s not my first experience here on Codecanyon and I can honestly tell you all that Botble puts a LOT of effort into the support. They answer so fast, they helped me tons of times. REALLY by far THE BEST EXPERIENCE on Codecanyon. Those guys at Botble are so good that they deserve 5 stars. I recommend them, I trust them and I can\'t wait to see what they will sell in a near future. Thank you Botble :)','published','2025-08-02 02:15:51','2025-08-02 02:15:51','[\"products\\/product-36.jpg\"]'),(578,6,NULL,NULL,35,2,'Great system, great support, good job Botble. I\'m looking forward to more great functional plugins.','published','2025-08-02 02:15:51','2025-08-02 02:15:51','[\"products\\/product-51.jpg\",\"products\\/product-58.jpg\"]'),(582,5,NULL,NULL,18,4,'The best ecommerce CMS! Excellent coding! best support service! Thank you so much..... I really like your hard work.','published','2025-08-02 02:15:51','2025-08-02 02:15:51','[\"products\\/product-21.jpg\",\"products\\/product-90.jpg\"]'),(584,1,NULL,NULL,74,2,'Cool template. Excellent code quality. The support responds very quickly, which is very rare on themeforest and codecanyon.net, I buy a lot of templates, and everyone will have a response from technical support for two or three days. Thanks to tech support. I recommend to buy.','published','2025-08-02 02:15:51','2025-08-02 02:15:51','[\"products\\/product-6.jpg\",\"products\\/product-33.jpg\"]'),(588,3,NULL,NULL,19,4,'Amazing code, amazing support. Overall, im really confident in Botble and im happy I made the right choice! Thank you so much guys for coding this masterpiece','published','2025-08-02 02:15:51','2025-08-02 02:15:51','[\"products\\/product-89.jpg\"]'),(589,1,NULL,NULL,12,4,'The script is the best of its class, fast, easy to implement and work with , and the most important thing is the great support team , Recommend with no doubt.','published','2025-08-02 02:15:51','2025-08-02 02:15:51','[\"products\\/product-49.jpg\",\"products\\/product-50.jpg\",\"products\\/product-59.jpg\"]'),(591,3,NULL,NULL,11,4,'Clean & perfect source code','published','2025-08-02 02:15:51','2025-08-02 02:15:51','[\"products\\/product-31.jpg\",\"products\\/product-60.jpg\",\"products\\/product-76.jpg\",\"products\\/product-80.jpg\"]'),(595,6,NULL,NULL,66,2,'Clean & perfect source code','published','2025-08-02 02:15:51','2025-08-02 02:15:51','[\"products\\/product-40.jpg\",\"products\\/product-58.jpg\",\"products\\/product-62.jpg\",\"products\\/product-69.jpg\"]'),(599,4,NULL,NULL,51,3,'This web app is really good in design, code quality & features. Besides, the customer support provided by the Botble team was really fast & helpful. You guys are awesome!','published','2025-08-02 02:15:51','2025-08-02 02:15:51','[\"products\\/product-34.jpg\",\"products\\/product-78.jpg\"]'),(603,1,NULL,NULL,13,3,'Amazing code, amazing support. Overall, im really confident in Botble and im happy I made the right choice! Thank you so much guys for coding this masterpiece','published','2025-08-02 02:15:51','2025-08-02 02:15:51','[\"products\\/product-6.jpg\",\"products\\/product-34.jpg\",\"products\\/product-53.jpg\",\"products\\/product-95.jpg\"]'),(604,1,NULL,NULL,68,3,'Those guys now what they are doing, the release such a good product that it\'s a pleasure to work with ! Even when I was stuck on the project, I created a ticket and the next day it was replied by the team. GOOD JOB guys. I love working with them :)','published','2025-08-02 02:15:51','2025-08-02 02:15:51','[\"products\\/product-3.jpg\"]'),(607,5,NULL,NULL,3,4,'Great system, great support, good job Botble. I\'m looking forward to more great functional plugins.','published','2025-08-02 02:15:51','2025-08-02 02:15:51','[\"products\\/product-68.jpg\",\"products\\/product-86.jpg\"]'),(613,5,NULL,NULL,44,5,'The best store template! Excellent coding! Very good support! Thank you so much for all the help, I really appreciated.','published','2025-08-02 02:15:51','2025-08-02 02:15:51','[\"products\\/product-7.jpg\",\"products\\/product-18.jpg\"]'),(614,6,NULL,NULL,8,1,'Perfect +++++++++ i love it really also i get to fast ticket answers... Thanks Lot BOTBLE Teams','published','2025-08-02 02:15:51','2025-08-02 02:15:51','[\"products\\/pla-product-01.jpg\",\"products\\/product-46.jpg\",\"products\\/product-80.jpg\"]'),(616,8,NULL,NULL,38,5,'These guys are amazing! Responses immediately, amazing support and help... I immediately feel at ease after Purchasing..','published','2025-08-02 02:15:51','2025-08-02 02:15:51','[\"products\\/product-88.jpg\",\"products\\/product-95.jpg\"]'),(619,6,NULL,NULL,1,1,'Clean & perfect source code','published','2025-08-02 02:15:51','2025-08-02 02:15:51','[\"products\\/product-84.jpg\"]'),(621,8,NULL,NULL,20,4,'This script is well coded and is super fast. The support is pretty quick. Very patient and helpful team. I strongly recommend it and they deserve more than 5 stars.','published','2025-08-02 02:15:51','2025-08-02 02:15:51','[\"products\\/product-14.jpg\",\"products\\/product-46.jpg\"]'),(624,1,NULL,NULL,70,1,'The script is the best of its class, fast, easy to implement and work with , and the most important thing is the great support team , Recommend with no doubt.','published','2025-08-02 02:15:51','2025-08-02 02:15:51','[\"products\\/product-67.jpg\"]'),(627,1,NULL,NULL,59,5,'It\'s not my first experience here on Codecanyon and I can honestly tell you all that Botble puts a LOT of effort into the support. They answer so fast, they helped me tons of times. REALLY by far THE BEST EXPERIENCE on Codecanyon. Those guys at Botble are so good that they deserve 5 stars. I recommend them, I trust them and I can\'t wait to see what they will sell in a near future. Thank you Botble :)','published','2025-08-02 02:15:51','2025-08-02 02:15:51','[\"products\\/product-7.jpg\",\"products\\/product-16.jpg\",\"products\\/product-29.jpg\",\"products\\/product-61.jpg\"]'),(629,9,NULL,NULL,4,5,'Perfect +++++++++ i love it really also i get to fast ticket answers... Thanks Lot BOTBLE Teams','published','2025-08-02 02:15:51','2025-08-02 02:15:51','[\"products\\/product-41.jpg\",\"products\\/product-45.jpg\"]'),(631,2,NULL,NULL,33,2,'Cool template. Excellent code quality. The support responds very quickly, which is very rare on themeforest and codecanyon.net, I buy a lot of templates, and everyone will have a response from technical support for two or three days. Thanks to tech support. I recommend to buy.','published','2025-08-02 02:15:51','2025-08-02 02:15:51','[\"products\\/product-93.jpg\"]'),(635,9,NULL,NULL,37,3,'Those guys now what they are doing, the release such a good product that it\'s a pleasure to work with ! Even when I was stuck on the project, I created a ticket and the next day it was replied by the team. GOOD JOB guys. I love working with them :)','published','2025-08-02 02:15:51','2025-08-02 02:15:51','[\"products\\/product-49.jpg\",\"products\\/product-51.jpg\",\"products\\/product-60.jpg\",\"products\\/product-61.jpg\"]'),(636,1,NULL,NULL,22,1,'This script is well coded and is super fast. The support is pretty quick. Very patient and helpful team. I strongly recommend it and they deserve more than 5 stars.','published','2025-08-02 02:15:51','2025-08-02 02:15:51','[\"products\\/pla-product-04.jpg\",\"products\\/product-18.jpg\",\"products\\/product-90.jpg\"]'),(638,2,NULL,NULL,27,2,'We have received brilliant service support and will be expanding the features with the developer. Nice product!','published','2025-08-02 02:15:51','2025-08-02 02:15:51','[\"products\\/product-27.jpg\",\"products\\/product-34.jpg\",\"products\\/product-71.jpg\"]'),(641,5,NULL,NULL,9,3,'We have received brilliant service support and will be expanding the features with the developer. Nice product!','published','2025-08-02 02:15:51','2025-08-02 02:15:51','[\"products\\/pla-product-03.jpg\",\"products\\/product-4.jpg\",\"products\\/product-22.jpg\",\"products\\/product-74.jpg\"]'),(642,3,NULL,NULL,8,5,'Good app, good backup service and support. Good documentation.','published','2025-08-02 02:15:51','2025-08-02 02:15:51','[\"products\\/product-21.jpg\"]'),(643,4,NULL,NULL,37,4,'Customer Support are grade (A*), however the code is a way too over engineered for it\'s purpose.','published','2025-08-02 02:15:51','2025-08-02 02:15:51','[\"products\\/product-7.jpg\",\"products\\/product-55.jpg\",\"products\\/product-57.jpg\",\"products\\/product-86.jpg\"]'),(645,7,NULL,NULL,30,2,'Ok good product. I have some issues in customizations. But its not correct to blame the developer. The product is good. Good luck for your business.','published','2025-08-02 02:15:51','2025-08-02 02:15:51','[\"products\\/product-13.jpg\"]'),(648,1,NULL,NULL,5,2,'This script is well coded and is super fast. The support is pretty quick. Very patient and helpful team. I strongly recommend it and they deserve more than 5 stars.','published','2025-08-02 02:15:51','2025-08-02 02:15:51','[\"products\\/product-4.jpg\",\"products\\/product-37.jpg\",\"products\\/product-63.jpg\",\"products\\/product-72.jpg\"]'),(652,4,NULL,NULL,25,2,'Cool template. Excellent code quality. The support responds very quickly, which is very rare on themeforest and codecanyon.net, I buy a lot of templates, and everyone will have a response from technical support for two or three days. Thanks to tech support. I recommend to buy.','published','2025-08-02 02:15:51','2025-08-02 02:15:51','[\"products\\/product-13.jpg\",\"products\\/product-31.jpg\",\"products\\/product-63.jpg\",\"products\\/product-87.jpg\"]'),(653,7,NULL,NULL,36,1,'The best store template! Excellent coding! Very good support! Thank you so much for all the help, I really appreciated.','published','2025-08-02 02:15:51','2025-08-02 02:15:51','[\"products\\/product-85.jpg\",\"products\\/product-86.jpg\"]'),(655,1,NULL,NULL,14,2,'Clean & perfect source code','published','2025-08-02 02:15:51','2025-08-02 02:15:51','[\"products\\/product-51.jpg\",\"products\\/product-56.jpg\",\"products\\/product-71.jpg\"]'),(660,5,NULL,NULL,59,2,'Amazing code, amazing support. Overall, im really confident in Botble and im happy I made the right choice! Thank you so much guys for coding this masterpiece','published','2025-08-02 02:15:51','2025-08-02 02:15:51','[\"products\\/pla-product-04.jpg\"]'),(663,9,NULL,NULL,29,1,'Clean & perfect source code','published','2025-08-02 02:15:51','2025-08-02 02:15:51','[\"products\\/product-82.jpg\"]'),(665,8,NULL,NULL,53,2,'The script is the best of its class, fast, easy to implement and work with , and the most important thing is the great support team , Recommend with no doubt.','published','2025-08-02 02:15:51','2025-08-02 02:15:51','[\"products\\/product-65.jpg\"]'),(668,9,NULL,NULL,71,5,'The script is the best of its class, fast, easy to implement and work with , and the most important thing is the great support team , Recommend with no doubt.','published','2025-08-02 02:15:51','2025-08-02 02:15:51','[\"products\\/product-19.jpg\"]'),(669,3,NULL,NULL,9,2,'Good app, good backup service and support. Good documentation.','published','2025-08-02 02:15:51','2025-08-02 02:15:51','[\"products\\/pla-product-03.jpg\",\"products\\/product-23.jpg\",\"products\\/product-55.jpg\",\"products\\/product-65.jpg\"]'),(670,3,NULL,NULL,69,3,'Good app, good backup service and support. Good documentation.','published','2025-08-02 02:15:51','2025-08-02 02:15:51','[\"products\\/product-38.jpg\",\"products\\/product-39.jpg\",\"products\\/product-52.jpg\",\"products\\/product-94.jpg\"]'),(671,9,NULL,NULL,19,3,'The script is the best of its class, fast, easy to implement and work with , and the most important thing is the great support team , Recommend with no doubt.','published','2025-08-02 02:15:51','2025-08-02 02:15:51','[\"products\\/product-23.jpg\"]'),(673,5,NULL,NULL,25,4,'It\'s not my first experience here on Codecanyon and I can honestly tell you all that Botble puts a LOT of effort into the support. They answer so fast, they helped me tons of times. REALLY by far THE BEST EXPERIENCE on Codecanyon. Those guys at Botble are so good that they deserve 5 stars. I recommend them, I trust them and I can\'t wait to see what they will sell in a near future. Thank you Botble :)','published','2025-08-02 02:15:51','2025-08-02 02:15:51','[\"products\\/product-24.jpg\",\"products\\/product-73.jpg\",\"products\\/product-93.jpg\"]'),(675,9,NULL,NULL,72,5,'We have received brilliant service support and will be expanding the features with the developer. Nice product!','published','2025-08-02 02:15:51','2025-08-02 02:15:51','[\"products\\/pla-product-01.jpg\",\"products\\/product-22.jpg\",\"products\\/product-35.jpg\",\"products\\/product-40.jpg\"]'),(679,5,NULL,NULL,50,4,'These guys are amazing! Responses immediately, amazing support and help... I immediately feel at ease after Purchasing..','published','2025-08-02 02:15:51','2025-08-02 02:15:51','[\"products\\/product-61.jpg\"]'),(682,3,NULL,NULL,71,4,'Great system, great support, good job Botble. I\'m looking forward to more great functional plugins.','published','2025-08-02 02:15:51','2025-08-02 02:15:51','[\"products\\/product-5.jpg\",\"products\\/product-56.jpg\",\"products\\/product-82.jpg\"]'),(686,9,NULL,NULL,70,3,'Great E-commerce system. And much more : Wonderful Customer Support.','published','2025-08-02 02:15:51','2025-08-02 02:15:51','[\"products\\/product-22.jpg\",\"products\\/product-69.jpg\",\"products\\/product-88.jpg\"]'),(694,1,NULL,NULL,23,3,'These guys are amazing! Responses immediately, amazing support and help... I immediately feel at ease after Purchasing..','published','2025-08-02 02:15:51','2025-08-02 02:15:51','[\"products\\/product-24.jpg\"]'),(701,6,NULL,NULL,15,5,'Perfect +++++++++ i love it really also i get to fast ticket answers... Thanks Lot BOTBLE Teams','published','2025-08-02 02:15:51','2025-08-02 02:15:51','[\"products\\/product-66.jpg\",\"products\\/product-69.jpg\",\"products\\/product-87.jpg\"]'),(703,6,NULL,NULL,75,1,'Ok good product. I have some issues in customizations. But its not correct to blame the developer. The product is good. Good luck for your business.','published','2025-08-02 02:15:51','2025-08-02 02:15:51','[\"products\\/product-31.jpg\",\"products\\/product-72.jpg\",\"products\\/product-81.jpg\"]'),(704,6,NULL,NULL,60,3,'Best ecommerce CMS online store!','published','2025-08-02 02:15:51','2025-08-02 02:15:51','[\"products\\/product-47.jpg\"]'),(705,5,NULL,NULL,7,2,'Perfect +++++++++ i love it really also i get to fast ticket answers... Thanks Lot BOTBLE Teams','published','2025-08-02 02:15:51','2025-08-02 02:15:51','[\"products\\/product-26.jpg\"]'),(706,10,NULL,NULL,5,5,'These guys are amazing! Responses immediately, amazing support and help... I immediately feel at ease after Purchasing..','published','2025-08-02 02:15:51','2025-08-02 02:15:51','[\"products\\/product-54.jpg\"]'),(707,7,NULL,NULL,56,3,'This script is well coded and is super fast. The support is pretty quick. Very patient and helpful team. I strongly recommend it and they deserve more than 5 stars.','published','2025-08-02 02:15:51','2025-08-02 02:15:51','[\"products\\/product-14.jpg\",\"products\\/product-54.jpg\",\"products\\/product-77.jpg\",\"products\\/product-88.jpg\"]'),(712,5,NULL,NULL,48,4,'It\'s not my first experience here on Codecanyon and I can honestly tell you all that Botble puts a LOT of effort into the support. They answer so fast, they helped me tons of times. REALLY by far THE BEST EXPERIENCE on Codecanyon. Those guys at Botble are so good that they deserve 5 stars. I recommend them, I trust them and I can\'t wait to see what they will sell in a near future. Thank you Botble :)','published','2025-08-02 02:15:51','2025-08-02 02:15:51','[\"products\\/product-5.jpg\",\"products\\/product-31.jpg\"]'),(715,2,NULL,NULL,50,3,'It\'s not my first experience here on Codecanyon and I can honestly tell you all that Botble puts a LOT of effort into the support. They answer so fast, they helped me tons of times. REALLY by far THE BEST EXPERIENCE on Codecanyon. Those guys at Botble are so good that they deserve 5 stars. I recommend them, I trust them and I can\'t wait to see what they will sell in a near future. Thank you Botble :)','published','2025-08-02 02:15:51','2025-08-02 02:15:51','[\"products\\/product-34.jpg\",\"products\\/product-76.jpg\"]'),(717,4,NULL,NULL,5,1,'Great system, great support, good job Botble. I\'m looking forward to more great functional plugins.','published','2025-08-02 02:15:51','2025-08-02 02:15:51','[\"products\\/product-10.jpg\",\"products\\/product-21.jpg\",\"products\\/product-45.jpg\",\"products\\/product-72.jpg\"]'),(718,4,NULL,NULL,52,1,'Ok good product. I have some issues in customizations. But its not correct to blame the developer. The product is good. Good luck for your business.','published','2025-08-02 02:15:51','2025-08-02 02:15:51','[\"products\\/product-1.jpg\",\"products\\/product-30.jpg\",\"products\\/product-50.jpg\"]'),(720,2,NULL,NULL,39,2,'Second or third time that I buy a Botble product, happy with the products and support. You guys do a good job :)','published','2025-08-02 02:15:51','2025-08-02 02:15:51','[\"products\\/product-25.jpg\",\"products\\/product-58.jpg\",\"products\\/product-67.jpg\",\"products\\/product-81.jpg\"]'),(721,6,NULL,NULL,4,4,'As a developer I reviewed this script. This is really awesome ecommerce script. I have convinced when I noticed that it\'s built on fully WordPress concept.','published','2025-08-02 02:15:51','2025-08-02 02:15:51','[\"products\\/product-3.jpg\",\"products\\/product-22.jpg\",\"products\\/product-51.jpg\",\"products\\/product-71.jpg\"]'),(725,6,NULL,NULL,61,3,'Customer Support are grade (A*), however the code is a way too over engineered for it\'s purpose.','published','2025-08-02 02:15:51','2025-08-02 02:15:51','[\"products\\/product-27.jpg\",\"products\\/product-28.jpg\",\"products\\/product-74.jpg\"]'),(726,10,NULL,NULL,68,4,'Very enthusiastic support! Excellent code is written. It\'s a true pleasure working with.','published','2025-08-02 02:15:51','2025-08-02 02:15:51','[\"products\\/product-24.jpg\"]'),(727,4,NULL,NULL,27,2,'Best ecommerce CMS online store!','published','2025-08-02 02:15:51','2025-08-02 02:15:51','[\"products\\/product-14.jpg\",\"products\\/product-73.jpg\",\"products\\/product-75.jpg\",\"products\\/product-82.jpg\"]'),(728,3,NULL,NULL,72,1,'Amazing code, amazing support. Overall, im really confident in Botble and im happy I made the right choice! Thank you so much guys for coding this masterpiece','published','2025-08-02 02:15:51','2025-08-02 02:15:51','[\"products\\/product-18.jpg\",\"products\\/product-31.jpg\",\"products\\/product-72.jpg\",\"products\\/product-92.jpg\"]'),(730,7,NULL,NULL,29,2,'Perfect +++++++++ i love it really also i get to fast ticket answers... Thanks Lot BOTBLE Teams','published','2025-08-02 02:15:51','2025-08-02 02:15:51','[\"products\\/product-21.jpg\",\"products\\/product-76.jpg\",\"products\\/product-78.jpg\",\"products\\/product-81.jpg\"]'),(733,2,NULL,NULL,49,4,'Those guys now what they are doing, the release such a good product that it\'s a pleasure to work with ! Even when I was stuck on the project, I created a ticket and the next day it was replied by the team. GOOD JOB guys. I love working with them :)','published','2025-08-02 02:15:51','2025-08-02 02:15:51','[\"products\\/product-44.jpg\"]'),(735,3,NULL,NULL,68,1,'These guys are amazing! Responses immediately, amazing support and help... I immediately feel at ease after Purchasing..','published','2025-08-02 02:15:51','2025-08-02 02:15:51','[\"products\\/pla-product-03.jpg\",\"products\\/product-16.jpg\",\"products\\/product-54.jpg\",\"products\\/product-94.jpg\"]'),(738,2,NULL,NULL,51,3,'Good app, good backup service and support. Good documentation.','published','2025-08-02 02:15:51','2025-08-02 02:15:51','[\"products\\/product-85.jpg\"]'),(748,8,NULL,NULL,25,1,'Very enthusiastic support! Excellent code is written. It\'s a true pleasure working with.','published','2025-08-02 02:15:51','2025-08-02 02:15:51','[\"products\\/product-19.jpg\",\"products\\/product-25.jpg\",\"products\\/product-50.jpg\"]'),(749,2,NULL,NULL,42,2,'Great E-commerce system. And much more : Wonderful Customer Support.','published','2025-08-02 02:15:51','2025-08-02 02:15:51','[\"products\\/product-62.jpg\"]'),(750,8,NULL,NULL,14,2,'Great system, great support, good job Botble. I\'m looking forward to more great functional plugins.','published','2025-08-02 02:15:51','2025-08-02 02:15:51','[\"products\\/product-8.jpg\",\"products\\/product-13.jpg\",\"products\\/product-41.jpg\",\"products\\/product-85.jpg\"]'),(752,8,NULL,NULL,51,4,'Clean & perfect source code','published','2025-08-02 02:15:51','2025-08-02 02:15:51','[\"products\\/product-15.jpg\",\"products\\/product-34.jpg\",\"products\\/product-60.jpg\",\"products\\/product-89.jpg\"]'),(753,5,NULL,NULL,19,3,'The best store template! Excellent coding! Very good support! Thank you so much for all the help, I really appreciated.','published','2025-08-02 02:15:51','2025-08-02 02:15:51','[\"products\\/product-79.jpg\"]'),(754,8,NULL,NULL,48,4,'Clean & perfect source code','published','2025-08-02 02:15:51','2025-08-02 02:15:51','[\"products\\/product-18.jpg\",\"products\\/product-21.jpg\",\"products\\/product-87.jpg\"]'),(756,10,NULL,NULL,66,5,'These guys are amazing! Responses immediately, amazing support and help... I immediately feel at ease after Purchasing..','published','2025-08-02 02:15:51','2025-08-02 02:15:51','[\"products\\/product-14.jpg\",\"products\\/product-35.jpg\",\"products\\/product-65.jpg\",\"products\\/product-66.jpg\"]'),(757,3,NULL,NULL,46,5,'These guys are amazing! Responses immediately, amazing support and help... I immediately feel at ease after Purchasing..','published','2025-08-02 02:15:51','2025-08-02 02:15:51','[\"products\\/product-12.jpg\",\"products\\/product-15.jpg\",\"products\\/product-71.jpg\"]'),(758,5,NULL,NULL,21,3,'This web app is really good in design, code quality & features. Besides, the customer support provided by the Botble team was really fast & helpful. You guys are awesome!','published','2025-08-02 02:15:51','2025-08-02 02:15:51','[\"products\\/product-25.jpg\",\"products\\/product-57.jpg\",\"products\\/product-86.jpg\"]'),(759,10,NULL,NULL,9,4,'Great E-commerce system. And much more : Wonderful Customer Support.','published','2025-08-02 02:15:51','2025-08-02 02:15:51','[\"products\\/product-42.jpg\",\"products\\/product-46.jpg\",\"products\\/product-80.jpg\"]'),(760,9,NULL,NULL,47,3,'The code is good, in general, if you like it, can you give it 5 stars?','published','2025-08-02 02:15:51','2025-08-02 02:15:51','[\"products\\/product-12.jpg\",\"products\\/product-28.jpg\",\"products\\/product-53.jpg\",\"products\\/product-60.jpg\"]'),(762,2,NULL,NULL,26,5,'Amazing code, amazing support. Overall, im really confident in Botble and im happy I made the right choice! Thank you so much guys for coding this masterpiece','published','2025-08-02 02:15:51','2025-08-02 02:15:51','[\"products\\/pla-product-03.jpg\"]'),(763,3,NULL,NULL,21,3,'These guys are amazing! Responses immediately, amazing support and help... I immediately feel at ease after Purchasing..','published','2025-08-02 02:15:51','2025-08-02 02:15:51','[\"products\\/product-67.jpg\"]'),(764,7,NULL,NULL,15,1,'Best ecommerce CMS online store!','published','2025-08-02 02:15:51','2025-08-02 02:15:51','[\"products\\/product-45.jpg\",\"products\\/product-74.jpg\",\"products\\/product-86.jpg\"]'),(767,4,NULL,NULL,14,4,'This web app is really good in design, code quality & features. Besides, the customer support provided by the Botble team was really fast & helpful. You guys are awesome!','published','2025-08-02 02:15:51','2025-08-02 02:15:51','[\"products\\/pla-product-03.jpg\",\"products\\/product-43.jpg\"]'),(769,9,NULL,NULL,27,1,'Good app, good backup service and support. Good documentation.','published','2025-08-02 02:15:51','2025-08-02 02:15:51','[\"products\\/product-40.jpg\",\"products\\/product-62.jpg\",\"products\\/product-83.jpg\"]'),(772,6,NULL,NULL,45,2,'It\'s not my first experience here on Codecanyon and I can honestly tell you all that Botble puts a LOT of effort into the support. They answer so fast, they helped me tons of times. REALLY by far THE BEST EXPERIENCE on Codecanyon. Those guys at Botble are so good that they deserve 5 stars. I recommend them, I trust them and I can\'t wait to see what they will sell in a near future. Thank you Botble :)','published','2025-08-02 02:15:51','2025-08-02 02:15:51','[\"products\\/product-30.jpg\",\"products\\/product-34.jpg\",\"products\\/product-40.jpg\",\"products\\/product-51.jpg\"]'),(776,6,NULL,NULL,51,4,'Second or third time that I buy a Botble product, happy with the products and support. You guys do a good job :)','published','2025-08-02 02:15:51','2025-08-02 02:15:51','[\"products\\/product-50.jpg\",\"products\\/product-78.jpg\"]'),(780,3,NULL,NULL,15,2,'For me the best eCommerce script on Envato at this moment: modern, clean code, a lot of great features. The customer support is great too: I always get an answer within hours!','published','2025-08-02 02:15:51','2025-08-02 02:15:51','[\"products\\/product-2.jpg\",\"products\\/product-87.jpg\"]'),(781,10,NULL,NULL,47,3,'Customer Support are grade (A*), however the code is a way too over engineered for it\'s purpose.','published','2025-08-02 02:15:51','2025-08-02 02:15:51','[\"products\\/product-70.jpg\"]'),(785,5,NULL,NULL,23,1,'Customer Support are grade (A*), however the code is a way too over engineered for it\'s purpose.','published','2025-08-02 02:15:51','2025-08-02 02:15:51','[\"products\\/product-57.jpg\",\"products\\/product-67.jpg\"]'),(787,1,NULL,NULL,71,5,'The best store template! Excellent coding! Very good support! Thank you so much for all the help, I really appreciated.','published','2025-08-02 02:15:51','2025-08-02 02:15:51','[\"products\\/product-35.jpg\",\"products\\/product-58.jpg\",\"products\\/product-90.jpg\"]'),(793,2,NULL,NULL,14,5,'Very enthusiastic support! Excellent code is written. It\'s a true pleasure working with.','published','2025-08-02 02:15:51','2025-08-02 02:15:51','[\"products\\/product-38.jpg\"]'),(796,7,NULL,NULL,43,1,'Clean & perfect source code','published','2025-08-02 02:15:51','2025-08-02 02:15:51','[\"products\\/pla-product-02.jpg\"]'),(798,10,NULL,NULL,6,5,'Those guys now what they are doing, the release such a good product that it\'s a pleasure to work with ! Even when I was stuck on the project, I created a ticket and the next day it was replied by the team. GOOD JOB guys. I love working with them :)','published','2025-08-02 02:15:51','2025-08-02 02:15:51','[\"products\\/product-4.jpg\",\"products\\/product-60.jpg\",\"products\\/product-64.jpg\"]'),(806,2,NULL,NULL,60,1,'Ok good product. I have some issues in customizations. But its not correct to blame the developer. The product is good. Good luck for your business.','published','2025-08-02 02:15:51','2025-08-02 02:15:51','[\"products\\/product-2.jpg\",\"products\\/product-45.jpg\",\"products\\/product-51.jpg\",\"products\\/product-63.jpg\"]'),(811,6,NULL,NULL,67,5,'Clean & perfect source code','published','2025-08-02 02:15:51','2025-08-02 02:15:51','[\"products\\/product-45.jpg\",\"products\\/product-59.jpg\",\"products\\/product-78.jpg\"]'),(814,5,NULL,NULL,17,3,'It\'s not my first experience here on Codecanyon and I can honestly tell you all that Botble puts a LOT of effort into the support. They answer so fast, they helped me tons of times. REALLY by far THE BEST EXPERIENCE on Codecanyon. Those guys at Botble are so good that they deserve 5 stars. I recommend them, I trust them and I can\'t wait to see what they will sell in a near future. Thank you Botble :)','published','2025-08-02 02:15:51','2025-08-02 02:15:51','[\"products\\/product-74.jpg\"]'),(818,10,NULL,NULL,8,5,'Cool template. Excellent code quality. The support responds very quickly, which is very rare on themeforest and codecanyon.net, I buy a lot of templates, and everyone will have a response from technical support for two or three days. Thanks to tech support. I recommend to buy.','published','2025-08-02 02:15:51','2025-08-02 02:15:51','[\"products\\/product-14.jpg\",\"products\\/product-15.jpg\",\"products\\/product-33.jpg\",\"products\\/product-88.jpg\"]'),(823,4,NULL,NULL,19,5,'Those guys now what they are doing, the release such a good product that it\'s a pleasure to work with ! Even when I was stuck on the project, I created a ticket and the next day it was replied by the team. GOOD JOB guys. I love working with them :)','published','2025-08-02 02:15:51','2025-08-02 02:15:51','[\"products\\/product-22.jpg\",\"products\\/product-27.jpg\",\"products\\/product-77.jpg\"]'),(824,9,NULL,NULL,33,3,'It\'s not my first experience here on Codecanyon and I can honestly tell you all that Botble puts a LOT of effort into the support. They answer so fast, they helped me tons of times. REALLY by far THE BEST EXPERIENCE on Codecanyon. Those guys at Botble are so good that they deserve 5 stars. I recommend them, I trust them and I can\'t wait to see what they will sell in a near future. Thank you Botble :)','published','2025-08-02 02:15:51','2025-08-02 02:15:51','[\"products\\/product-11.jpg\",\"products\\/product-51.jpg\",\"products\\/product-91.jpg\"]'),(827,10,NULL,NULL,13,2,'Second or third time that I buy a Botble product, happy with the products and support. You guys do a good job :)','published','2025-08-02 02:15:51','2025-08-02 02:15:51','[\"products\\/product-30.jpg\",\"products\\/product-83.jpg\"]'),(832,5,NULL,NULL,41,1,'Second or third time that I buy a Botble product, happy with the products and support. You guys do a good job :)','published','2025-08-02 02:15:51','2025-08-02 02:15:51','[\"products\\/product-23.jpg\"]'),(834,1,NULL,NULL,30,4,'The best store template! Excellent coding! Very good support! Thank you so much for all the help, I really appreciated.','published','2025-08-02 02:15:51','2025-08-02 02:15:51','[\"products\\/product-73.jpg\"]'),(840,1,NULL,NULL,37,2,'Perfect +++++++++ i love it really also i get to fast ticket answers... Thanks Lot BOTBLE Teams','published','2025-08-02 02:15:51','2025-08-02 02:15:51','[\"products\\/product-54.jpg\"]'),(842,6,NULL,NULL,68,4,'This script is well coded and is super fast. The support is pretty quick. Very patient and helpful team. I strongly recommend it and they deserve more than 5 stars.','published','2025-08-02 02:15:51','2025-08-02 02:15:51','[\"products\\/product-10.jpg\",\"products\\/product-50.jpg\",\"products\\/product-66.jpg\"]'),(846,9,NULL,NULL,60,3,'We have received brilliant service support and will be expanding the features with the developer. Nice product!','published','2025-08-02 02:15:51','2025-08-02 02:15:51','[\"products\\/product-46.jpg\"]'),(847,10,NULL,NULL,53,4,'I Love this Script. I also found how to add other fees. Now I just wait the BIG update for the Marketplace with the Bulk Import. Just do not forget to make it to be Multi-language for us the Botble Fans.','published','2025-08-02 02:15:51','2025-08-02 02:15:51','[\"products\\/product-33.jpg\"]'),(851,6,NULL,NULL,26,1,'Amazing code, amazing support. Overall, im really confident in Botble and im happy I made the right choice! Thank you so much guys for coding this masterpiece','published','2025-08-02 02:15:51','2025-08-02 02:15:51','[\"products\\/product-13.jpg\",\"products\\/product-49.jpg\",\"products\\/product-74.jpg\",\"products\\/product-75.jpg\"]'),(852,6,NULL,NULL,50,4,'The best ecommerce CMS! Excellent coding! best support service! Thank you so much..... I really like your hard work.','published','2025-08-02 02:15:51','2025-08-02 02:15:51','[\"products\\/product-25.jpg\",\"products\\/product-59.jpg\",\"products\\/product-93.jpg\"]'),(853,3,NULL,NULL,33,3,'Clean & perfect source code','published','2025-08-02 02:15:51','2025-08-02 02:15:51','[\"products\\/product-9.jpg\",\"products\\/product-45.jpg\",\"products\\/product-52.jpg\",\"products\\/product-58.jpg\"]'),(864,1,NULL,NULL,63,5,'Clean & perfect source code','published','2025-08-02 02:15:51','2025-08-02 02:15:51','[\"products\\/product-50.jpg\"]'),(866,2,NULL,NULL,19,3,'Great E-commerce system. And much more : Wonderful Customer Support.','published','2025-08-02 02:15:51','2025-08-02 02:15:51','[\"products\\/product-20.jpg\",\"products\\/product-87.jpg\",\"products\\/product-89.jpg\"]'),(868,6,NULL,NULL,41,1,'These guys are amazing! Responses immediately, amazing support and help... I immediately feel at ease after Purchasing..','published','2025-08-02 02:15:51','2025-08-02 02:15:51','[\"products\\/product-7.jpg\",\"products\\/product-10.jpg\",\"products\\/product-88.jpg\"]'),(872,9,NULL,NULL,25,2,'Amazing code, amazing support. Overall, im really confident in Botble and im happy I made the right choice! Thank you so much guys for coding this masterpiece','published','2025-08-02 02:15:51','2025-08-02 02:15:51','[\"products\\/product-67.jpg\"]'),(874,9,NULL,NULL,68,5,'Second or third time that I buy a Botble product, happy with the products and support. You guys do a good job :)','published','2025-08-02 02:15:51','2025-08-02 02:15:51','[\"products\\/product-25.jpg\",\"products\\/product-51.jpg\",\"products\\/product-81.jpg\"]'),(878,2,NULL,NULL,45,4,'As a developer I reviewed this script. This is really awesome ecommerce script. I have convinced when I noticed that it\'s built on fully WordPress concept.','published','2025-08-02 02:15:51','2025-08-02 02:15:51','[\"products\\/product-8.jpg\",\"products\\/product-58.jpg\",\"products\\/product-60.jpg\"]'),(884,7,NULL,NULL,27,1,'Amazing code, amazing support. Overall, im really confident in Botble and im happy I made the right choice! Thank you so much guys for coding this masterpiece','published','2025-08-02 02:15:51','2025-08-02 02:15:51','[\"products\\/product-12.jpg\",\"products\\/product-26.jpg\",\"products\\/product-47.jpg\",\"products\\/product-61.jpg\"]'),(888,4,NULL,NULL,10,1,'This web app is really good in design, code quality & features. Besides, the customer support provided by the Botble team was really fast & helpful. You guys are awesome!','published','2025-08-02 02:15:51','2025-08-02 02:15:51','[\"products\\/product-36.jpg\",\"products\\/product-46.jpg\"]'),(892,2,NULL,NULL,16,5,'Great system, great support, good job Botble. I\'m looking forward to more great functional plugins.','published','2025-08-02 02:15:51','2025-08-02 02:15:51','[\"products\\/product-6.jpg\"]'),(900,2,NULL,NULL,24,4,'The code is good, in general, if you like it, can you give it 5 stars?','published','2025-08-02 02:15:51','2025-08-02 02:15:51','[\"products\\/product-47.jpg\"]'),(905,8,NULL,NULL,68,4,'Great E-commerce system. And much more : Wonderful Customer Support.','published','2025-08-02 02:15:51','2025-08-02 02:15:51','[\"products\\/product-2.jpg\"]'),(911,9,NULL,NULL,74,5,'These guys are amazing! Responses immediately, amazing support and help... I immediately feel at ease after Purchasing..','published','2025-08-02 02:15:51','2025-08-02 02:15:51','[\"products\\/product-5.jpg\",\"products\\/product-62.jpg\"]'),(914,4,NULL,NULL,41,3,'This web app is really good in design, code quality & features. Besides, the customer support provided by the Botble team was really fast & helpful. You guys are awesome!','published','2025-08-02 02:15:51','2025-08-02 02:15:51','[\"products\\/product-32.jpg\",\"products\\/product-51.jpg\"]'),(915,7,NULL,NULL,46,5,'Great system, great support, good job Botble. I\'m looking forward to more great functional plugins.','published','2025-08-02 02:15:51','2025-08-02 02:15:51','[\"products\\/product-48.jpg\",\"products\\/product-49.jpg\",\"products\\/product-57.jpg\"]'),(917,10,NULL,NULL,14,4,'Best ecommerce CMS online store!','published','2025-08-02 02:15:51','2025-08-02 02:15:51','[\"products\\/product-20.jpg\",\"products\\/product-73.jpg\",\"products\\/product-77.jpg\",\"products\\/product-93.jpg\"]'),(918,9,NULL,NULL,21,4,'The script is the best of its class, fast, easy to implement and work with , and the most important thing is the great support team , Recommend with no doubt.','published','2025-08-02 02:15:51','2025-08-02 02:15:51','[\"products\\/product-30.jpg\",\"products\\/product-44.jpg\",\"products\\/product-63.jpg\",\"products\\/product-93.jpg\"]'),(920,4,NULL,NULL,48,1,'The best ecommerce CMS! Excellent coding! best support service! Thank you so much..... I really like your hard work.','published','2025-08-02 02:15:51','2025-08-02 02:15:51','[\"products\\/pla-product-03.jpg\",\"products\\/product-9.jpg\",\"products\\/product-17.jpg\",\"products\\/product-33.jpg\"]'),(924,8,NULL,NULL,29,3,'Best ecommerce CMS online store!','published','2025-08-02 02:15:51','2025-08-02 02:15:51','[\"products\\/product-25.jpg\",\"products\\/product-31.jpg\",\"products\\/product-43.jpg\",\"products\\/product-50.jpg\"]'),(928,8,NULL,NULL,18,3,'Second or third time that I buy a Botble product, happy with the products and support. You guys do a good job :)','published','2025-08-02 02:15:51','2025-08-02 02:15:51','[\"products\\/product-1.jpg\"]'),(930,1,NULL,NULL,36,5,'For me the best eCommerce script on Envato at this moment: modern, clean code, a lot of great features. The customer support is great too: I always get an answer within hours!','published','2025-08-02 02:15:51','2025-08-02 02:15:51','[\"products\\/product-54.jpg\"]'),(933,7,NULL,NULL,72,1,'I Love this Script. I also found how to add other fees. Now I just wait the BIG update for the Marketplace with the Bulk Import. Just do not forget to make it to be Multi-language for us the Botble Fans.','published','2025-08-02 02:15:51','2025-08-02 02:15:51','[\"products\\/product-6.jpg\",\"products\\/product-10.jpg\",\"products\\/product-58.jpg\"]'),(935,7,NULL,NULL,6,5,'These guys are amazing! Responses immediately, amazing support and help... I immediately feel at ease after Purchasing..','published','2025-08-02 02:15:51','2025-08-02 02:15:51','[\"products\\/product-4.jpg\",\"products\\/product-35.jpg\",\"products\\/product-92.jpg\",\"products\\/product-93.jpg\"]'),(938,7,NULL,NULL,5,4,'Very enthusiastic support! Excellent code is written. It\'s a true pleasure working with.','published','2025-08-02 02:15:51','2025-08-02 02:15:51','[\"products\\/product-33.jpg\"]'),(949,8,NULL,NULL,37,1,'The best ecommerce CMS! Excellent coding! best support service! Thank you so much..... I really like your hard work.','published','2025-08-02 02:15:51','2025-08-02 02:15:51','[\"products\\/product-31.jpg\"]'),(967,8,NULL,NULL,13,5,'Best ecommerce CMS online store!','published','2025-08-02 02:15:51','2025-08-02 02:15:51','[\"products\\/pla-product-03.jpg\",\"products\\/product-42.jpg\",\"products\\/product-70.jpg\",\"products\\/product-90.jpg\"]'),(975,2,NULL,NULL,53,4,'Cool template. Excellent code quality. The support responds very quickly, which is very rare on themeforest and codecanyon.net, I buy a lot of templates, and everyone will have a response from technical support for two or three days. Thanks to tech support. I recommend to buy.','published','2025-08-02 02:15:51','2025-08-02 02:15:51','[\"products\\/product-2.jpg\",\"products\\/product-22.jpg\",\"products\\/product-47.jpg\"]'),(983,8,NULL,NULL,61,2,'We have received brilliant service support and will be expanding the features with the developer. Nice product!','published','2025-08-02 02:15:51','2025-08-02 02:15:51','[\"products\\/product-79.jpg\"]'),(985,2,NULL,NULL,38,3,'Perfect +++++++++ i love it really also i get to fast ticket answers... Thanks Lot BOTBLE Teams','published','2025-08-02 02:15:51','2025-08-02 02:15:51','[\"products\\/product-25.jpg\"]'),(990,4,NULL,NULL,8,2,'The best store template! Excellent coding! Very good support! Thank you so much for all the help, I really appreciated.','published','2025-08-02 02:15:51','2025-08-02 02:15:51','[\"products\\/pla-product-02.jpg\",\"products\\/product-3.jpg\",\"products\\/product-41.jpg\"]'),(996,1,NULL,NULL,1,4,'Those guys now what they are doing, the release such a good product that it\'s a pleasure to work with ! Even when I was stuck on the project, I created a ticket and the next day it was replied by the team. GOOD JOB guys. I love working with them :)','published','2025-08-02 02:15:51','2025-08-02 02:15:51','[\"products\\/product-17.jpg\",\"products\\/product-75.jpg\"]');
/*!40000 ALTER TABLE `ec_reviews` ENABLE KEYS */;
UNLOCK TABLES;

--
-- Table structure for table `ec_shared_wishlists`
--

DROP TABLE IF EXISTS `ec_shared_wishlists`;
/*!40101 SET @saved_cs_client     = @@character_set_client */;
/*!50503 SET character_set_client = utf8mb4 */;
CREATE TABLE `ec_shared_wishlists` (
  `id` bigint unsigned NOT NULL AUTO_INCREMENT,
  `code` varchar(191) COLLATE utf8mb4_unicode_ci NOT NULL,
  `product_ids` text COLLATE utf8mb4_unicode_ci,
  `created_at` timestamp NULL DEFAULT NULL,
  `updated_at` timestamp NULL DEFAULT NULL,
  PRIMARY KEY (`id`),
  UNIQUE KEY `ec_shared_wishlists_code_unique` (`code`)
) ENGINE=InnoDB DEFAULT CHARSET=utf8mb4 COLLATE=utf8mb4_unicode_ci;
/*!40101 SET character_set_client = @saved_cs_client */;

--
-- Dumping data for table `ec_shared_wishlists`
--

LOCK TABLES `ec_shared_wishlists` WRITE;
/*!40000 ALTER TABLE `ec_shared_wishlists` DISABLE KEYS */;
/*!40000 ALTER TABLE `ec_shared_wishlists` ENABLE KEYS */;
UNLOCK TABLES;

--
-- Table structure for table `ec_shipment_histories`
--

DROP TABLE IF EXISTS `ec_shipment_histories`;
/*!40101 SET @saved_cs_client     = @@character_set_client */;
/*!50503 SET character_set_client = utf8mb4 */;
CREATE TABLE `ec_shipment_histories` (
  `id` bigint unsigned NOT NULL AUTO_INCREMENT,
  `action` varchar(120) COLLATE utf8mb4_unicode_ci NOT NULL,
  `description` varchar(400) COLLATE utf8mb4_unicode_ci DEFAULT NULL,
  `user_id` bigint unsigned DEFAULT NULL,
  `shipment_id` bigint unsigned NOT NULL,
  `order_id` bigint unsigned NOT NULL,
  `created_at` timestamp NULL DEFAULT NULL,
  `updated_at` timestamp NULL DEFAULT NULL,
  `user_type` varchar(191) COLLATE utf8mb4_unicode_ci NOT NULL DEFAULT 'Botble\\ACL\\Models\\User',
  PRIMARY KEY (`id`)
) ENGINE=InnoDB DEFAULT CHARSET=utf8mb4 COLLATE=utf8mb4_unicode_ci;
/*!40101 SET character_set_client = @saved_cs_client */;

--
-- Dumping data for table `ec_shipment_histories`
--

LOCK TABLES `ec_shipment_histories` WRITE;
/*!40000 ALTER TABLE `ec_shipment_histories` DISABLE KEYS */;
/*!40000 ALTER TABLE `ec_shipment_histories` ENABLE KEYS */;
UNLOCK TABLES;

--
-- Table structure for table `ec_shipments`
--

DROP TABLE IF EXISTS `ec_shipments`;
/*!40101 SET @saved_cs_client     = @@character_set_client */;
/*!50503 SET character_set_client = utf8mb4 */;
CREATE TABLE `ec_shipments` (
  `id` bigint unsigned NOT NULL AUTO_INCREMENT,
  `order_id` bigint unsigned NOT NULL,
  `user_id` bigint unsigned DEFAULT NULL,
  `weight` double DEFAULT '0',
  `shipment_id` varchar(120) COLLATE utf8mb4_unicode_ci DEFAULT NULL,
  `rate_id` varchar(120) COLLATE utf8mb4_unicode_ci DEFAULT NULL,
  `note` text COLLATE utf8mb4_unicode_ci,
  `status` varchar(120) COLLATE utf8mb4_unicode_ci NOT NULL DEFAULT 'pending',
  `cod_amount` decimal(15,2) DEFAULT '0.00',
  `cod_status` varchar(60) COLLATE utf8mb4_unicode_ci NOT NULL DEFAULT 'pending',
  `cross_checking_status` varchar(60) COLLATE utf8mb4_unicode_ci NOT NULL DEFAULT 'pending',
  `price` decimal(15,2) DEFAULT '0.00',
  `store_id` bigint unsigned DEFAULT NULL,
  `created_at` timestamp NULL DEFAULT NULL,
  `updated_at` timestamp NULL DEFAULT NULL,
  `tracking_id` varchar(191) COLLATE utf8mb4_unicode_ci DEFAULT NULL,
  `shipping_company_name` varchar(191) COLLATE utf8mb4_unicode_ci DEFAULT NULL,
  `tracking_link` varchar(191) COLLATE utf8mb4_unicode_ci DEFAULT NULL,
  `estimate_date_shipped` datetime DEFAULT NULL,
  `date_shipped` datetime DEFAULT NULL,
  `customer_delivered_confirmed_at` timestamp NULL DEFAULT NULL,
  `label_url` text COLLATE utf8mb4_unicode_ci,
  `metadata` mediumtext COLLATE utf8mb4_unicode_ci,
  PRIMARY KEY (`id`)
) ENGINE=InnoDB DEFAULT CHARSET=utf8mb4 COLLATE=utf8mb4_unicode_ci;
/*!40101 SET character_set_client = @saved_cs_client */;

--
-- Dumping data for table `ec_shipments`
--

LOCK TABLES `ec_shipments` WRITE;
/*!40000 ALTER TABLE `ec_shipments` DISABLE KEYS */;
/*!40000 ALTER TABLE `ec_shipments` ENABLE KEYS */;
UNLOCK TABLES;

--
-- Table structure for table `ec_shipping`
--

DROP TABLE IF EXISTS `ec_shipping`;
/*!40101 SET @saved_cs_client     = @@character_set_client */;
/*!50503 SET character_set_client = utf8mb4 */;
CREATE TABLE `ec_shipping` (
  `id` bigint unsigned NOT NULL AUTO_INCREMENT,
  `title` varchar(191) COLLATE utf8mb4_unicode_ci DEFAULT NULL,
  `country` varchar(120) COLLATE utf8mb4_unicode_ci DEFAULT NULL,
  `created_at` timestamp NULL DEFAULT NULL,
  `updated_at` timestamp NULL DEFAULT NULL,
  PRIMARY KEY (`id`)
) ENGINE=InnoDB AUTO_INCREMENT=2 DEFAULT CHARSET=utf8mb4 COLLATE=utf8mb4_unicode_ci;
/*!40101 SET character_set_client = @saved_cs_client */;

--
-- Dumping data for table `ec_shipping`
--

LOCK TABLES `ec_shipping` WRITE;
/*!40000 ALTER TABLE `ec_shipping` DISABLE KEYS */;
INSERT INTO `ec_shipping` VALUES (1,'All',NULL,'2025-08-02 02:15:30','2025-08-02 02:15:30');
/*!40000 ALTER TABLE `ec_shipping` ENABLE KEYS */;
UNLOCK TABLES;

--
-- Table structure for table `ec_shipping_rule_items`
--

DROP TABLE IF EXISTS `ec_shipping_rule_items`;
/*!40101 SET @saved_cs_client     = @@character_set_client */;
/*!50503 SET character_set_client = utf8mb4 */;
CREATE TABLE `ec_shipping_rule_items` (
  `id` bigint unsigned NOT NULL AUTO_INCREMENT,
  `shipping_rule_id` bigint unsigned NOT NULL,
  `country` varchar(120) COLLATE utf8mb4_unicode_ci DEFAULT NULL,
  `state` varchar(120) COLLATE utf8mb4_unicode_ci DEFAULT NULL,
  `city` varchar(120) COLLATE utf8mb4_unicode_ci DEFAULT NULL,
  `zip_code` varchar(20) COLLATE utf8mb4_unicode_ci DEFAULT NULL,
  `adjustment_price` decimal(15,2) DEFAULT '0.00',
  `is_enabled` tinyint(1) NOT NULL DEFAULT '1',
  `created_at` timestamp NULL DEFAULT NULL,
  `updated_at` timestamp NULL DEFAULT NULL,
  PRIMARY KEY (`id`)
) ENGINE=InnoDB DEFAULT CHARSET=utf8mb4 COLLATE=utf8mb4_unicode_ci;
/*!40101 SET character_set_client = @saved_cs_client */;

--
-- Dumping data for table `ec_shipping_rule_items`
--

LOCK TABLES `ec_shipping_rule_items` WRITE;
/*!40000 ALTER TABLE `ec_shipping_rule_items` DISABLE KEYS */;
/*!40000 ALTER TABLE `ec_shipping_rule_items` ENABLE KEYS */;
UNLOCK TABLES;

--
-- Table structure for table `ec_shipping_rules`
--

DROP TABLE IF EXISTS `ec_shipping_rules`;
/*!40101 SET @saved_cs_client     = @@character_set_client */;
/*!50503 SET character_set_client = utf8mb4 */;
CREATE TABLE `ec_shipping_rules` (
  `id` bigint unsigned NOT NULL AUTO_INCREMENT,
  `name` varchar(120) COLLATE utf8mb4_unicode_ci NOT NULL,
  `shipping_id` bigint unsigned NOT NULL,
  `type` varchar(24) COLLATE utf8mb4_unicode_ci DEFAULT 'based_on_price',
  `from` decimal(15,2) DEFAULT '0.00',
  `to` decimal(15,2) DEFAULT '0.00',
  `price` decimal(15,2) DEFAULT '0.00',
  `created_at` timestamp NULL DEFAULT NULL,
  `updated_at` timestamp NULL DEFAULT NULL,
  PRIMARY KEY (`id`)
) ENGINE=InnoDB AUTO_INCREMENT=4 DEFAULT CHARSET=utf8mb4 COLLATE=utf8mb4_unicode_ci;
/*!40101 SET character_set_client = @saved_cs_client */;

--
-- Dumping data for table `ec_shipping_rules`
--

LOCK TABLES `ec_shipping_rules` WRITE;
/*!40000 ALTER TABLE `ec_shipping_rules` DISABLE KEYS */;
INSERT INTO `ec_shipping_rules` VALUES (1,'Free delivery',1,'based_on_price',1000.00,NULL,0.00,'2025-08-02 02:15:30','2025-08-02 02:15:30'),(2,'Flat Rate',1,'based_on_price',0.00,NULL,20.00,'2025-08-02 02:15:30','2025-08-02 02:15:30'),(3,'Local Pickup',1,'based_on_price',0.00,NULL,0.00,'2025-08-02 02:15:30','2025-08-02 02:15:30');
/*!40000 ALTER TABLE `ec_shipping_rules` ENABLE KEYS */;
UNLOCK TABLES;

--
-- Table structure for table `ec_specification_attributes`
--

DROP TABLE IF EXISTS `ec_specification_attributes`;
/*!40101 SET @saved_cs_client     = @@character_set_client */;
/*!50503 SET character_set_client = utf8mb4 */;
CREATE TABLE `ec_specification_attributes` (
  `id` bigint unsigned NOT NULL AUTO_INCREMENT,
  `group_id` bigint unsigned NOT NULL,
  `name` varchar(191) COLLATE utf8mb4_unicode_ci NOT NULL,
  `type` varchar(20) COLLATE utf8mb4_unicode_ci NOT NULL,
  `options` text COLLATE utf8mb4_unicode_ci,
  `default_value` varchar(191) COLLATE utf8mb4_unicode_ci DEFAULT NULL,
  `created_at` timestamp NULL DEFAULT NULL,
  `updated_at` timestamp NULL DEFAULT NULL,
  `author_type` varchar(191) COLLATE utf8mb4_unicode_ci DEFAULT NULL,
  `author_id` bigint unsigned DEFAULT NULL,
  PRIMARY KEY (`id`),
  KEY `ec_specification_attributes_author_type_author_id_index` (`author_type`,`author_id`)
) ENGINE=InnoDB AUTO_INCREMENT=9 DEFAULT CHARSET=utf8mb4 COLLATE=utf8mb4_unicode_ci;
/*!40101 SET character_set_client = @saved_cs_client */;

--
-- Dumping data for table `ec_specification_attributes`
--

LOCK TABLES `ec_specification_attributes` WRITE;
/*!40000 ALTER TABLE `ec_specification_attributes` DISABLE KEYS */;
INSERT INTO `ec_specification_attributes` VALUES (1,1,'Height','text',NULL,NULL,'2025-08-02 02:15:47','2025-08-02 02:15:47',NULL,NULL),(2,1,'Width','text',NULL,NULL,'2025-08-02 02:15:47','2025-08-02 02:15:47',NULL,NULL),(3,1,'Weight','text',NULL,NULL,'2025-08-02 02:15:47','2025-08-02 02:15:47',NULL,NULL),(4,2,'Power','text',NULL,NULL,'2025-08-02 02:15:47','2025-08-02 02:15:47',NULL,NULL),(5,2,'Speed','text',NULL,NULL,'2025-08-02 02:15:47','2025-08-02 02:15:47',NULL,NULL),(6,3,'Battery Life','text',NULL,NULL,'2025-08-02 02:15:47','2025-08-02 02:15:47',NULL,NULL),(7,4,'Screen Size','text',NULL,NULL,'2025-08-02 02:15:47','2025-08-02 02:15:47',NULL,NULL),(8,4,'Resolution','select','[\"1920x1080\",\"2560x1440\",\"3840x2160\"]',NULL,'2025-08-02 02:15:47','2025-08-02 02:15:47',NULL,NULL);
/*!40000 ALTER TABLE `ec_specification_attributes` ENABLE KEYS */;
UNLOCK TABLES;

--
-- Table structure for table `ec_specification_attributes_translations`
--

DROP TABLE IF EXISTS `ec_specification_attributes_translations`;
/*!40101 SET @saved_cs_client     = @@character_set_client */;
/*!50503 SET character_set_client = utf8mb4 */;
CREATE TABLE `ec_specification_attributes_translations` (
  `lang_code` varchar(20) COLLATE utf8mb4_unicode_ci NOT NULL,
  `ec_specification_attributes_id` bigint unsigned NOT NULL,
  `name` varchar(191) COLLATE utf8mb4_unicode_ci DEFAULT NULL,
  `options` text COLLATE utf8mb4_unicode_ci,
  `default_value` varchar(191) COLLATE utf8mb4_unicode_ci DEFAULT NULL,
  PRIMARY KEY (`lang_code`,`ec_specification_attributes_id`)
) ENGINE=InnoDB DEFAULT CHARSET=utf8mb4 COLLATE=utf8mb4_unicode_ci;
/*!40101 SET character_set_client = @saved_cs_client */;

--
-- Dumping data for table `ec_specification_attributes_translations`
--

LOCK TABLES `ec_specification_attributes_translations` WRITE;
/*!40000 ALTER TABLE `ec_specification_attributes_translations` DISABLE KEYS */;
/*!40000 ALTER TABLE `ec_specification_attributes_translations` ENABLE KEYS */;
UNLOCK TABLES;

--
-- Table structure for table `ec_specification_groups`
--

DROP TABLE IF EXISTS `ec_specification_groups`;
/*!40101 SET @saved_cs_client     = @@character_set_client */;
/*!50503 SET character_set_client = utf8mb4 */;
CREATE TABLE `ec_specification_groups` (
  `id` bigint unsigned NOT NULL AUTO_INCREMENT,
  `name` varchar(191) COLLATE utf8mb4_unicode_ci NOT NULL,
  `description` varchar(400) COLLATE utf8mb4_unicode_ci DEFAULT NULL,
  `created_at` timestamp NULL DEFAULT NULL,
  `updated_at` timestamp NULL DEFAULT NULL,
  `author_type` varchar(191) COLLATE utf8mb4_unicode_ci DEFAULT NULL,
  `author_id` bigint unsigned DEFAULT NULL,
  PRIMARY KEY (`id`),
  KEY `ec_specification_groups_author_type_author_id_index` (`author_type`,`author_id`)
) ENGINE=InnoDB AUTO_INCREMENT=5 DEFAULT CHARSET=utf8mb4 COLLATE=utf8mb4_unicode_ci;
/*!40101 SET character_set_client = @saved_cs_client */;

--
-- Dumping data for table `ec_specification_groups`
--

LOCK TABLES `ec_specification_groups` WRITE;
/*!40000 ALTER TABLE `ec_specification_groups` DISABLE KEYS */;
INSERT INTO `ec_specification_groups` VALUES (1,'Dimensions',NULL,'2025-08-02 02:15:47','2025-08-02 02:15:47',NULL,NULL),(2,'Performance',NULL,'2025-08-02 02:15:47','2025-08-02 02:15:47',NULL,NULL),(3,'Battery',NULL,'2025-08-02 02:15:47','2025-08-02 02:15:47',NULL,NULL),(4,'Display',NULL,'2025-08-02 02:15:47','2025-08-02 02:15:47',NULL,NULL);
/*!40000 ALTER TABLE `ec_specification_groups` ENABLE KEYS */;
UNLOCK TABLES;

--
-- Table structure for table `ec_specification_groups_translations`
--

DROP TABLE IF EXISTS `ec_specification_groups_translations`;
/*!40101 SET @saved_cs_client     = @@character_set_client */;
/*!50503 SET character_set_client = utf8mb4 */;
CREATE TABLE `ec_specification_groups_translations` (
  `lang_code` varchar(20) COLLATE utf8mb4_unicode_ci NOT NULL,
  `ec_specification_groups_id` bigint unsigned NOT NULL,
  `name` varchar(191) COLLATE utf8mb4_unicode_ci DEFAULT NULL,
  `description` varchar(400) COLLATE utf8mb4_unicode_ci DEFAULT NULL,
  PRIMARY KEY (`lang_code`,`ec_specification_groups_id`)
) ENGINE=InnoDB DEFAULT CHARSET=utf8mb4 COLLATE=utf8mb4_unicode_ci;
/*!40101 SET character_set_client = @saved_cs_client */;

--
-- Dumping data for table `ec_specification_groups_translations`
--

LOCK TABLES `ec_specification_groups_translations` WRITE;
/*!40000 ALTER TABLE `ec_specification_groups_translations` DISABLE KEYS */;
/*!40000 ALTER TABLE `ec_specification_groups_translations` ENABLE KEYS */;
UNLOCK TABLES;

--
-- Table structure for table `ec_specification_table_group`
--

DROP TABLE IF EXISTS `ec_specification_table_group`;
/*!40101 SET @saved_cs_client     = @@character_set_client */;
/*!50503 SET character_set_client = utf8mb4 */;
CREATE TABLE `ec_specification_table_group` (
  `table_id` bigint unsigned NOT NULL,
  `group_id` bigint unsigned NOT NULL,
  `order` tinyint NOT NULL DEFAULT '0',
  PRIMARY KEY (`table_id`,`group_id`)
) ENGINE=InnoDB DEFAULT CHARSET=utf8mb4 COLLATE=utf8mb4_unicode_ci;
/*!40101 SET character_set_client = @saved_cs_client */;

--
-- Dumping data for table `ec_specification_table_group`
--

LOCK TABLES `ec_specification_table_group` WRITE;
/*!40000 ALTER TABLE `ec_specification_table_group` DISABLE KEYS */;
INSERT INTO `ec_specification_table_group` VALUES (1,1,0),(1,2,0),(2,3,0),(2,4,0);
/*!40000 ALTER TABLE `ec_specification_table_group` ENABLE KEYS */;
UNLOCK TABLES;

--
-- Table structure for table `ec_specification_tables`
--

DROP TABLE IF EXISTS `ec_specification_tables`;
/*!40101 SET @saved_cs_client     = @@character_set_client */;
/*!50503 SET character_set_client = utf8mb4 */;
CREATE TABLE `ec_specification_tables` (
  `id` bigint unsigned NOT NULL AUTO_INCREMENT,
  `name` varchar(191) COLLATE utf8mb4_unicode_ci NOT NULL,
  `description` varchar(400) COLLATE utf8mb4_unicode_ci DEFAULT NULL,
  `created_at` timestamp NULL DEFAULT NULL,
  `updated_at` timestamp NULL DEFAULT NULL,
  `author_type` varchar(191) COLLATE utf8mb4_unicode_ci DEFAULT NULL,
  `author_id` bigint unsigned DEFAULT NULL,
  PRIMARY KEY (`id`),
  KEY `ec_specification_tables_author_type_author_id_index` (`author_type`,`author_id`)
) ENGINE=InnoDB AUTO_INCREMENT=3 DEFAULT CHARSET=utf8mb4 COLLATE=utf8mb4_unicode_ci;
/*!40101 SET character_set_client = @saved_cs_client */;

--
-- Dumping data for table `ec_specification_tables`
--

LOCK TABLES `ec_specification_tables` WRITE;
/*!40000 ALTER TABLE `ec_specification_tables` DISABLE KEYS */;
INSERT INTO `ec_specification_tables` VALUES (1,'General Specification',NULL,'2025-08-02 02:15:47','2025-08-02 02:15:47',NULL,NULL),(2,'Technical Specification',NULL,'2025-08-02 02:15:47','2025-08-02 02:15:47',NULL,NULL);
/*!40000 ALTER TABLE `ec_specification_tables` ENABLE KEYS */;
UNLOCK TABLES;

--
-- Table structure for table `ec_specification_tables_translations`
--

DROP TABLE IF EXISTS `ec_specification_tables_translations`;
/*!40101 SET @saved_cs_client     = @@character_set_client */;
/*!50503 SET character_set_client = utf8mb4 */;
CREATE TABLE `ec_specification_tables_translations` (
  `lang_code` varchar(20) COLLATE utf8mb4_unicode_ci NOT NULL,
  `ec_specification_tables_id` bigint unsigned NOT NULL,
  `name` varchar(191) COLLATE utf8mb4_unicode_ci DEFAULT NULL,
  `description` varchar(400) COLLATE utf8mb4_unicode_ci DEFAULT NULL,
  PRIMARY KEY (`lang_code`,`ec_specification_tables_id`)
) ENGINE=InnoDB DEFAULT CHARSET=utf8mb4 COLLATE=utf8mb4_unicode_ci;
/*!40101 SET character_set_client = @saved_cs_client */;

--
-- Dumping data for table `ec_specification_tables_translations`
--

LOCK TABLES `ec_specification_tables_translations` WRITE;
/*!40000 ALTER TABLE `ec_specification_tables_translations` DISABLE KEYS */;
/*!40000 ALTER TABLE `ec_specification_tables_translations` ENABLE KEYS */;
UNLOCK TABLES;

--
-- Table structure for table `ec_store_locators`
--

DROP TABLE IF EXISTS `ec_store_locators`;
/*!40101 SET @saved_cs_client     = @@character_set_client */;
/*!50503 SET character_set_client = utf8mb4 */;
CREATE TABLE `ec_store_locators` (
  `id` bigint unsigned NOT NULL AUTO_INCREMENT,
  `name` varchar(60) COLLATE utf8mb4_unicode_ci NOT NULL,
  `email` varchar(60) COLLATE utf8mb4_unicode_ci DEFAULT NULL,
  `phone` varchar(20) COLLATE utf8mb4_unicode_ci NOT NULL,
  `address` varchar(191) COLLATE utf8mb4_unicode_ci NOT NULL,
  `country` varchar(120) COLLATE utf8mb4_unicode_ci DEFAULT NULL,
  `state` varchar(120) COLLATE utf8mb4_unicode_ci DEFAULT NULL,
  `city` varchar(120) COLLATE utf8mb4_unicode_ci DEFAULT NULL,
  `is_primary` tinyint(1) DEFAULT '0',
  `is_shipping_location` tinyint(1) DEFAULT '1',
  `created_at` timestamp NULL DEFAULT NULL,
  `updated_at` timestamp NULL DEFAULT NULL,
  `zip_code` varchar(20) COLLATE utf8mb4_unicode_ci DEFAULT NULL,
  PRIMARY KEY (`id`)
) ENGINE=InnoDB DEFAULT CHARSET=utf8mb4 COLLATE=utf8mb4_unicode_ci;
/*!40101 SET character_set_client = @saved_cs_client */;

--
-- Dumping data for table `ec_store_locators`
--

LOCK TABLES `ec_store_locators` WRITE;
/*!40000 ALTER TABLE `ec_store_locators` DISABLE KEYS */;
/*!40000 ALTER TABLE `ec_store_locators` ENABLE KEYS */;
UNLOCK TABLES;

--
-- Table structure for table `ec_tax_products`
--

DROP TABLE IF EXISTS `ec_tax_products`;
/*!40101 SET @saved_cs_client     = @@character_set_client */;
/*!50503 SET character_set_client = utf8mb4 */;
CREATE TABLE `ec_tax_products` (
  `tax_id` bigint unsigned NOT NULL,
  `product_id` bigint unsigned NOT NULL,
  PRIMARY KEY (`product_id`,`tax_id`),
  KEY `ec_tax_products_tax_id_index` (`tax_id`),
  KEY `ec_tax_products_product_id_index` (`product_id`)
) ENGINE=InnoDB DEFAULT CHARSET=utf8mb4 COLLATE=utf8mb4_unicode_ci;
/*!40101 SET character_set_client = @saved_cs_client */;

--
-- Dumping data for table `ec_tax_products`
--

LOCK TABLES `ec_tax_products` WRITE;
/*!40000 ALTER TABLE `ec_tax_products` DISABLE KEYS */;
INSERT INTO `ec_tax_products` VALUES (1,1),(1,2),(1,3),(1,4),(1,5),(1,6),(1,7),(1,8),(1,9),(1,10),(1,11),(1,12),(1,13),(1,14),(1,15),(1,16),(1,17),(1,18),(1,19),(1,20),(1,21),(1,22),(1,23),(1,24),(1,25),(1,26),(1,27),(1,28),(1,29),(1,30),(1,31),(1,32),(1,33),(1,34),(1,35),(1,36),(1,37),(1,38),(1,39),(1,40),(1,41),(1,42),(1,43),(1,44),(1,45),(1,46),(1,47),(1,48),(1,49),(1,50),(1,51),(1,52),(1,53),(1,54),(1,55),(1,56),(1,57),(1,58),(1,59),(1,60),(1,61),(1,62),(1,63),(1,64),(1,65),(1,66),(1,67),(1,68),(1,69),(1,70),(1,71),(1,72),(1,73),(1,74),(1,75);
/*!40000 ALTER TABLE `ec_tax_products` ENABLE KEYS */;
UNLOCK TABLES;

--
-- Table structure for table `ec_tax_rules`
--

DROP TABLE IF EXISTS `ec_tax_rules`;
/*!40101 SET @saved_cs_client     = @@character_set_client */;
/*!50503 SET character_set_client = utf8mb4 */;
CREATE TABLE `ec_tax_rules` (
  `id` bigint unsigned NOT NULL AUTO_INCREMENT,
  `tax_id` bigint unsigned NOT NULL,
  `country` varchar(120) COLLATE utf8mb4_unicode_ci DEFAULT NULL,
  `state` varchar(120) COLLATE utf8mb4_unicode_ci DEFAULT NULL,
  `city` varchar(120) COLLATE utf8mb4_unicode_ci DEFAULT NULL,
  `zip_code` varchar(20) COLLATE utf8mb4_unicode_ci DEFAULT NULL,
  `priority` int DEFAULT NULL,
  `is_enabled` tinyint(1) NOT NULL DEFAULT '1',
  `created_at` timestamp NULL DEFAULT NULL,
  `updated_at` timestamp NULL DEFAULT NULL,
  `percentage` float DEFAULT NULL,
  PRIMARY KEY (`id`)
) ENGINE=InnoDB DEFAULT CHARSET=utf8mb4 COLLATE=utf8mb4_unicode_ci;
/*!40101 SET character_set_client = @saved_cs_client */;

--
-- Dumping data for table `ec_tax_rules`
--

LOCK TABLES `ec_tax_rules` WRITE;
/*!40000 ALTER TABLE `ec_tax_rules` DISABLE KEYS */;
/*!40000 ALTER TABLE `ec_tax_rules` ENABLE KEYS */;
UNLOCK TABLES;

--
-- Table structure for table `ec_taxes`
--

DROP TABLE IF EXISTS `ec_taxes`;
/*!40101 SET @saved_cs_client     = @@character_set_client */;
/*!50503 SET character_set_client = utf8mb4 */;
CREATE TABLE `ec_taxes` (
  `id` bigint unsigned NOT NULL AUTO_INCREMENT,
  `title` varchar(191) COLLATE utf8mb4_unicode_ci DEFAULT NULL,
  `percentage` float DEFAULT NULL,
  `priority` int DEFAULT NULL,
  `status` varchar(60) COLLATE utf8mb4_unicode_ci NOT NULL DEFAULT 'published',
  `created_at` timestamp NULL DEFAULT NULL,
  `updated_at` timestamp NULL DEFAULT NULL,
  PRIMARY KEY (`id`)
) ENGINE=InnoDB AUTO_INCREMENT=4 DEFAULT CHARSET=utf8mb4 COLLATE=utf8mb4_unicode_ci;
/*!40101 SET character_set_client = @saved_cs_client */;

--
-- Dumping data for table `ec_taxes`
--

LOCK TABLES `ec_taxes` WRITE;
/*!40000 ALTER TABLE `ec_taxes` DISABLE KEYS */;
INSERT INTO `ec_taxes` VALUES (1,'VAT',10,1,'published','2025-08-02 02:15:33','2025-08-02 02:15:33'),(2,'None',0,2,'published','2025-08-02 02:15:33','2025-08-02 02:15:33'),(3,'Import Tax',15,3,'published','2025-08-02 02:15:33','2025-08-02 02:15:33');
/*!40000 ALTER TABLE `ec_taxes` ENABLE KEYS */;
UNLOCK TABLES;

--
-- Table structure for table `ec_taxes_translations`
--

DROP TABLE IF EXISTS `ec_taxes_translations`;
/*!40101 SET @saved_cs_client     = @@character_set_client */;
/*!50503 SET character_set_client = utf8mb4 */;
CREATE TABLE `ec_taxes_translations` (
  `lang_code` varchar(191) COLLATE utf8mb4_unicode_ci NOT NULL,
  `ec_taxes_id` bigint unsigned NOT NULL,
  `title` varchar(191) COLLATE utf8mb4_unicode_ci DEFAULT NULL,
  PRIMARY KEY (`lang_code`,`ec_taxes_id`)
) ENGINE=InnoDB DEFAULT CHARSET=utf8mb4 COLLATE=utf8mb4_unicode_ci;
/*!40101 SET character_set_client = @saved_cs_client */;

--
-- Dumping data for table `ec_taxes_translations`
--

LOCK TABLES `ec_taxes_translations` WRITE;
/*!40000 ALTER TABLE `ec_taxes_translations` DISABLE KEYS */;
/*!40000 ALTER TABLE `ec_taxes_translations` ENABLE KEYS */;
UNLOCK TABLES;

--
-- Table structure for table `ec_wish_lists`
--

DROP TABLE IF EXISTS `ec_wish_lists`;
/*!40101 SET @saved_cs_client     = @@character_set_client */;
/*!50503 SET character_set_client = utf8mb4 */;
CREATE TABLE `ec_wish_lists` (
  `customer_id` bigint unsigned NOT NULL,
  `product_id` bigint unsigned NOT NULL,
  `created_at` timestamp NULL DEFAULT NULL,
  `updated_at` timestamp NULL DEFAULT NULL,
  PRIMARY KEY (`customer_id`,`product_id`),
  KEY `wishlist_relation_index` (`product_id`,`customer_id`)
) ENGINE=InnoDB DEFAULT CHARSET=utf8mb4 COLLATE=utf8mb4_unicode_ci;
/*!40101 SET character_set_client = @saved_cs_client */;

--
-- Dumping data for table `ec_wish_lists`
--

LOCK TABLES `ec_wish_lists` WRITE;
/*!40000 ALTER TABLE `ec_wish_lists` DISABLE KEYS */;
/*!40000 ALTER TABLE `ec_wish_lists` ENABLE KEYS */;
UNLOCK TABLES;

--
-- Table structure for table `failed_jobs`
--

DROP TABLE IF EXISTS `failed_jobs`;
/*!40101 SET @saved_cs_client     = @@character_set_client */;
/*!50503 SET character_set_client = utf8mb4 */;
CREATE TABLE `failed_jobs` (
  `id` bigint unsigned NOT NULL AUTO_INCREMENT,
  `uuid` varchar(191) COLLATE utf8mb4_unicode_ci NOT NULL,
  `connection` text COLLATE utf8mb4_unicode_ci NOT NULL,
  `queue` text COLLATE utf8mb4_unicode_ci NOT NULL,
  `payload` longtext COLLATE utf8mb4_unicode_ci NOT NULL,
  `exception` longtext COLLATE utf8mb4_unicode_ci NOT NULL,
  `failed_at` timestamp NOT NULL DEFAULT CURRENT_TIMESTAMP,
  PRIMARY KEY (`id`),
  UNIQUE KEY `failed_jobs_uuid_unique` (`uuid`)
) ENGINE=InnoDB DEFAULT CHARSET=utf8mb4 COLLATE=utf8mb4_unicode_ci;
/*!40101 SET character_set_client = @saved_cs_client */;

--
-- Dumping data for table `failed_jobs`
--

LOCK TABLES `failed_jobs` WRITE;
/*!40000 ALTER TABLE `failed_jobs` DISABLE KEYS */;
/*!40000 ALTER TABLE `failed_jobs` ENABLE KEYS */;
UNLOCK TABLES;

--
-- Table structure for table `faq_categories`
--

DROP TABLE IF EXISTS `faq_categories`;
/*!40101 SET @saved_cs_client     = @@character_set_client */;
/*!50503 SET character_set_client = utf8mb4 */;
CREATE TABLE `faq_categories` (
  `id` bigint unsigned NOT NULL AUTO_INCREMENT,
  `name` varchar(120) COLLATE utf8mb4_unicode_ci NOT NULL,
  `order` tinyint NOT NULL DEFAULT '0',
  `status` varchar(60) COLLATE utf8mb4_unicode_ci NOT NULL DEFAULT 'published',
  `created_at` timestamp NULL DEFAULT NULL,
  `updated_at` timestamp NULL DEFAULT NULL,
  `description` varchar(400) COLLATE utf8mb4_unicode_ci DEFAULT NULL,
  PRIMARY KEY (`id`)
) ENGINE=InnoDB AUTO_INCREMENT=4 DEFAULT CHARSET=utf8mb4 COLLATE=utf8mb4_unicode_ci;
/*!40101 SET character_set_client = @saved_cs_client */;

--
-- Dumping data for table `faq_categories`
--

LOCK TABLES `faq_categories` WRITE;
/*!40000 ALTER TABLE `faq_categories` DISABLE KEYS */;
INSERT INTO `faq_categories` VALUES (1,'Ordering Process',0,'published','2025-08-02 02:15:33','2025-08-02 02:15:33',NULL),(2,'Product Returns',1,'published','2025-08-02 02:15:33','2025-08-02 02:15:33',NULL),(3,'Product Availability',2,'published','2025-08-02 02:15:33','2025-08-02 02:15:33',NULL);
/*!40000 ALTER TABLE `faq_categories` ENABLE KEYS */;
UNLOCK TABLES;

--
-- Table structure for table `faq_categories_translations`
--

DROP TABLE IF EXISTS `faq_categories_translations`;
/*!40101 SET @saved_cs_client     = @@character_set_client */;
/*!50503 SET character_set_client = utf8mb4 */;
CREATE TABLE `faq_categories_translations` (
  `lang_code` varchar(20) COLLATE utf8mb4_unicode_ci NOT NULL,
  `faq_categories_id` bigint unsigned NOT NULL,
  `name` varchar(120) COLLATE utf8mb4_unicode_ci DEFAULT NULL,
  PRIMARY KEY (`lang_code`,`faq_categories_id`)
) ENGINE=InnoDB DEFAULT CHARSET=utf8mb4 COLLATE=utf8mb4_unicode_ci;
/*!40101 SET character_set_client = @saved_cs_client */;

--
-- Dumping data for table `faq_categories_translations`
--

LOCK TABLES `faq_categories_translations` WRITE;
/*!40000 ALTER TABLE `faq_categories_translations` DISABLE KEYS */;
/*!40000 ALTER TABLE `faq_categories_translations` ENABLE KEYS */;
UNLOCK TABLES;

--
-- Table structure for table `faqs`
--

DROP TABLE IF EXISTS `faqs`;
/*!40101 SET @saved_cs_client     = @@character_set_client */;
/*!50503 SET character_set_client = utf8mb4 */;
CREATE TABLE `faqs` (
  `id` bigint unsigned NOT NULL AUTO_INCREMENT,
  `question` text COLLATE utf8mb4_unicode_ci NOT NULL,
  `answer` text COLLATE utf8mb4_unicode_ci NOT NULL,
  `category_id` bigint unsigned NOT NULL,
  `status` varchar(60) COLLATE utf8mb4_unicode_ci NOT NULL DEFAULT 'published',
  `created_at` timestamp NULL DEFAULT NULL,
  `updated_at` timestamp NULL DEFAULT NULL,
  PRIMARY KEY (`id`)
) ENGINE=InnoDB AUTO_INCREMENT=13 DEFAULT CHARSET=utf8mb4 COLLATE=utf8mb4_unicode_ci;
/*!40101 SET character_set_client = @saved_cs_client */;

--
-- Dumping data for table `faqs`
--

LOCK TABLES `faqs` WRITE;
/*!40000 ALTER TABLE `faqs` DISABLE KEYS */;
INSERT INTO `faqs` VALUES (1,'How do I place an order?','To place an order, navigate to the product page, select the desired options, and click the \"Add to Cart\" button.',3,'published','2025-08-02 02:15:33','2025-08-02 02:15:33'),(2,'What are the shipping options?','We offer standard and expedited shipping options. Shipping costs and delivery times vary based on your location and chosen shipping method.',2,'published','2025-08-02 02:15:33','2025-08-02 02:15:33'),(3,'How can I return a product?','If you are not satisfied with your purchase, you can initiate a return within 30 days of receiving the product. Contact our customer service for further instructions.',1,'published','2025-08-02 02:15:33','2025-08-02 02:15:33'),(4,'What payment methods do you accept?','We accept major credit cards, PayPal, and other secure payment methods.',2,'published','2025-08-02 02:15:33','2025-08-02 02:15:33'),(5,'How can I update my account information?','Log in to your account and go to the \"Account Settings\" page to update your information, including your password and shipping address.',1,'published','2025-08-02 02:15:33','2025-08-02 02:15:33'),(6,'Are there any ongoing promotions or discounts?','Check our \"Promotions\" page for information on current discounts, special offers, and ongoing promotions.',1,'published','2025-08-02 02:15:33','2025-08-02 02:15:33'),(7,'Is the product in stock?','Product availability is indicated on each product page. If a product is out of stock, you may choose to be notified when it becomes available.',2,'published','2025-08-02 02:15:33','2025-08-02 02:15:33'),(8,'How is my personal information secured?','We take the security and privacy of your information seriously. Our website uses encryption technology to protect your personal data.',3,'published','2025-08-02 02:15:33','2025-08-02 02:15:33'),(9,'How do I get technical support?','For technical issues or assistance, contact our customer support team through the \"Contact Us\" page, and we will help you resolve any problems.',2,'published','2025-08-02 02:15:33','2025-08-02 02:15:33'),(10,'Do you offer international shipping?','Yes, we offer international shipping to many countries. Shipping costs and delivery times vary based on the destination.',2,'published','2025-08-02 02:15:33','2025-08-02 02:15:33'),(11,'Can I purchase a gift card?','Yes, we offer gift cards of varying denominations. Gift cards can be purchased on our website and make for a great gift for friends and family.',2,'published','2025-08-02 02:15:33','2025-08-02 02:15:33'),(12,'What is the warranty on your products?','Our products come with a standard warranty. Check the product documentation or contact our customer service for details on specific product warranties.',3,'published','2025-08-02 02:15:33','2025-08-02 02:15:33');
/*!40000 ALTER TABLE `faqs` ENABLE KEYS */;
UNLOCK TABLES;

--
-- Table structure for table `faqs_translations`
--

DROP TABLE IF EXISTS `faqs_translations`;
/*!40101 SET @saved_cs_client     = @@character_set_client */;
/*!50503 SET character_set_client = utf8mb4 */;
CREATE TABLE `faqs_translations` (
  `lang_code` varchar(20) COLLATE utf8mb4_unicode_ci NOT NULL,
  `faqs_id` bigint unsigned NOT NULL,
  `question` text COLLATE utf8mb4_unicode_ci,
  `answer` text COLLATE utf8mb4_unicode_ci,
  PRIMARY KEY (`lang_code`,`faqs_id`)
) ENGINE=InnoDB DEFAULT CHARSET=utf8mb4 COLLATE=utf8mb4_unicode_ci;
/*!40101 SET character_set_client = @saved_cs_client */;

--
-- Dumping data for table `faqs_translations`
--

LOCK TABLES `faqs_translations` WRITE;
/*!40000 ALTER TABLE `faqs_translations` DISABLE KEYS */;
/*!40000 ALTER TABLE `faqs_translations` ENABLE KEYS */;
UNLOCK TABLES;

--
-- Table structure for table `galleries`
--

DROP TABLE IF EXISTS `galleries`;
/*!40101 SET @saved_cs_client     = @@character_set_client */;
/*!50503 SET character_set_client = utf8mb4 */;
CREATE TABLE `galleries` (
  `id` bigint unsigned NOT NULL AUTO_INCREMENT,
  `name` varchar(120) COLLATE utf8mb4_unicode_ci NOT NULL,
  `description` longtext COLLATE utf8mb4_unicode_ci NOT NULL,
  `is_featured` tinyint unsigned NOT NULL DEFAULT '0',
  `order` tinyint unsigned NOT NULL DEFAULT '0',
  `image` varchar(191) COLLATE utf8mb4_unicode_ci DEFAULT NULL,
  `user_id` bigint unsigned DEFAULT NULL,
  `status` varchar(60) COLLATE utf8mb4_unicode_ci NOT NULL DEFAULT 'published',
  `created_at` timestamp NULL DEFAULT NULL,
  `updated_at` timestamp NULL DEFAULT NULL,
  PRIMARY KEY (`id`),
  KEY `galleries_user_id_index` (`user_id`)
) ENGINE=InnoDB AUTO_INCREMENT=7 DEFAULT CHARSET=utf8mb4 COLLATE=utf8mb4_unicode_ci;
/*!40101 SET character_set_client = @saved_cs_client */;

--
-- Dumping data for table `galleries`
--

LOCK TABLES `galleries` WRITE;
/*!40000 ALTER TABLE `galleries` DISABLE KEYS */;
INSERT INTO `galleries` VALUES (1,'Perfect','Et rerum itaque ab qui ut. Modi iusto distinctio ratione quia aliquid rerum qui. Qui qui ipsum voluptate excepturi. Itaque quasi qui fuga aut.',1,0,'galleries/1.jpg',1,'published','2025-08-02 02:15:51','2025-08-02 02:15:51'),(2,'New Day','Provident sint tenetur unde voluptatibus repellendus possimus. Veniam vel recusandae nihil neque modi rerum.',1,0,'galleries/2.jpg',1,'published','2025-08-02 02:15:51','2025-08-02 02:15:51'),(3,'Happy Day','Alias inventore odit tempora quod sed maxime. Sapiente id nobis sint necessitatibus distinctio. Qui adipisci sint eaque esse eum qui.',1,0,'galleries/3.jpg',1,'published','2025-08-02 02:15:51','2025-08-02 02:15:51'),(4,'Nature','Suscipit provident blanditiis pariatur veritatis iusto eveniet reiciendis. Et minus modi voluptatum repudiandae consectetur modi.',1,0,'galleries/4.jpg',1,'published','2025-08-02 02:15:51','2025-08-02 02:15:51'),(5,'Morning','Quidem vero vero non quaerat. Deleniti hic cupiditate minus.',1,0,'galleries/5.jpg',1,'published','2025-08-02 02:15:51','2025-08-02 02:15:51'),(6,'Photography','Dolore et voluptatem ratione sed provident quisquam eius. Blanditiis molestias dolorem corrupti omnis pariatur.',1,0,'galleries/6.jpg',1,'published','2025-08-02 02:15:51','2025-08-02 02:15:51');
/*!40000 ALTER TABLE `galleries` ENABLE KEYS */;
UNLOCK TABLES;

--
-- Table structure for table `galleries_translations`
--

DROP TABLE IF EXISTS `galleries_translations`;
/*!40101 SET @saved_cs_client     = @@character_set_client */;
/*!50503 SET character_set_client = utf8mb4 */;
CREATE TABLE `galleries_translations` (
  `lang_code` varchar(20) COLLATE utf8mb4_unicode_ci NOT NULL,
  `galleries_id` bigint unsigned NOT NULL,
  `name` varchar(191) COLLATE utf8mb4_unicode_ci DEFAULT NULL,
  `description` longtext COLLATE utf8mb4_unicode_ci,
  PRIMARY KEY (`lang_code`,`galleries_id`)
) ENGINE=InnoDB DEFAULT CHARSET=utf8mb4 COLLATE=utf8mb4_unicode_ci;
/*!40101 SET character_set_client = @saved_cs_client */;

--
-- Dumping data for table `galleries_translations`
--

LOCK TABLES `galleries_translations` WRITE;
/*!40000 ALTER TABLE `galleries_translations` DISABLE KEYS */;
/*!40000 ALTER TABLE `galleries_translations` ENABLE KEYS */;
UNLOCK TABLES;

--
-- Table structure for table `gallery_meta`
--

DROP TABLE IF EXISTS `gallery_meta`;
/*!40101 SET @saved_cs_client     = @@character_set_client */;
/*!50503 SET character_set_client = utf8mb4 */;
CREATE TABLE `gallery_meta` (
  `id` bigint unsigned NOT NULL AUTO_INCREMENT,
  `images` text COLLATE utf8mb4_unicode_ci,
  `reference_id` bigint unsigned NOT NULL,
  `reference_type` varchar(120) COLLATE utf8mb4_unicode_ci NOT NULL,
  `created_at` timestamp NULL DEFAULT NULL,
  `updated_at` timestamp NULL DEFAULT NULL,
  PRIMARY KEY (`id`),
  KEY `gallery_meta_reference_id_index` (`reference_id`)
) ENGINE=InnoDB AUTO_INCREMENT=7 DEFAULT CHARSET=utf8mb4 COLLATE=utf8mb4_unicode_ci;
/*!40101 SET character_set_client = @saved_cs_client */;

--
-- Dumping data for table `gallery_meta`
--

LOCK TABLES `gallery_meta` WRITE;
/*!40000 ALTER TABLE `gallery_meta` DISABLE KEYS */;
INSERT INTO `gallery_meta` VALUES (1,'[{\"img\":\"galleries\\/1.jpg\",\"description\":\"Explicabo laborum aut aut excepturi dolores vitae. Recusandae hic odio dolorem. Repudiandae odit quibusdam expedita doloremque.\"},{\"img\":\"galleries\\/2.jpg\",\"description\":\"Impedit qui officia porro dicta et natus ut. Fuga nobis earum quo fugit veritatis et. Quam laborum et voluptatem qui.\"},{\"img\":\"galleries\\/3.jpg\",\"description\":\"Aspernatur doloremque beatae reiciendis non sit. Porro nihil hic dolorem.\"},{\"img\":\"galleries\\/4.jpg\",\"description\":\"Sint velit molestias ea facere amet et. Tempore nisi qui et ut iure doloremque ut. Sint debitis blanditiis autem quia.\"},{\"img\":\"galleries\\/5.jpg\",\"description\":\"Fugiat ex delectus nemo consequatur quis quo quo. Ullam omnis ea animi recusandae a rerum. Possimus amet dolores excepturi sint neque tenetur.\"},{\"img\":\"galleries\\/6.jpg\",\"description\":\"Illo quaerat nulla maiores qui voluptate alias quaerat. Aut atque quos aut expedita corporis magnam. Voluptas earum et aut voluptates id quaerat.\"}]',1,'Botble\\Gallery\\Models\\Gallery','2025-08-02 02:15:51','2025-08-02 02:15:51'),(2,'[{\"img\":\"galleries\\/1.jpg\",\"description\":\"Explicabo laborum aut aut excepturi dolores vitae. Recusandae hic odio dolorem. Repudiandae odit quibusdam expedita doloremque.\"},{\"img\":\"galleries\\/2.jpg\",\"description\":\"Impedit qui officia porro dicta et natus ut. Fuga nobis earum quo fugit veritatis et. Quam laborum et voluptatem qui.\"},{\"img\":\"galleries\\/3.jpg\",\"description\":\"Aspernatur doloremque beatae reiciendis non sit. Porro nihil hic dolorem.\"},{\"img\":\"galleries\\/4.jpg\",\"description\":\"Sint velit molestias ea facere amet et. Tempore nisi qui et ut iure doloremque ut. Sint debitis blanditiis autem quia.\"},{\"img\":\"galleries\\/5.jpg\",\"description\":\"Fugiat ex delectus nemo consequatur quis quo quo. Ullam omnis ea animi recusandae a rerum. Possimus amet dolores excepturi sint neque tenetur.\"},{\"img\":\"galleries\\/6.jpg\",\"description\":\"Illo quaerat nulla maiores qui voluptate alias quaerat. Aut atque quos aut expedita corporis magnam. Voluptas earum et aut voluptates id quaerat.\"}]',2,'Botble\\Gallery\\Models\\Gallery','2025-08-02 02:15:51','2025-08-02 02:15:51'),(3,'[{\"img\":\"galleries\\/1.jpg\",\"description\":\"Explicabo laborum aut aut excepturi dolores vitae. Recusandae hic odio dolorem. Repudiandae odit quibusdam expedita doloremque.\"},{\"img\":\"galleries\\/2.jpg\",\"description\":\"Impedit qui officia porro dicta et natus ut. Fuga nobis earum quo fugit veritatis et. Quam laborum et voluptatem qui.\"},{\"img\":\"galleries\\/3.jpg\",\"description\":\"Aspernatur doloremque beatae reiciendis non sit. Porro nihil hic dolorem.\"},{\"img\":\"galleries\\/4.jpg\",\"description\":\"Sint velit molestias ea facere amet et. Tempore nisi qui et ut iure doloremque ut. Sint debitis blanditiis autem quia.\"},{\"img\":\"galleries\\/5.jpg\",\"description\":\"Fugiat ex delectus nemo consequatur quis quo quo. Ullam omnis ea animi recusandae a rerum. Possimus amet dolores excepturi sint neque tenetur.\"},{\"img\":\"galleries\\/6.jpg\",\"description\":\"Illo quaerat nulla maiores qui voluptate alias quaerat. Aut atque quos aut expedita corporis magnam. Voluptas earum et aut voluptates id quaerat.\"}]',3,'Botble\\Gallery\\Models\\Gallery','2025-08-02 02:15:51','2025-08-02 02:15:51'),(4,'[{\"img\":\"galleries\\/1.jpg\",\"description\":\"Explicabo laborum aut aut excepturi dolores vitae. Recusandae hic odio dolorem. Repudiandae odit quibusdam expedita doloremque.\"},{\"img\":\"galleries\\/2.jpg\",\"description\":\"Impedit qui officia porro dicta et natus ut. Fuga nobis earum quo fugit veritatis et. Quam laborum et voluptatem qui.\"},{\"img\":\"galleries\\/3.jpg\",\"description\":\"Aspernatur doloremque beatae reiciendis non sit. Porro nihil hic dolorem.\"},{\"img\":\"galleries\\/4.jpg\",\"description\":\"Sint velit molestias ea facere amet et. Tempore nisi qui et ut iure doloremque ut. Sint debitis blanditiis autem quia.\"},{\"img\":\"galleries\\/5.jpg\",\"description\":\"Fugiat ex delectus nemo consequatur quis quo quo. Ullam omnis ea animi recusandae a rerum. Possimus amet dolores excepturi sint neque tenetur.\"},{\"img\":\"galleries\\/6.jpg\",\"description\":\"Illo quaerat nulla maiores qui voluptate alias quaerat. Aut atque quos aut expedita corporis magnam. Voluptas earum et aut voluptates id quaerat.\"}]',4,'Botble\\Gallery\\Models\\Gallery','2025-08-02 02:15:51','2025-08-02 02:15:51'),(5,'[{\"img\":\"galleries\\/1.jpg\",\"description\":\"Explicabo laborum aut aut excepturi dolores vitae. Recusandae hic odio dolorem. Repudiandae odit quibusdam expedita doloremque.\"},{\"img\":\"galleries\\/2.jpg\",\"description\":\"Impedit qui officia porro dicta et natus ut. Fuga nobis earum quo fugit veritatis et. Quam laborum et voluptatem qui.\"},{\"img\":\"galleries\\/3.jpg\",\"description\":\"Aspernatur doloremque beatae reiciendis non sit. Porro nihil hic dolorem.\"},{\"img\":\"galleries\\/4.jpg\",\"description\":\"Sint velit molestias ea facere amet et. Tempore nisi qui et ut iure doloremque ut. Sint debitis blanditiis autem quia.\"},{\"img\":\"galleries\\/5.jpg\",\"description\":\"Fugiat ex delectus nemo consequatur quis quo quo. Ullam omnis ea animi recusandae a rerum. Possimus amet dolores excepturi sint neque tenetur.\"},{\"img\":\"galleries\\/6.jpg\",\"description\":\"Illo quaerat nulla maiores qui voluptate alias quaerat. Aut atque quos aut expedita corporis magnam. Voluptas earum et aut voluptates id quaerat.\"}]',5,'Botble\\Gallery\\Models\\Gallery','2025-08-02 02:15:51','2025-08-02 02:15:51'),(6,'[{\"img\":\"galleries\\/1.jpg\",\"description\":\"Explicabo laborum aut aut excepturi dolores vitae. Recusandae hic odio dolorem. Repudiandae odit quibusdam expedita doloremque.\"},{\"img\":\"galleries\\/2.jpg\",\"description\":\"Impedit qui officia porro dicta et natus ut. Fuga nobis earum quo fugit veritatis et. Quam laborum et voluptatem qui.\"},{\"img\":\"galleries\\/3.jpg\",\"description\":\"Aspernatur doloremque beatae reiciendis non sit. Porro nihil hic dolorem.\"},{\"img\":\"galleries\\/4.jpg\",\"description\":\"Sint velit molestias ea facere amet et. Tempore nisi qui et ut iure doloremque ut. Sint debitis blanditiis autem quia.\"},{\"img\":\"galleries\\/5.jpg\",\"description\":\"Fugiat ex delectus nemo consequatur quis quo quo. Ullam omnis ea animi recusandae a rerum. Possimus amet dolores excepturi sint neque tenetur.\"},{\"img\":\"galleries\\/6.jpg\",\"description\":\"Illo quaerat nulla maiores qui voluptate alias quaerat. Aut atque quos aut expedita corporis magnam. Voluptas earum et aut voluptates id quaerat.\"}]',6,'Botble\\Gallery\\Models\\Gallery','2025-08-02 02:15:51','2025-08-02 02:15:51');
/*!40000 ALTER TABLE `gallery_meta` ENABLE KEYS */;
UNLOCK TABLES;

--
-- Table structure for table `gallery_meta_translations`
--

DROP TABLE IF EXISTS `gallery_meta_translations`;
/*!40101 SET @saved_cs_client     = @@character_set_client */;
/*!50503 SET character_set_client = utf8mb4 */;
CREATE TABLE `gallery_meta_translations` (
  `lang_code` varchar(20) COLLATE utf8mb4_unicode_ci NOT NULL,
  `gallery_meta_id` bigint unsigned NOT NULL,
  `images` text COLLATE utf8mb4_unicode_ci,
  PRIMARY KEY (`lang_code`,`gallery_meta_id`)
) ENGINE=InnoDB DEFAULT CHARSET=utf8mb4 COLLATE=utf8mb4_unicode_ci;
/*!40101 SET character_set_client = @saved_cs_client */;

--
-- Dumping data for table `gallery_meta_translations`
--

LOCK TABLES `gallery_meta_translations` WRITE;
/*!40000 ALTER TABLE `gallery_meta_translations` DISABLE KEYS */;
/*!40000 ALTER TABLE `gallery_meta_translations` ENABLE KEYS */;
UNLOCK TABLES;

--
-- Table structure for table `jobs`
--

DROP TABLE IF EXISTS `jobs`;
/*!40101 SET @saved_cs_client     = @@character_set_client */;
/*!50503 SET character_set_client = utf8mb4 */;
CREATE TABLE `jobs` (
  `id` bigint unsigned NOT NULL AUTO_INCREMENT,
  `queue` varchar(191) COLLATE utf8mb4_unicode_ci NOT NULL,
  `payload` longtext COLLATE utf8mb4_unicode_ci NOT NULL,
  `attempts` tinyint unsigned NOT NULL,
  `reserved_at` int unsigned DEFAULT NULL,
  `available_at` int unsigned NOT NULL,
  `created_at` int unsigned NOT NULL,
  PRIMARY KEY (`id`),
  KEY `jobs_queue_index` (`queue`)
) ENGINE=InnoDB DEFAULT CHARSET=utf8mb4 COLLATE=utf8mb4_unicode_ci;
/*!40101 SET character_set_client = @saved_cs_client */;

--
-- Dumping data for table `jobs`
--

LOCK TABLES `jobs` WRITE;
/*!40000 ALTER TABLE `jobs` DISABLE KEYS */;
/*!40000 ALTER TABLE `jobs` ENABLE KEYS */;
UNLOCK TABLES;

--
-- Table structure for table `language_meta`
--

DROP TABLE IF EXISTS `language_meta`;
/*!40101 SET @saved_cs_client     = @@character_set_client */;
/*!50503 SET character_set_client = utf8mb4 */;
CREATE TABLE `language_meta` (
  `lang_meta_id` bigint unsigned NOT NULL AUTO_INCREMENT,
  `lang_meta_code` varchar(20) COLLATE utf8mb4_unicode_ci DEFAULT NULL,
  `lang_meta_origin` varchar(32) COLLATE utf8mb4_unicode_ci NOT NULL,
  `reference_id` bigint unsigned NOT NULL,
  `reference_type` varchar(120) COLLATE utf8mb4_unicode_ci NOT NULL,
  PRIMARY KEY (`lang_meta_id`),
  KEY `language_meta_reference_id_index` (`reference_id`),
  KEY `meta_code_index` (`lang_meta_code`),
  KEY `meta_origin_index` (`lang_meta_origin`),
  KEY `meta_reference_type_index` (`reference_type`)
) ENGINE=InnoDB AUTO_INCREMENT=14 DEFAULT CHARSET=utf8mb4 COLLATE=utf8mb4_unicode_ci;
/*!40101 SET character_set_client = @saved_cs_client */;

--
-- Dumping data for table `language_meta`
--

LOCK TABLES `language_meta` WRITE;
/*!40000 ALTER TABLE `language_meta` DISABLE KEYS */;
INSERT INTO `language_meta` VALUES (1,'en_US','5f3d68da870037d06f8de5b9286aee1b',1,'Botble\\SimpleSlider\\Models\\SimpleSlider'),(2,'en_US','14936ca37c21f6e0955ae8cb8d3dc844',2,'Botble\\SimpleSlider\\Models\\SimpleSlider'),(3,'en_US','c0d9112fca224fc13633eaf1b7b0db1c',3,'Botble\\SimpleSlider\\Models\\SimpleSlider'),(4,'en_US','95748bfa30398ab428b88817adb01a27',4,'Botble\\SimpleSlider\\Models\\SimpleSlider'),(5,'en_US','fe622a4c76850a5606cc7fac282ab636',5,'Botble\\SimpleSlider\\Models\\SimpleSlider'),(6,'en_US','05751b3e17a92cd24ecaf26067676c77',1,'Botble\\Menu\\Models\\MenuLocation'),(7,'en_US','606bfae4518af3e98bf28b718f204c69',1,'Botble\\Menu\\Models\\Menu'),(8,'en_US','1aeb4ff5ec102e9e817e4b4574f0e64c',2,'Botble\\Menu\\Models\\MenuLocation'),(9,'en_US','fea972de148a89e49abe2547950c0626',2,'Botble\\Menu\\Models\\Menu'),(10,'en_US','c94081578feef3abc783ca08aff31390',3,'Botble\\Menu\\Models\\MenuLocation'),(11,'en_US','2d54efe33ea85a4311b7c9a118dd1bd9',3,'Botble\\Menu\\Models\\Menu'),(12,'en_US','c3d343ef2f573153514902db9cf75c3b',4,'Botble\\Menu\\Models\\MenuLocation'),(13,'en_US','220f0aa843aad4a803e45cf005e4bcd2',4,'Botble\\Menu\\Models\\Menu');
/*!40000 ALTER TABLE `language_meta` ENABLE KEYS */;
UNLOCK TABLES;

--
-- Table structure for table `languages`
--

DROP TABLE IF EXISTS `languages`;
/*!40101 SET @saved_cs_client     = @@character_set_client */;
/*!50503 SET character_set_client = utf8mb4 */;
CREATE TABLE `languages` (
  `lang_id` bigint unsigned NOT NULL AUTO_INCREMENT,
  `lang_name` varchar(120) COLLATE utf8mb4_unicode_ci NOT NULL,
  `lang_locale` varchar(20) COLLATE utf8mb4_unicode_ci NOT NULL,
  `lang_code` varchar(20) COLLATE utf8mb4_unicode_ci NOT NULL,
  `lang_flag` varchar(20) COLLATE utf8mb4_unicode_ci DEFAULT NULL,
  `lang_is_default` tinyint unsigned NOT NULL DEFAULT '0',
  `lang_order` int NOT NULL DEFAULT '0',
  `lang_is_rtl` tinyint unsigned NOT NULL DEFAULT '0',
  PRIMARY KEY (`lang_id`),
  KEY `lang_locale_index` (`lang_locale`),
  KEY `lang_code_index` (`lang_code`),
  KEY `lang_is_default_index` (`lang_is_default`)
) ENGINE=InnoDB AUTO_INCREMENT=2 DEFAULT CHARSET=utf8mb4 COLLATE=utf8mb4_unicode_ci;
/*!40101 SET character_set_client = @saved_cs_client */;

--
-- Dumping data for table `languages`
--

LOCK TABLES `languages` WRITE;
/*!40000 ALTER TABLE `languages` DISABLE KEYS */;
INSERT INTO `languages` VALUES (1,'English','en','en_US','us',1,0,0);
/*!40000 ALTER TABLE `languages` ENABLE KEYS */;
UNLOCK TABLES;

--
-- Table structure for table `media_files`
--

DROP TABLE IF EXISTS `media_files`;
/*!40101 SET @saved_cs_client     = @@character_set_client */;
/*!50503 SET character_set_client = utf8mb4 */;
CREATE TABLE `media_files` (
  `id` bigint unsigned NOT NULL AUTO_INCREMENT,
  `user_id` bigint unsigned NOT NULL,
  `name` varchar(191) COLLATE utf8mb4_unicode_ci NOT NULL,
  `alt` varchar(191) COLLATE utf8mb4_unicode_ci DEFAULT NULL,
  `folder_id` bigint unsigned NOT NULL DEFAULT '0',
  `mime_type` varchar(120) COLLATE utf8mb4_unicode_ci NOT NULL,
  `size` int NOT NULL,
  `url` varchar(191) COLLATE utf8mb4_unicode_ci NOT NULL,
  `options` text COLLATE utf8mb4_unicode_ci,
  `created_at` timestamp NULL DEFAULT NULL,
  `updated_at` timestamp NULL DEFAULT NULL,
  `deleted_at` timestamp NULL DEFAULT NULL,
  `visibility` varchar(191) COLLATE utf8mb4_unicode_ci NOT NULL DEFAULT 'public',
  PRIMARY KEY (`id`),
  KEY `media_files_user_id_index` (`user_id`),
  KEY `media_files_index` (`folder_id`,`user_id`,`created_at`)
) ENGINE=InnoDB AUTO_INCREMENT=285 DEFAULT CHARSET=utf8mb4 COLLATE=utf8mb4_unicode_ci;
/*!40101 SET character_set_client = @saved_cs_client */;

--
-- Dumping data for table `media_files`
--

LOCK TABLES `media_files` WRITE;
/*!40000 ALTER TABLE `media_files` DISABLE KEYS */;
INSERT INTO `media_files` VALUES (1,0,'f-app','f-app',1,'image/jpeg',617,'general/f-app.jpg','[]','2025-08-02 02:15:12','2025-08-02 02:15:12',NULL,'public'),(2,0,'f-brand-icon-01','f-brand-icon-01',1,'image/png',448,'general/f-brand-icon-01.png','[]','2025-08-02 02:15:12','2025-08-02 02:15:12',NULL,'public'),(3,0,'f-google','f-google',1,'image/jpeg',617,'general/f-google.jpg','[]','2025-08-02 02:15:12','2025-08-02 02:15:12',NULL,'public'),(4,0,'favicon','favicon',1,'image/png',15233,'general/favicon.png','[]','2025-08-02 02:15:12','2025-08-02 02:15:12',NULL,'public'),(5,0,'logo-white','logo-white',1,'image/png',860,'general/logo-white.png','[]','2025-08-02 02:15:12','2025-08-02 02:15:12',NULL,'public'),(6,0,'logo','logo',1,'image/png',934,'general/logo.png','[]','2025-08-02 02:15:12','2025-08-02 02:15:12',NULL,'public'),(7,0,'newsletter-popup','newsletter-popup',1,'image/png',28834,'general/newsletter-popup.png','[]','2025-08-02 02:15:12','2025-08-02 02:15:12',NULL,'public'),(8,0,'cod','cod',2,'image/png',12121,'payments/cod.png','[]','2025-08-02 02:15:13','2025-08-02 02:15:13',NULL,'public'),(9,0,'bank-transfer','bank-transfer',2,'image/png',29089,'payments/bank-transfer.png','[]','2025-08-02 02:15:13','2025-08-02 02:15:13',NULL,'public'),(10,0,'stripe','stripe',2,'image/webp',7516,'payments/stripe.webp','[]','2025-08-02 02:15:13','2025-08-02 02:15:13',NULL,'public'),(11,0,'paypal','paypal',2,'image/png',3001,'payments/paypal.png','[]','2025-08-02 02:15:13','2025-08-02 02:15:13',NULL,'public'),(12,0,'mollie','mollie',2,'image/png',8968,'payments/mollie.png','[]','2025-08-02 02:15:13','2025-08-02 02:15:13',NULL,'public'),(13,0,'paystack','paystack',2,'image/png',31015,'payments/paystack.png','[]','2025-08-02 02:15:13','2025-08-02 02:15:13',NULL,'public'),(14,0,'razorpay','razorpay',2,'image/png',8489,'payments/razorpay.png','[]','2025-08-02 02:15:13','2025-08-02 02:15:13',NULL,'public'),(15,0,'sslcommerz','sslcommerz',2,'image/png',3482,'payments/sslcommerz.png','[]','2025-08-02 02:15:13','2025-08-02 02:15:13',NULL,'public'),(16,0,'1','1',3,'image/jpeg',3319,'blog/1.jpg','[]','2025-08-02 02:15:14','2025-08-02 02:15:14',NULL,'public'),(17,0,'10','10',3,'image/jpeg',3319,'blog/10.jpg','[]','2025-08-02 02:15:14','2025-08-02 02:15:14',NULL,'public'),(18,0,'11','11',3,'image/jpeg',3319,'blog/11.jpg','[]','2025-08-02 02:15:14','2025-08-02 02:15:14',NULL,'public'),(19,0,'2','2',3,'image/jpeg',3319,'blog/2.jpg','[]','2025-08-02 02:15:14','2025-08-02 02:15:14',NULL,'public'),(20,0,'3','3',3,'image/jpeg',3319,'blog/3.jpg','[]','2025-08-02 02:15:14','2025-08-02 02:15:14',NULL,'public'),(21,0,'4','4',3,'image/jpeg',3319,'blog/4.jpg','[]','2025-08-02 02:15:14','2025-08-02 02:15:14',NULL,'public'),(22,0,'5','5',3,'image/jpeg',3319,'blog/5.jpg','[]','2025-08-02 02:15:14','2025-08-02 02:15:14',NULL,'public'),(23,0,'6','6',3,'image/jpeg',3319,'blog/6.jpg','[]','2025-08-02 02:15:14','2025-08-02 02:15:14',NULL,'public'),(24,0,'7','7',3,'image/jpeg',3319,'blog/7.jpg','[]','2025-08-02 02:15:14','2025-08-02 02:15:14',NULL,'public'),(25,0,'8','8',3,'image/jpeg',3319,'blog/8.jpg','[]','2025-08-02 02:15:14','2025-08-02 02:15:14',NULL,'public'),(26,0,'9','9',3,'image/jpeg',3319,'blog/9.jpg','[]','2025-08-02 02:15:14','2025-08-02 02:15:14',NULL,'public'),(27,0,'blog-in-01','blog-in-01',3,'image/jpeg',9623,'blog/blog-in-01.jpg','[]','2025-08-02 02:15:15','2025-08-02 02:15:15',NULL,'public'),(28,0,'blog-in-02','blog-in-02',3,'image/jpeg',9623,'blog/blog-in-02.jpg','[]','2025-08-02 02:15:15','2025-08-02 02:15:15',NULL,'public'),(29,0,'blog-in-03','blog-in-03',3,'image/jpeg',9623,'blog/blog-in-03.jpg','[]','2025-08-02 02:15:15','2025-08-02 02:15:15',NULL,'public'),(30,0,'blog-in-04','blog-in-04',3,'image/jpeg',9623,'blog/blog-in-04.jpg','[]','2025-08-02 02:15:15','2025-08-02 02:15:15',NULL,'public'),(31,0,'blog-in-05','blog-in-05',3,'image/jpeg',9623,'blog/blog-in-05.jpg','[]','2025-08-02 02:15:15','2025-08-02 02:15:15',NULL,'public'),(32,0,'blog-in-06','blog-in-06',3,'image/jpeg',9623,'blog/blog-in-06.jpg','[]','2025-08-02 02:15:15','2025-08-02 02:15:15',NULL,'public'),(33,0,'blog-sm-1','blog-sm-1',3,'image/jpeg',9623,'blog/blog-sm-1.jpg','[]','2025-08-02 02:15:15','2025-08-02 02:15:15',NULL,'public'),(34,0,'blog-sm-2','blog-sm-2',3,'image/jpeg',9623,'blog/blog-sm-2.jpg','[]','2025-08-02 02:15:15','2025-08-02 02:15:15',NULL,'public'),(35,0,'blog-sm-3','blog-sm-3',3,'image/jpeg',9623,'blog/blog-sm-3.jpg','[]','2025-08-02 02:15:16','2025-08-02 02:15:16',NULL,'public'),(36,0,'blog-sm-4','blog-sm-4',3,'image/jpeg',9623,'blog/blog-sm-4.jpg','[]','2025-08-02 02:15:16','2025-08-02 02:15:16',NULL,'public'),(37,0,'comment-1','comment-1',3,'image/jpeg',9803,'blog/comment-1.jpg','[]','2025-08-02 02:15:16','2025-08-02 02:15:16',NULL,'public'),(38,0,'comment-2','comment-2',3,'image/jpeg',9803,'blog/comment-2.jpg','[]','2025-08-02 02:15:16','2025-08-02 02:15:16',NULL,'public'),(39,0,'location-1','location-1',4,'image/png',5309,'shop/location-1.png','[]','2025-08-02 02:15:16','2025-08-02 02:15:16',NULL,'public'),(40,0,'location-2','location-2',4,'image/png',5309,'shop/location-2.png','[]','2025-08-02 02:15:17','2025-08-02 02:15:17',NULL,'public'),(41,0,'location-3','location-3',4,'image/png',5309,'shop/location-3.png','[]','2025-08-02 02:15:17','2025-08-02 02:15:17',NULL,'public'),(42,0,'location-4','location-4',4,'image/png',5309,'shop/location-4.png','[]','2025-08-02 02:15:17','2025-08-02 02:15:17',NULL,'public'),(43,0,'login_bg','login_bg',4,'image/jpeg',5443,'shop/login-bg.jpg','[]','2025-08-02 02:15:17','2025-08-02 02:15:17',NULL,'public'),(44,0,'reviewer-01','reviewer-01',4,'image/png',1070,'shop/reviewer-01.png','[]','2025-08-02 02:15:17','2025-08-02 02:15:17',NULL,'public'),(45,0,'reviewer-02','reviewer-02',4,'image/png',1070,'shop/reviewer-02.png','[]','2025-08-02 02:15:17','2025-08-02 02:15:17',NULL,'public'),(46,0,'reviewer-03','reviewer-03',4,'image/png',1070,'shop/reviewer-03.png','[]','2025-08-02 02:15:17','2025-08-02 02:15:17',NULL,'public'),(47,0,'s-thumb-01','s-thumb-01',4,'image/jpeg',2813,'shop/s-thumb-01.jpg','[]','2025-08-02 02:15:17','2025-08-02 02:15:17',NULL,'public'),(48,0,'s-thumb-02','s-thumb-02',4,'image/jpeg',2813,'shop/s-thumb-02.jpg','[]','2025-08-02 02:15:18','2025-08-02 02:15:18',NULL,'public'),(49,0,'s-thumb-03','s-thumb-03',4,'image/jpeg',2813,'shop/s-thumb-03.jpg','[]','2025-08-02 02:15:18','2025-08-02 02:15:18',NULL,'public'),(50,0,'s-thumb-04','s-thumb-04',4,'image/jpeg',2813,'shop/s-thumb-04.jpg','[]','2025-08-02 02:15:18','2025-08-02 02:15:18',NULL,'public'),(51,0,'s-thumb-05','s-thumb-05',4,'image/jpeg',2813,'shop/s-thumb-05.jpg','[]','2025-08-02 02:15:18','2025-08-02 02:15:18',NULL,'public'),(52,0,'s-thumb-06','s-thumb-06',4,'image/jpeg',2813,'shop/s-thumb-06.jpg','[]','2025-08-02 02:15:18','2025-08-02 02:15:18',NULL,'public'),(53,0,'sign_bg','sign_bg',4,'image/jpeg',5443,'shop/sign-bg.jpg','[]','2025-08-02 02:15:18','2025-08-02 02:15:18',NULL,'public'),(54,0,'track_bg','track_bg',4,'image/jpeg',6224,'shop/track-bg.jpg','[]','2025-08-02 02:15:18','2025-08-02 02:15:18',NULL,'public'),(55,0,'w-product-01','w-product-01',4,'image/jpeg',5528,'shop/w-product-01.jpg','[]','2025-08-02 02:15:18','2025-08-02 02:15:18',NULL,'public'),(56,0,'w-product-02','w-product-02',4,'image/jpeg',5528,'shop/w-product-02.jpg','[]','2025-08-02 02:15:18','2025-08-02 02:15:18',NULL,'public'),(57,0,'w-product-03','w-product-03',4,'image/jpeg',5528,'shop/w-product-03.jpg','[]','2025-08-02 02:15:19','2025-08-02 02:15:19',NULL,'public'),(58,0,'w-product-04','w-product-04',4,'image/jpeg',5528,'shop/w-product-04.jpg','[]','2025-08-02 02:15:19','2025-08-02 02:15:19',NULL,'public'),(59,0,'w-product-05','w-product-05',4,'image/jpeg',5528,'shop/w-product-05.jpg','[]','2025-08-02 02:15:19','2025-08-02 02:15:19',NULL,'public'),(60,0,'about-banner-1','about-banner-1',5,'image/jpeg',8335,'banners/about-banner-1.jpg','[]','2025-08-02 02:15:20','2025-08-02 02:15:20',NULL,'public'),(61,0,'about-banner-2','about-banner-2',5,'image/jpeg',8335,'banners/about-banner-2.jpg','[]','2025-08-02 02:15:20','2025-08-02 02:15:20',NULL,'public'),(62,0,'about-img-1','about-img-1',5,'image/jpeg',8914,'banners/about-img-1.jpg','[]','2025-08-02 02:15:20','2025-08-02 02:15:20',NULL,'public'),(63,0,'about-img-2','about-img-2',5,'image/jpeg',8914,'banners/about-img-2.jpg','[]','2025-08-02 02:15:21','2025-08-02 02:15:21',NULL,'public'),(64,0,'about-img-3','about-img-3',5,'image/png',6373,'banners/about-img-3.png','[]','2025-08-02 02:15:21','2025-08-02 02:15:21',NULL,'public'),(65,0,'banner-03-01','banner-03-01',5,'image/jpeg',6612,'banners/banner-03-01.jpg','[]','2025-08-02 02:15:21','2025-08-02 02:15:21',NULL,'public'),(66,0,'banner-03-02','banner-03-02',5,'image/jpeg',5283,'banners/banner-03-02.jpg','[]','2025-08-02 02:15:21','2025-08-02 02:15:21',NULL,'public'),(67,0,'banner-03-03','banner-03-03',5,'image/jpeg',5077,'banners/banner-03-03.jpg','[]','2025-08-02 02:15:22','2025-08-02 02:15:22',NULL,'public'),(68,0,'banner-2-01','banner-2-01',5,'image/jpeg',5452,'banners/banner-2-01.jpg','[]','2025-08-02 02:15:22','2025-08-02 02:15:22',NULL,'public'),(69,0,'banner-2-02','banner-2-02',5,'image/jpeg',5452,'banners/banner-2-02.jpg','[]','2025-08-02 02:15:22','2025-08-02 02:15:22',NULL,'public'),(70,0,'banner-2-03','banner-2-03',5,'image/jpeg',12296,'banners/banner-2-03.jpg','[]','2025-08-02 02:15:22','2025-08-02 02:15:22',NULL,'public'),(71,0,'banner-2-04','banner-2-04',5,'image/jpeg',7318,'banners/banner-2-04.jpg','[]','2025-08-02 02:15:22','2025-08-02 02:15:22',NULL,'public'),(72,0,'banner-bg-05','banner-bg-05',5,'image/jpeg',23672,'banners/banner-bg-05.jpg','[]','2025-08-02 02:15:23','2025-08-02 02:15:23',NULL,'public'),(73,0,'banner-offer-01','banner-offer-01',5,'image/jpeg',10330,'banners/banner-offer-01.jpg','[]','2025-08-02 02:15:23','2025-08-02 02:15:23',NULL,'public'),(74,0,'banner-offer-02','banner-offer-02',5,'image/jpeg',9086,'banners/banner-offer-02.jpg','[]','2025-08-02 02:15:23','2025-08-02 02:15:23',NULL,'public'),(75,0,'breadcrumb-01','breadcrumb-01',5,'image/jpeg',5276,'banners/breadcrumb-01.jpg','[]','2025-08-02 02:15:24','2025-08-02 02:15:24',NULL,'public'),(76,0,'coming-soon','coming-soon',5,'image/jpeg',27345,'banners/coming-soon.jpg','[]','2025-08-02 02:15:24','2025-08-02 02:15:24',NULL,'public'),(77,0,'login-bg','login-bg',5,'image/jpeg',5443,'banners/login-bg.jpg','[]','2025-08-02 02:15:24','2025-08-02 02:15:24',NULL,'public'),(78,0,'product-shape-01','product-shape-01',5,'image/png',3220,'banners/product-shape-01.png','[]','2025-08-02 02:15:24','2025-08-02 02:15:24',NULL,'public'),(79,0,'product-shape-02','product-shape-02',5,'image/png',2285,'banners/product-shape-02.png','[]','2025-08-02 02:15:25','2025-08-02 02:15:25',NULL,'public'),(80,0,'sign-bg','sign-bg',5,'image/jpeg',5443,'banners/sign-bg.jpg','[]','2025-08-02 02:15:25','2025-08-02 02:15:25',NULL,'public'),(81,0,'thumb-01','thumb-01',5,'image/jpeg',16230,'banners/thumb-01.jpg','[]','2025-08-02 02:15:25','2025-08-02 02:15:25',NULL,'public'),(82,0,'thumb-02','thumb-02',5,'image/jpeg',7655,'banners/thumb-02.jpg','[]','2025-08-02 02:15:25','2025-08-02 02:15:25',NULL,'public'),(83,0,'thumb-03','thumb-03',5,'image/jpeg',7655,'banners/thumb-03.jpg','[]','2025-08-02 02:15:25','2025-08-02 02:15:25',NULL,'public'),(84,0,'thumb-04','thumb-04',5,'image/jpeg',16230,'banners/thumb-04.jpg','[]','2025-08-02 02:15:25','2025-08-02 02:15:25',NULL,'public'),(85,0,'track-bg','track-bg',5,'image/jpeg',6224,'banners/track-bg.jpg','[]','2025-08-02 02:15:25','2025-08-02 02:15:25',NULL,'public'),(86,0,'box','box',6,'image/png',949,'icons/box.png','[]','2025-08-02 02:15:25','2025-08-02 02:15:25',NULL,'public'),(87,0,'car','car',6,'image/png',855,'icons/car.png','[]','2025-08-02 02:15:25','2025-08-02 02:15:25',NULL,'public'),(88,0,'cash-on-delivery','cash-on-delivery',6,'image/png',2426,'icons/cash-on-delivery.png','[]','2025-08-02 02:15:26','2025-08-02 02:15:26',NULL,'public'),(89,0,'cat-icon-01','cat-icon-01',6,'image/png',146,'icons/cat-icon-01.png','[]','2025-08-02 02:15:26','2025-08-02 02:15:26',NULL,'public'),(90,0,'cat-icon-02','cat-icon-02',6,'image/png',164,'icons/cat-icon-02.png','[]','2025-08-02 02:15:26','2025-08-02 02:15:26',NULL,'public'),(91,0,'cat-icon-03','cat-icon-03',6,'image/png',164,'icons/cat-icon-03.png','[]','2025-08-02 02:15:26','2025-08-02 02:15:26',NULL,'public'),(92,0,'cat-icon-04','cat-icon-04',6,'image/png',160,'icons/cat-icon-04.png','[]','2025-08-02 02:15:26','2025-08-02 02:15:26',NULL,'public'),(93,0,'cat-icon-05','cat-icon-05',6,'image/png',151,'icons/cat-icon-05.png','[]','2025-08-02 02:15:26','2025-08-02 02:15:26',NULL,'public'),(94,0,'cat-icon-06','cat-icon-06',6,'image/png',1665,'icons/cat-icon-06.png','[]','2025-08-02 02:15:26','2025-08-02 02:15:26',NULL,'public'),(95,0,'error','error',6,'image/png',3971,'icons/error.png','[]','2025-08-02 02:15:26','2025-08-02 02:15:26',NULL,'public'),(96,0,'fast-delivery','fast-delivery',6,'image/png',3347,'icons/fast-delivery.png','[]','2025-08-02 02:15:26','2025-08-02 02:15:26',NULL,'public'),(97,0,'hours','hours',6,'image/png',1034,'icons/hours.png','[]','2025-08-02 02:15:26','2025-08-02 02:15:26',NULL,'public'),(98,0,'lang-flag','lang-flag',6,'image/png',1602,'icons/lang-flag.png','[]','2025-08-02 02:15:26','2025-08-02 02:15:26',NULL,'public'),(99,0,'payment','payment',6,'image/png',800,'icons/payment.png','[]','2025-08-02 02:15:26','2025-08-02 02:15:26',NULL,'public'),(100,0,'product-det-1','product-det-1',6,'image/png',974,'icons/product-det-1.png','[]','2025-08-02 02:15:27','2025-08-02 02:15:27',NULL,'public'),(101,0,'product-det-2','product-det-2',6,'image/png',1080,'icons/product-det-2.png','[]','2025-08-02 02:15:27','2025-08-02 02:15:27',NULL,'public'),(102,0,'product-det-3','product-det-3',6,'image/png',735,'icons/product-det-3.png','[]','2025-08-02 02:15:27','2025-08-02 02:15:27',NULL,'public'),(103,0,'product-det-4','product-det-4',6,'image/png',1202,'icons/product-det-4.png','[]','2025-08-02 02:15:27','2025-08-02 02:15:27',NULL,'public'),(104,0,'support','support',6,'image/png',3574,'icons/support.png','[]','2025-08-02 02:15:27','2025-08-02 02:15:27',NULL,'public'),(105,0,'title-shape-02','title-shape-02',6,'image/jpeg',737,'icons/title-shape-02.jpg','[]','2025-08-02 02:15:27','2025-08-02 02:15:27',NULL,'public'),(106,0,'track-1','track-1',6,'image/png',339,'icons/track-1.png','[]','2025-08-02 02:15:27','2025-08-02 02:15:27',NULL,'public'),(107,0,'verified','verified',6,'image/png',2564,'icons/verified.png','[]','2025-08-02 02:15:27','2025-08-02 02:15:27',NULL,'public'),(108,0,'banner-1','banner-1',7,'image/jpeg',9766,'sliders/banner-1.jpg','[]','2025-08-02 02:15:27','2025-08-02 02:15:27',NULL,'public'),(109,0,'banner-2','banner-2',7,'image/jpeg',9766,'sliders/banner-2.jpg','[]','2025-08-02 02:15:27','2025-08-02 02:15:27',NULL,'public'),(110,0,'banner-3','banner-3',7,'image/jpeg',9766,'sliders/banner-3.jpg','[]','2025-08-02 02:15:27','2025-08-02 02:15:27',NULL,'public'),(111,0,'banner-slider-01','banner-slider-01',7,'image/jpeg',4081,'sliders/banner-slider-01.jpg','[]','2025-08-02 02:15:28','2025-08-02 02:15:28',NULL,'public'),(112,0,'banner-slider-02','banner-slider-02',7,'image/jpeg',4081,'sliders/banner-slider-02.jpg','[]','2025-08-02 02:15:28','2025-08-02 02:15:28',NULL,'public'),(113,0,'fasion-tag-01','fasion-tag-01',7,'image/png',2647,'sliders/fasion-tag-01.png','[]','2025-08-02 02:15:28','2025-08-02 02:15:28',NULL,'public'),(114,0,'fasion-tag-02','fasion-tag-02',7,'image/png',2675,'sliders/fasion-tag-02.png','[]','2025-08-02 02:15:28','2025-08-02 02:15:28',NULL,'public'),(115,0,'fasion-tag-03','fasion-tag-03',7,'image/png',2675,'sliders/fasion-tag-03.png','[]','2025-08-02 02:15:28','2025-08-02 02:15:28',NULL,'public'),(116,0,'slider-01','slider-01',7,'image/png',13507,'sliders/slider-01.png','[]','2025-08-02 02:15:28','2025-08-02 02:15:28',NULL,'public'),(117,0,'slider-02','slider-02',7,'image/png',13507,'sliders/slider-02.png','[]','2025-08-02 02:15:28','2025-08-02 02:15:28',NULL,'public'),(118,0,'slider-03','slider-03',7,'image/png',13507,'sliders/slider-03.png','[]','2025-08-02 02:15:28','2025-08-02 02:15:28',NULL,'public'),(119,0,'slider-04','slider-04',7,'image/png',11780,'sliders/slider-04.png','[]','2025-08-02 02:15:29','2025-08-02 02:15:29',NULL,'public'),(120,0,'slider-05-banner-1','slider-05-banner-1',7,'image/jpeg',3724,'sliders/slider-05-banner-1.jpg','[]','2025-08-02 02:15:29','2025-08-02 02:15:29',NULL,'public'),(121,0,'slider-05-banner-2','slider-05-banner-2',7,'image/jpeg',3724,'sliders/slider-05-banner-2.jpg','[]','2025-08-02 02:15:29','2025-08-02 02:15:29',NULL,'public'),(122,0,'slider-05-bg-1','slider-05-bg-1',7,'image/jpeg',11103,'sliders/slider-05-bg-1.jpg','[]','2025-08-02 02:15:29','2025-08-02 02:15:29',NULL,'public'),(123,0,'slider-05-bg-2','slider-05-bg-2',7,'image/jpeg',11103,'sliders/slider-05-bg-2.jpg','[]','2025-08-02 02:15:29','2025-08-02 02:15:29',NULL,'public'),(124,0,'slider-05-bg-3','slider-05-bg-3',7,'image/jpeg',11103,'sliders/slider-05-bg-3.jpg','[]','2025-08-02 02:15:29','2025-08-02 02:15:29',NULL,'public'),(125,0,'slider-05-bg-4','slider-05-bg-4',7,'image/jpeg',11103,'sliders/slider-05-bg-4.jpg','[]','2025-08-02 02:15:29','2025-08-02 02:15:29',NULL,'public'),(126,0,'slider-05','slider-05',7,'image/png',11780,'sliders/slider-05.png','[]','2025-08-02 02:15:29','2025-08-02 02:15:29',NULL,'public'),(127,0,'slider-06','slider-06',7,'image/png',11780,'sliders/slider-06.png','[]','2025-08-02 02:15:29','2025-08-02 02:15:29',NULL,'public'),(128,0,'slider-bg-04','slider-bg-04',7,'image/png',7941,'sliders/slider-bg-04.png','[]','2025-08-02 02:15:30','2025-08-02 02:15:30',NULL,'public'),(129,0,'slider-bg-05','slider-bg-05',7,'image/png',7941,'sliders/slider-bg-05.png','[]','2025-08-02 02:15:30','2025-08-02 02:15:30',NULL,'public'),(130,0,'slider-bg-06','slider-bg-06',7,'image/png',7941,'sliders/slider-bg-06.png','[]','2025-08-02 02:15:30','2025-08-02 02:15:30',NULL,'public'),(131,0,'video-bg-01','video-bg-01',7,'image/jpeg',14217,'sliders/video-bg-01.jpg','[]','2025-08-02 02:15:30','2025-08-02 02:15:30',NULL,'public'),(132,0,'brand-01','brand-01',8,'image/png',630,'brands/brand-01.png','[]','2025-08-02 02:15:30','2025-08-02 02:15:30',NULL,'public'),(133,0,'brand-02','brand-02',8,'image/png',630,'brands/brand-02.png','[]','2025-08-02 02:15:30','2025-08-02 02:15:30',NULL,'public'),(134,0,'brand-03','brand-03',8,'image/png',630,'brands/brand-03.png','[]','2025-08-02 02:15:30','2025-08-02 02:15:30',NULL,'public'),(135,0,'brand-04','brand-04',8,'image/png',630,'brands/brand-04.png','[]','2025-08-02 02:15:30','2025-08-02 02:15:30',NULL,'public'),(136,0,'brand-05','brand-05',8,'image/png',630,'brands/brand-05.png','[]','2025-08-02 02:15:31','2025-08-02 02:15:31',NULL,'public'),(137,0,'brand-06','brand-06',8,'image/png',630,'brands/brand-06.png','[]','2025-08-02 02:15:31','2025-08-02 02:15:31',NULL,'public'),(138,0,'brand-w-01','brand-w-01',8,'image/png',630,'brands/brand-w-01.png','[]','2025-08-02 02:15:31','2025-08-02 02:15:31',NULL,'public'),(139,0,'brand-w-02','brand-w-02',8,'image/png',630,'brands/brand-w-02.png','[]','2025-08-02 02:15:31','2025-08-02 02:15:31',NULL,'public'),(140,0,'brand-w-03','brand-w-03',8,'image/png',630,'brands/brand-w-03.png','[]','2025-08-02 02:15:31','2025-08-02 02:15:31',NULL,'public'),(141,0,'brand-w-04','brand-w-04',8,'image/png',630,'brands/brand-w-04.png','[]','2025-08-02 02:15:31','2025-08-02 02:15:31',NULL,'public'),(142,0,'brand-w-05','brand-w-05',8,'image/png',630,'brands/brand-w-05.png','[]','2025-08-02 02:15:31','2025-08-02 02:15:31',NULL,'public'),(143,0,'brand-w-06','brand-w-06',8,'image/png',630,'brands/brand-w-06.png','[]','2025-08-02 02:15:31','2025-08-02 02:15:31',NULL,'public'),(144,0,'pla-brand-01','pla-brand-01',8,'image/png',630,'brands/pla-brand-01.png','[]','2025-08-02 02:15:31','2025-08-02 02:15:31',NULL,'public'),(145,0,'pla-brand-02','pla-brand-02',8,'image/png',630,'brands/pla-brand-02.png','[]','2025-08-02 02:15:31','2025-08-02 02:15:31',NULL,'public'),(146,0,'pla-brand-03','pla-brand-03',8,'image/png',630,'brands/pla-brand-03.png','[]','2025-08-02 02:15:31','2025-08-02 02:15:31',NULL,'public'),(147,0,'pla-brand-04','pla-brand-04',8,'image/png',630,'brands/pla-brand-04.png','[]','2025-08-02 02:15:32','2025-08-02 02:15:32',NULL,'public'),(148,0,'pla-brand-05','pla-brand-05',8,'image/png',630,'brands/pla-brand-05.png','[]','2025-08-02 02:15:32','2025-08-02 02:15:32',NULL,'public'),(149,0,'pla-brand-06','pla-brand-06',8,'image/png',630,'brands/pla-brand-06.png','[]','2025-08-02 02:15:32','2025-08-02 02:15:32',NULL,'public'),(150,0,'feature-icon-01','feature-icon-01',9,'image/png',2082,'features/feature-icon-01.png','[]','2025-08-02 02:15:32','2025-08-02 02:15:32',NULL,'public'),(151,0,'feature-icon-02','feature-icon-02',9,'image/png',1941,'features/feature-icon-02.png','[]','2025-08-02 02:15:32','2025-08-02 02:15:32',NULL,'public'),(152,0,'feature-icon-03','feature-icon-03',9,'image/png',2535,'features/feature-icon-03.png','[]','2025-08-02 02:15:32','2025-08-02 02:15:32',NULL,'public'),(153,0,'feature-icon-04','feature-icon-04',9,'image/png',1158,'features/feature-icon-04.png','[]','2025-08-02 02:15:32','2025-08-02 02:15:32',NULL,'public'),(154,0,'feature-icon-05','feature-icon-05',9,'image/png',1887,'features/feature-icon-05.png','[]','2025-08-02 02:15:32','2025-08-02 02:15:32',NULL,'public'),(155,0,'feature-icon-06','feature-icon-06',9,'image/png',1666,'features/feature-icon-06.png','[]','2025-08-02 02:15:32','2025-08-02 02:15:32',NULL,'public'),(156,0,'pla-product-01','pla-product-01',10,'image/jpeg',9803,'products/pla-product-01.jpg','[]','2025-08-02 02:15:33','2025-08-02 02:15:33',NULL,'public'),(157,0,'pla-product-02','pla-product-02',10,'image/jpeg',9803,'products/pla-product-02.jpg','[]','2025-08-02 02:15:33','2025-08-02 02:15:33',NULL,'public'),(158,0,'pla-product-03','pla-product-03',10,'image/jpeg',9803,'products/pla-product-03.jpg','[]','2025-08-02 02:15:33','2025-08-02 02:15:33',NULL,'public'),(159,0,'pla-product-04','pla-product-04',10,'image/jpeg',9803,'products/pla-product-04.jpg','[]','2025-08-02 02:15:33','2025-08-02 02:15:33',NULL,'public'),(160,0,'product-1','product-1',10,'image/jpeg',9803,'products/product-1.jpg','[]','2025-08-02 02:15:33','2025-08-02 02:15:33',NULL,'public'),(161,0,'product-10','product-10',10,'image/jpeg',9803,'products/product-10.jpg','[]','2025-08-02 02:15:33','2025-08-02 02:15:33',NULL,'public'),(162,0,'product-11','product-11',10,'image/jpeg',9803,'products/product-11.jpg','[]','2025-08-02 02:15:34','2025-08-02 02:15:34',NULL,'public'),(163,0,'product-12','product-12',10,'image/jpeg',9803,'products/product-12.jpg','[]','2025-08-02 02:15:34','2025-08-02 02:15:34',NULL,'public'),(164,0,'product-13','product-13',10,'image/jpeg',9803,'products/product-13.jpg','[]','2025-08-02 02:15:34','2025-08-02 02:15:34',NULL,'public'),(165,0,'product-14','product-14',10,'image/jpeg',9803,'products/product-14.jpg','[]','2025-08-02 02:15:34','2025-08-02 02:15:34',NULL,'public'),(166,0,'product-15','product-15',10,'image/jpeg',9803,'products/product-15.jpg','[]','2025-08-02 02:15:34','2025-08-02 02:15:34',NULL,'public'),(167,0,'product-16','product-16',10,'image/jpeg',9803,'products/product-16.jpg','[]','2025-08-02 02:15:34','2025-08-02 02:15:34',NULL,'public'),(168,0,'product-17','product-17',10,'image/jpeg',9803,'products/product-17.jpg','[]','2025-08-02 02:15:34','2025-08-02 02:15:34',NULL,'public'),(169,0,'product-18','product-18',10,'image/jpeg',9803,'products/product-18.jpg','[]','2025-08-02 02:15:34','2025-08-02 02:15:34',NULL,'public'),(170,0,'product-19','product-19',10,'image/jpeg',9803,'products/product-19.jpg','[]','2025-08-02 02:15:35','2025-08-02 02:15:35',NULL,'public'),(171,0,'product-2','product-2',10,'image/jpeg',9803,'products/product-2.jpg','[]','2025-08-02 02:15:35','2025-08-02 02:15:35',NULL,'public'),(172,0,'product-20','product-20',10,'image/jpeg',9803,'products/product-20.jpg','[]','2025-08-02 02:15:35','2025-08-02 02:15:35',NULL,'public'),(173,0,'product-21','product-21',10,'image/jpeg',9803,'products/product-21.jpg','[]','2025-08-02 02:15:35','2025-08-02 02:15:35',NULL,'public'),(174,0,'product-22','product-22',10,'image/jpeg',9803,'products/product-22.jpg','[]','2025-08-02 02:15:35','2025-08-02 02:15:35',NULL,'public'),(175,0,'product-23','product-23',10,'image/jpeg',9803,'products/product-23.jpg','[]','2025-08-02 02:15:35','2025-08-02 02:15:35',NULL,'public'),(176,0,'product-24','product-24',10,'image/jpeg',9803,'products/product-24.jpg','[]','2025-08-02 02:15:35','2025-08-02 02:15:35',NULL,'public'),(177,0,'product-25','product-25',10,'image/jpeg',9803,'products/product-25.jpg','[]','2025-08-02 02:15:35','2025-08-02 02:15:35',NULL,'public'),(178,0,'product-26','product-26',10,'image/jpeg',9803,'products/product-26.jpg','[]','2025-08-02 02:15:35','2025-08-02 02:15:35',NULL,'public'),(179,0,'product-27','product-27',10,'image/jpeg',9803,'products/product-27.jpg','[]','2025-08-02 02:15:36','2025-08-02 02:15:36',NULL,'public'),(180,0,'product-28','product-28',10,'image/jpeg',9803,'products/product-28.jpg','[]','2025-08-02 02:15:36','2025-08-02 02:15:36',NULL,'public'),(181,0,'product-29','product-29',10,'image/jpeg',9803,'products/product-29.jpg','[]','2025-08-02 02:15:36','2025-08-02 02:15:36',NULL,'public'),(182,0,'product-3','product-3',10,'image/jpeg',9803,'products/product-3.jpg','[]','2025-08-02 02:15:36','2025-08-02 02:15:36',NULL,'public'),(183,0,'product-30','product-30',10,'image/jpeg',9803,'products/product-30.jpg','[]','2025-08-02 02:15:36','2025-08-02 02:15:36',NULL,'public'),(184,0,'product-31','product-31',10,'image/jpeg',9803,'products/product-31.jpg','[]','2025-08-02 02:15:36','2025-08-02 02:15:36',NULL,'public'),(185,0,'product-32','product-32',10,'image/jpeg',9803,'products/product-32.jpg','[]','2025-08-02 02:15:36','2025-08-02 02:15:36',NULL,'public'),(186,0,'product-33','product-33',10,'image/jpeg',9803,'products/product-33.jpg','[]','2025-08-02 02:15:36','2025-08-02 02:15:36',NULL,'public'),(187,0,'product-34','product-34',10,'image/jpeg',9803,'products/product-34.jpg','[]','2025-08-02 02:15:36','2025-08-02 02:15:36',NULL,'public'),(188,0,'product-35','product-35',10,'image/jpeg',9803,'products/product-35.jpg','[]','2025-08-02 02:15:37','2025-08-02 02:15:37',NULL,'public'),(189,0,'product-36','product-36',10,'image/jpeg',9803,'products/product-36.jpg','[]','2025-08-02 02:15:37','2025-08-02 02:15:37',NULL,'public'),(190,0,'product-37','product-37',10,'image/jpeg',9803,'products/product-37.jpg','[]','2025-08-02 02:15:37','2025-08-02 02:15:37',NULL,'public'),(191,0,'product-38','product-38',10,'image/jpeg',9803,'products/product-38.jpg','[]','2025-08-02 02:15:37','2025-08-02 02:15:37',NULL,'public'),(192,0,'product-39','product-39',10,'image/jpeg',9803,'products/product-39.jpg','[]','2025-08-02 02:15:37','2025-08-02 02:15:37',NULL,'public'),(193,0,'product-4','product-4',10,'image/jpeg',9803,'products/product-4.jpg','[]','2025-08-02 02:15:37','2025-08-02 02:15:37',NULL,'public'),(194,0,'product-40','product-40',10,'image/jpeg',9803,'products/product-40.jpg','[]','2025-08-02 02:15:37','2025-08-02 02:15:37',NULL,'public'),(195,0,'product-41','product-41',10,'image/jpeg',9803,'products/product-41.jpg','[]','2025-08-02 02:15:37','2025-08-02 02:15:37',NULL,'public'),(196,0,'product-42','product-42',10,'image/jpeg',9803,'products/product-42.jpg','[]','2025-08-02 02:15:37','2025-08-02 02:15:37',NULL,'public'),(197,0,'product-43','product-43',10,'image/jpeg',9803,'products/product-43.jpg','[]','2025-08-02 02:15:37','2025-08-02 02:15:37',NULL,'public'),(198,0,'product-44','product-44',10,'image/jpeg',9803,'products/product-44.jpg','[]','2025-08-02 02:15:38','2025-08-02 02:15:38',NULL,'public'),(199,0,'product-45','product-45',10,'image/jpeg',9803,'products/product-45.jpg','[]','2025-08-02 02:15:38','2025-08-02 02:15:38',NULL,'public'),(200,0,'product-46','product-46',10,'image/jpeg',9803,'products/product-46.jpg','[]','2025-08-02 02:15:38','2025-08-02 02:15:38',NULL,'public'),(201,0,'product-47','product-47',10,'image/jpeg',9803,'products/product-47.jpg','[]','2025-08-02 02:15:38','2025-08-02 02:15:38',NULL,'public'),(202,0,'product-48','product-48',10,'image/jpeg',9803,'products/product-48.jpg','[]','2025-08-02 02:15:38','2025-08-02 02:15:38',NULL,'public'),(203,0,'product-49','product-49',10,'image/jpeg',9803,'products/product-49.jpg','[]','2025-08-02 02:15:38','2025-08-02 02:15:38',NULL,'public'),(204,0,'product-5','product-5',10,'image/jpeg',9803,'products/product-5.jpg','[]','2025-08-02 02:15:38','2025-08-02 02:15:38',NULL,'public'),(205,0,'product-50','product-50',10,'image/jpeg',9803,'products/product-50.jpg','[]','2025-08-02 02:15:39','2025-08-02 02:15:39',NULL,'public'),(206,0,'product-51','product-51',10,'image/jpeg',9803,'products/product-51.jpg','[]','2025-08-02 02:15:39','2025-08-02 02:15:39',NULL,'public'),(207,0,'product-52','product-52',10,'image/jpeg',9803,'products/product-52.jpg','[]','2025-08-02 02:15:39','2025-08-02 02:15:39',NULL,'public'),(208,0,'product-53','product-53',10,'image/jpeg',9803,'products/product-53.jpg','[]','2025-08-02 02:15:39','2025-08-02 02:15:39',NULL,'public'),(209,0,'product-54','product-54',10,'image/jpeg',9803,'products/product-54.jpg','[]','2025-08-02 02:15:39','2025-08-02 02:15:39',NULL,'public'),(210,0,'product-55','product-55',10,'image/jpeg',9803,'products/product-55.jpg','[]','2025-08-02 02:15:39','2025-08-02 02:15:39',NULL,'public'),(211,0,'product-56','product-56',10,'image/jpeg',9803,'products/product-56.jpg','[]','2025-08-02 02:15:39','2025-08-02 02:15:39',NULL,'public'),(212,0,'product-57','product-57',10,'image/jpeg',9803,'products/product-57.jpg','[]','2025-08-02 02:15:39','2025-08-02 02:15:39',NULL,'public'),(213,0,'product-58','product-58',10,'image/jpeg',9803,'products/product-58.jpg','[]','2025-08-02 02:15:40','2025-08-02 02:15:40',NULL,'public'),(214,0,'product-59','product-59',10,'image/jpeg',9803,'products/product-59.jpg','[]','2025-08-02 02:15:40','2025-08-02 02:15:40',NULL,'public'),(215,0,'product-6','product-6',10,'image/jpeg',9803,'products/product-6.jpg','[]','2025-08-02 02:15:40','2025-08-02 02:15:40',NULL,'public'),(216,0,'product-60','product-60',10,'image/jpeg',9803,'products/product-60.jpg','[]','2025-08-02 02:15:40','2025-08-02 02:15:40',NULL,'public'),(217,0,'product-61','product-61',10,'image/jpeg',9803,'products/product-61.jpg','[]','2025-08-02 02:15:40','2025-08-02 02:15:40',NULL,'public'),(218,0,'product-62','product-62',10,'image/jpeg',9803,'products/product-62.jpg','[]','2025-08-02 02:15:40','2025-08-02 02:15:40',NULL,'public'),(219,0,'product-63','product-63',10,'image/jpeg',9803,'products/product-63.jpg','[]','2025-08-02 02:15:40','2025-08-02 02:15:40',NULL,'public'),(220,0,'product-64','product-64',10,'image/jpeg',9803,'products/product-64.jpg','[]','2025-08-02 02:15:40','2025-08-02 02:15:40',NULL,'public'),(221,0,'product-65','product-65',10,'image/jpeg',9803,'products/product-65.jpg','[]','2025-08-02 02:15:40','2025-08-02 02:15:40',NULL,'public'),(222,0,'product-66','product-66',10,'image/jpeg',9803,'products/product-66.jpg','[]','2025-08-02 02:15:41','2025-08-02 02:15:41',NULL,'public'),(223,0,'product-67','product-67',10,'image/jpeg',9803,'products/product-67.jpg','[]','2025-08-02 02:15:41','2025-08-02 02:15:41',NULL,'public'),(224,0,'product-68','product-68',10,'image/jpeg',9803,'products/product-68.jpg','[]','2025-08-02 02:15:41','2025-08-02 02:15:41',NULL,'public'),(225,0,'product-69','product-69',10,'image/jpeg',9803,'products/product-69.jpg','[]','2025-08-02 02:15:41','2025-08-02 02:15:41',NULL,'public'),(226,0,'product-7','product-7',10,'image/jpeg',9803,'products/product-7.jpg','[]','2025-08-02 02:15:41','2025-08-02 02:15:41',NULL,'public'),(227,0,'product-70','product-70',10,'image/jpeg',9803,'products/product-70.jpg','[]','2025-08-02 02:15:41','2025-08-02 02:15:41',NULL,'public'),(228,0,'product-71','product-71',10,'image/jpeg',9803,'products/product-71.jpg','[]','2025-08-02 02:15:41','2025-08-02 02:15:41',NULL,'public'),(229,0,'product-72','product-72',10,'image/jpeg',9803,'products/product-72.jpg','[]','2025-08-02 02:15:41','2025-08-02 02:15:41',NULL,'public'),(230,0,'product-73','product-73',10,'image/jpeg',9803,'products/product-73.jpg','[]','2025-08-02 02:15:41','2025-08-02 02:15:41',NULL,'public'),(231,0,'product-74','product-74',10,'image/jpeg',9803,'products/product-74.jpg','[]','2025-08-02 02:15:41','2025-08-02 02:15:41',NULL,'public'),(232,0,'product-75','product-75',10,'image/jpeg',9803,'products/product-75.jpg','[]','2025-08-02 02:15:41','2025-08-02 02:15:41',NULL,'public'),(233,0,'product-76','product-76',10,'image/jpeg',9803,'products/product-76.jpg','[]','2025-08-02 02:15:42','2025-08-02 02:15:42',NULL,'public'),(234,0,'product-77','product-77',10,'image/jpeg',9803,'products/product-77.jpg','[]','2025-08-02 02:15:42','2025-08-02 02:15:42',NULL,'public'),(235,0,'product-78','product-78',10,'image/jpeg',9803,'products/product-78.jpg','[]','2025-08-02 02:15:42','2025-08-02 02:15:42',NULL,'public'),(236,0,'product-79','product-79',10,'image/jpeg',9803,'products/product-79.jpg','[]','2025-08-02 02:15:42','2025-08-02 02:15:42',NULL,'public'),(237,0,'product-8','product-8',10,'image/jpeg',9803,'products/product-8.jpg','[]','2025-08-02 02:15:42','2025-08-02 02:15:42',NULL,'public'),(238,0,'product-80','product-80',10,'image/jpeg',9803,'products/product-80.jpg','[]','2025-08-02 02:15:42','2025-08-02 02:15:42',NULL,'public'),(239,0,'product-81','product-81',10,'image/jpeg',9803,'products/product-81.jpg','[]','2025-08-02 02:15:42','2025-08-02 02:15:42',NULL,'public'),(240,0,'product-82','product-82',10,'image/jpeg',9803,'products/product-82.jpg','[]','2025-08-02 02:15:42','2025-08-02 02:15:42',NULL,'public'),(241,0,'product-83','product-83',10,'image/jpeg',9803,'products/product-83.jpg','[]','2025-08-02 02:15:42','2025-08-02 02:15:42',NULL,'public'),(242,0,'product-84','product-84',10,'image/jpeg',9803,'products/product-84.jpg','[]','2025-08-02 02:15:42','2025-08-02 02:15:42',NULL,'public'),(243,0,'product-85','product-85',10,'image/jpeg',9803,'products/product-85.jpg','[]','2025-08-02 02:15:42','2025-08-02 02:15:42',NULL,'public'),(244,0,'product-86','product-86',10,'image/jpeg',9803,'products/product-86.jpg','[]','2025-08-02 02:15:42','2025-08-02 02:15:42',NULL,'public'),(245,0,'product-87','product-87',10,'image/jpeg',9803,'products/product-87.jpg','[]','2025-08-02 02:15:43','2025-08-02 02:15:43',NULL,'public'),(246,0,'product-88','product-88',10,'image/jpeg',9803,'products/product-88.jpg','[]','2025-08-02 02:15:43','2025-08-02 02:15:43',NULL,'public'),(247,0,'product-89','product-89',10,'image/jpeg',9803,'products/product-89.jpg','[]','2025-08-02 02:15:43','2025-08-02 02:15:43',NULL,'public'),(248,0,'product-9','product-9',10,'image/jpeg',9803,'products/product-9.jpg','[]','2025-08-02 02:15:43','2025-08-02 02:15:43',NULL,'public'),(249,0,'product-90','product-90',10,'image/jpeg',9803,'products/product-90.jpg','[]','2025-08-02 02:15:43','2025-08-02 02:15:43',NULL,'public'),(250,0,'product-91','product-91',10,'image/jpeg',9803,'products/product-91.jpg','[]','2025-08-02 02:15:43','2025-08-02 02:15:43',NULL,'public'),(251,0,'product-92','product-92',10,'image/jpeg',9803,'products/product-92.jpg','[]','2025-08-02 02:15:43','2025-08-02 02:15:43',NULL,'public'),(252,0,'product-93','product-93',10,'image/jpeg',9803,'products/product-93.jpg','[]','2025-08-02 02:15:43','2025-08-02 02:15:43',NULL,'public'),(253,0,'product-94','product-94',10,'image/jpeg',9803,'products/product-94.jpg','[]','2025-08-02 02:15:43','2025-08-02 02:15:43',NULL,'public'),(254,0,'product-95','product-95',10,'image/jpeg',9803,'products/product-95.jpg','[]','2025-08-02 02:15:43','2025-08-02 02:15:43',NULL,'public'),(255,0,'1','1',11,'image/jpeg',9803,'customers/1.jpg','[]','2025-08-02 02:15:47','2025-08-02 02:15:47',NULL,'public'),(256,0,'10','10',11,'image/jpeg',9803,'customers/10.jpg','[]','2025-08-02 02:15:48','2025-08-02 02:15:48',NULL,'public'),(257,0,'2','2',11,'image/jpeg',9803,'customers/2.jpg','[]','2025-08-02 02:15:48','2025-08-02 02:15:48',NULL,'public'),(258,0,'3','3',11,'image/jpeg',9803,'customers/3.jpg','[]','2025-08-02 02:15:48','2025-08-02 02:15:48',NULL,'public'),(259,0,'4','4',11,'image/jpeg',9803,'customers/4.jpg','[]','2025-08-02 02:15:48','2025-08-02 02:15:48',NULL,'public'),(260,0,'5','5',11,'image/jpeg',9803,'customers/5.jpg','[]','2025-08-02 02:15:48','2025-08-02 02:15:48',NULL,'public'),(261,0,'6','6',11,'image/jpeg',9803,'customers/6.jpg','[]','2025-08-02 02:15:48','2025-08-02 02:15:48',NULL,'public'),(262,0,'7','7',11,'image/jpeg',9803,'customers/7.jpg','[]','2025-08-02 02:15:48','2025-08-02 02:15:48',NULL,'public'),(263,0,'8','8',11,'image/jpeg',9803,'customers/8.jpg','[]','2025-08-02 02:15:48','2025-08-02 02:15:48',NULL,'public'),(264,0,'9','9',11,'image/jpeg',9803,'customers/9.jpg','[]','2025-08-02 02:15:48','2025-08-02 02:15:48',NULL,'public'),(265,0,'1','1',12,'image/jpeg',9803,'galleries/1.jpg','[]','2025-08-02 02:15:51','2025-08-02 02:15:51',NULL,'public'),(266,0,'2','2',12,'image/jpeg',9803,'galleries/2.jpg','[]','2025-08-02 02:15:51','2025-08-02 02:15:51',NULL,'public'),(267,0,'3','3',12,'image/jpeg',9803,'galleries/3.jpg','[]','2025-08-02 02:15:51','2025-08-02 02:15:51',NULL,'public'),(268,0,'4','4',12,'image/jpeg',9803,'galleries/4.jpg','[]','2025-08-02 02:15:51','2025-08-02 02:15:51',NULL,'public'),(269,0,'5','5',12,'image/jpeg',9803,'galleries/5.jpg','[]','2025-08-02 02:15:51','2025-08-02 02:15:51',NULL,'public'),(270,0,'6','6',12,'image/jpeg',9803,'galleries/6.jpg','[]','2025-08-02 02:15:51','2025-08-02 02:15:51',NULL,'public'),(278,0,'avatar-1','avatar-1',14,'image/png',674,'testimonials/avatar-1.png','[]','2025-08-02 02:15:52','2025-08-02 02:15:52',NULL,'public'),(279,0,'avatar-2','avatar-2',14,'image/png',674,'testimonials/avatar-2.png','[]','2025-08-02 02:15:52','2025-08-02 02:15:52',NULL,'public'),(280,0,'avatar-3','avatar-3',14,'image/png',674,'testimonials/avatar-3.png','[]','2025-08-02 02:15:52','2025-08-02 02:15:52',NULL,'public'),(281,0,'team-1','team-1',14,'image/jpeg',6202,'testimonials/team-1.jpg','[]','2025-08-02 02:15:52','2025-08-02 02:15:52',NULL,'public'),(282,0,'team-2','team-2',14,'image/jpeg',6202,'testimonials/team-2.jpg','[]','2025-08-02 02:15:52','2025-08-02 02:15:52',NULL,'public'),(283,0,'team-3','team-3',14,'image/jpeg',6202,'testimonials/team-3.jpg','[]','2025-08-02 02:15:52','2025-08-02 02:15:52',NULL,'public'),(284,0,'team-4','team-4',14,'image/jpeg',6202,'testimonials/team-4.jpg','[]','2025-08-02 02:15:52','2025-08-02 02:15:52',NULL,'public');
/*!40000 ALTER TABLE `media_files` ENABLE KEYS */;
UNLOCK TABLES;

--
-- Table structure for table `media_folders`
--

DROP TABLE IF EXISTS `media_folders`;
/*!40101 SET @saved_cs_client     = @@character_set_client */;
/*!50503 SET character_set_client = utf8mb4 */;
CREATE TABLE `media_folders` (
  `id` bigint unsigned NOT NULL AUTO_INCREMENT,
  `user_id` bigint unsigned NOT NULL,
  `name` varchar(191) COLLATE utf8mb4_unicode_ci DEFAULT NULL,
  `color` varchar(191) COLLATE utf8mb4_unicode_ci DEFAULT NULL,
  `slug` varchar(191) COLLATE utf8mb4_unicode_ci DEFAULT NULL,
  `parent_id` bigint unsigned NOT NULL DEFAULT '0',
  `created_at` timestamp NULL DEFAULT NULL,
  `updated_at` timestamp NULL DEFAULT NULL,
  `deleted_at` timestamp NULL DEFAULT NULL,
  PRIMARY KEY (`id`),
  KEY `media_folders_user_id_index` (`user_id`),
  KEY `media_folders_index` (`parent_id`,`user_id`,`created_at`)
) ENGINE=InnoDB AUTO_INCREMENT=15 DEFAULT CHARSET=utf8mb4 COLLATE=utf8mb4_unicode_ci;
/*!40101 SET character_set_client = @saved_cs_client */;

--
-- Dumping data for table `media_folders`
--

LOCK TABLES `media_folders` WRITE;
/*!40000 ALTER TABLE `media_folders` DISABLE KEYS */;
INSERT INTO `media_folders` VALUES (1,0,'general',NULL,'general',0,'2025-08-02 02:15:12','2025-08-02 02:15:12',NULL),(2,0,'payments',NULL,'payments',0,'2025-08-02 02:15:13','2025-08-02 02:15:13',NULL),(3,0,'blog',NULL,'blog',0,'2025-08-02 02:15:14','2025-08-02 02:15:14',NULL),(4,0,'shop',NULL,'shop',0,'2025-08-02 02:15:16','2025-08-02 02:15:16',NULL),(5,0,'banners',NULL,'banners',0,'2025-08-02 02:15:20','2025-08-02 02:15:20',NULL),(6,0,'icons',NULL,'icons',0,'2025-08-02 02:15:25','2025-08-02 02:15:25',NULL),(7,0,'sliders',NULL,'sliders',0,'2025-08-02 02:15:27','2025-08-02 02:15:27',NULL),(8,0,'brands',NULL,'brands',0,'2025-08-02 02:15:30','2025-08-02 02:15:30',NULL),(9,0,'features',NULL,'features',0,'2025-08-02 02:15:32','2025-08-02 02:15:32',NULL),(10,0,'products',NULL,'products',0,'2025-08-02 02:15:33','2025-08-02 02:15:33',NULL),(11,0,'customers',NULL,'customers',0,'2025-08-02 02:15:47','2025-08-02 02:15:47',NULL),(12,0,'galleries',NULL,'galleries',0,'2025-08-02 02:15:51','2025-08-02 02:15:51',NULL),(14,0,'testimonials',NULL,'testimonials',0,'2025-08-02 02:15:52','2025-08-02 02:15:52',NULL);
/*!40000 ALTER TABLE `media_folders` ENABLE KEYS */;
UNLOCK TABLES;

--
-- Table structure for table `media_settings`
--

DROP TABLE IF EXISTS `media_settings`;
/*!40101 SET @saved_cs_client     = @@character_set_client */;
/*!50503 SET character_set_client = utf8mb4 */;
CREATE TABLE `media_settings` (
  `id` bigint unsigned NOT NULL AUTO_INCREMENT,
  `key` varchar(120) COLLATE utf8mb4_unicode_ci NOT NULL,
  `value` text COLLATE utf8mb4_unicode_ci,
  `media_id` bigint unsigned DEFAULT NULL,
  `user_id` bigint unsigned DEFAULT NULL,
  `created_at` timestamp NULL DEFAULT NULL,
  `updated_at` timestamp NULL DEFAULT NULL,
  PRIMARY KEY (`id`)
) ENGINE=InnoDB DEFAULT CHARSET=utf8mb4 COLLATE=utf8mb4_unicode_ci;
/*!40101 SET character_set_client = @saved_cs_client */;

--
-- Dumping data for table `media_settings`
--

LOCK TABLES `media_settings` WRITE;
/*!40000 ALTER TABLE `media_settings` DISABLE KEYS */;
/*!40000 ALTER TABLE `media_settings` ENABLE KEYS */;
UNLOCK TABLES;

--
-- Table structure for table `menu_locations`
--

DROP TABLE IF EXISTS `menu_locations`;
/*!40101 SET @saved_cs_client     = @@character_set_client */;
/*!50503 SET character_set_client = utf8mb4 */;
CREATE TABLE `menu_locations` (
  `id` bigint unsigned NOT NULL AUTO_INCREMENT,
  `menu_id` bigint unsigned NOT NULL,
  `location` varchar(191) COLLATE utf8mb4_unicode_ci NOT NULL,
  `created_at` timestamp NULL DEFAULT NULL,
  `updated_at` timestamp NULL DEFAULT NULL,
  PRIMARY KEY (`id`),
  KEY `menu_locations_menu_id_created_at_index` (`menu_id`,`created_at`)
) ENGINE=InnoDB AUTO_INCREMENT=5 DEFAULT CHARSET=utf8mb4 COLLATE=utf8mb4_unicode_ci;
/*!40101 SET character_set_client = @saved_cs_client */;

--
-- Dumping data for table `menu_locations`
--

LOCK TABLES `menu_locations` WRITE;
/*!40000 ALTER TABLE `menu_locations` DISABLE KEYS */;
INSERT INTO `menu_locations` VALUES (1,1,'main-menu','2025-08-02 02:15:51','2025-08-02 02:15:51'),(2,2,'information','2025-08-02 02:15:51','2025-08-02 02:15:51'),(3,3,'my-account','2025-08-02 02:15:51','2025-08-02 02:15:51'),(4,4,'social-network','2025-08-02 02:15:51','2025-08-02 02:15:51');
/*!40000 ALTER TABLE `menu_locations` ENABLE KEYS */;
UNLOCK TABLES;

--
-- Table structure for table `menu_nodes`
--

DROP TABLE IF EXISTS `menu_nodes`;
/*!40101 SET @saved_cs_client     = @@character_set_client */;
/*!50503 SET character_set_client = utf8mb4 */;
CREATE TABLE `menu_nodes` (
  `id` bigint unsigned NOT NULL AUTO_INCREMENT,
  `menu_id` bigint unsigned NOT NULL,
  `parent_id` bigint unsigned NOT NULL DEFAULT '0',
  `reference_id` bigint unsigned DEFAULT NULL,
  `reference_type` varchar(191) COLLATE utf8mb4_unicode_ci DEFAULT NULL,
  `url` varchar(191) COLLATE utf8mb4_unicode_ci DEFAULT NULL,
  `icon_font` varchar(191) COLLATE utf8mb4_unicode_ci DEFAULT NULL,
  `position` tinyint unsigned NOT NULL DEFAULT '0',
  `title` varchar(191) COLLATE utf8mb4_unicode_ci DEFAULT NULL,
  `css_class` varchar(191) COLLATE utf8mb4_unicode_ci DEFAULT NULL,
  `target` varchar(20) COLLATE utf8mb4_unicode_ci NOT NULL DEFAULT '_self',
  `has_child` tinyint unsigned NOT NULL DEFAULT '0',
  `created_at` timestamp NULL DEFAULT NULL,
  `updated_at` timestamp NULL DEFAULT NULL,
  PRIMARY KEY (`id`),
  KEY `menu_nodes_menu_id_index` (`menu_id`),
  KEY `menu_nodes_parent_id_index` (`parent_id`),
  KEY `reference_id` (`reference_id`),
  KEY `reference_type` (`reference_type`)
) ENGINE=InnoDB AUTO_INCREMENT=40 DEFAULT CHARSET=utf8mb4 COLLATE=utf8mb4_unicode_ci;
/*!40101 SET character_set_client = @saved_cs_client */;

--
-- Dumping data for table `menu_nodes`
--

LOCK TABLES `menu_nodes` WRITE;
/*!40000 ALTER TABLE `menu_nodes` DISABLE KEYS */;
INSERT INTO `menu_nodes` VALUES (1,1,0,NULL,NULL,'/',NULL,0,'Home',NULL,'_self',1,'2025-08-02 02:15:51','2025-08-02 02:15:51'),(2,1,1,1,'Botble\\Page\\Models\\Page','/',NULL,0,'Wooden Home',NULL,'_self',0,'2025-08-02 02:15:51','2025-08-02 02:15:51'),(3,1,1,2,'Botble\\Page\\Models\\Page','/fashion-home',NULL,1,'Fashion Home',NULL,'_self',0,'2025-08-02 02:15:51','2025-08-02 02:15:51'),(4,1,1,3,'Botble\\Page\\Models\\Page','/furniture-home',NULL,2,'Furniture Home',NULL,'_self',0,'2025-08-02 02:15:51','2025-08-02 02:15:51'),(5,1,1,4,'Botble\\Page\\Models\\Page','/cosmetics-home',NULL,3,'Cosmetics Home',NULL,'_self',0,'2025-08-02 02:15:51','2025-08-02 02:15:51'),(6,1,1,5,'Botble\\Page\\Models\\Page','/food-grocery-home',NULL,4,'Food Grocery',NULL,'_self',0,'2025-08-02 02:15:51','2025-08-02 02:15:51'),(7,1,0,NULL,NULL,'/',NULL,1,'Shop',NULL,'_self',1,'2025-08-02 02:15:51','2025-08-02 02:15:51'),(8,1,7,NULL,NULL,'/products',NULL,0,'Shop Grid',NULL,'_self',0,'2025-08-02 02:15:51','2025-08-02 02:15:51'),(9,1,7,NULL,NULL,'/products?layout=list',NULL,1,'Shop List',NULL,'_self',0,'2025-08-02 02:15:51','2025-08-02 02:15:51'),(10,1,7,NULL,NULL,'',NULL,2,'Shop Detail',NULL,'_self',0,'2025-08-02 02:15:51','2025-08-02 02:15:51'),(11,1,7,10,'Botble\\Page\\Models\\Page','/store-locator',NULL,3,'Shop Location',NULL,'_self',0,'2025-08-02 02:15:51','2025-08-02 02:15:51'),(12,1,7,NULL,NULL,'/cart',NULL,4,'Cart',NULL,'_self',0,'2025-08-02 02:15:51','2025-08-02 02:15:51'),(13,1,7,NULL,NULL,'/wishlist',NULL,5,'Wishlist',NULL,'_self',0,'2025-08-02 02:15:51','2025-08-02 02:15:51'),(14,1,0,NULL,NULL,'/',NULL,2,'Pages',NULL,'_self',1,'2025-08-02 02:15:51','2025-08-02 02:15:51'),(15,1,14,NULL,NULL,'/orders/tracking',NULL,0,'Order Tracking',NULL,'_self',0,'2025-08-02 02:15:51','2025-08-02 02:15:51'),(16,1,14,7,'Botble\\Page\\Models\\Page','/about',NULL,1,'About',NULL,'_self',0,'2025-08-02 02:15:51','2025-08-02 02:15:51'),(17,1,14,NULL,NULL,'/register',NULL,2,'Sign up',NULL,'_self',0,'2025-08-02 02:15:51','2025-08-02 02:15:51'),(18,1,14,NULL,NULL,'/login',NULL,3,'Login',NULL,'_self',0,'2025-08-02 02:15:51','2025-08-02 02:15:51'),(19,1,14,NULL,NULL,'/404',NULL,4,'404 / Error',NULL,'_self',0,'2025-08-02 02:15:51','2025-08-02 02:15:51'),(20,1,14,9,'Botble\\Page\\Models\\Page','/coming-soon',NULL,5,'Coming soon',NULL,'_self',0,'2025-08-02 02:15:51','2025-08-02 02:15:51'),(21,1,0,NULL,NULL,'/',NULL,3,'Blog',NULL,'_self',1,'2025-08-02 02:15:51','2025-08-02 02:15:51'),(22,1,21,6,'Botble\\Page\\Models\\Page','/blog',NULL,0,'Blog',NULL,'_self',0,'2025-08-02 02:15:51','2025-08-02 02:15:51'),(23,1,21,NULL,NULL,'',NULL,1,'Blog Detail',NULL,'_self',0,'2025-08-02 02:15:51','2025-08-02 02:15:51'),(24,1,0,8,'Botble\\Page\\Models\\Page','/contact',NULL,4,'Contact',NULL,'_self',0,'2025-08-02 02:15:51','2025-08-02 02:15:51'),(25,2,0,NULL,NULL,'/',NULL,0,'Custom Service',NULL,'_self',0,'2025-08-02 02:15:51','2025-08-02 02:15:51'),(26,2,0,11,'Botble\\Page\\Models\\Page','/faqs',NULL,1,'FAQs',NULL,'_self',0,'2025-08-02 02:15:51','2025-08-02 02:15:51'),(27,2,0,NULL,NULL,'orders/tracking',NULL,2,'Order Tracking',NULL,'_self',0,'2025-08-02 02:15:51','2025-08-02 02:15:51'),(28,2,0,8,'Botble\\Page\\Models\\Page','/contact',NULL,3,'Contact',NULL,'_self',0,'2025-08-02 02:15:51','2025-08-02 02:15:51'),(29,2,0,NULL,NULL,'/',NULL,4,'Events',NULL,'_self',0,'2025-08-02 02:15:51','2025-08-02 02:15:51'),(30,3,0,NULL,NULL,'/',NULL,0,'Delivery Information',NULL,'_self',0,'2025-08-02 02:15:51','2025-08-02 02:15:51'),(31,3,0,NULL,NULL,'/',NULL,1,'Privacy Policy',NULL,'_self',0,'2025-08-02 02:15:51','2025-08-02 02:15:51'),(32,3,0,NULL,NULL,'/',NULL,2,'Discount',NULL,'_self',0,'2025-08-02 02:15:51','2025-08-02 02:15:51'),(33,3,0,NULL,NULL,'/',NULL,3,'Custom Service',NULL,'_self',0,'2025-08-02 02:15:51','2025-08-02 02:15:51'),(34,3,0,NULL,NULL,'/',NULL,4,'Terms & Condition',NULL,'_self',0,'2025-08-02 02:15:51','2025-08-02 02:15:51'),(35,4,0,NULL,NULL,'https://facebook.com','ti ti-brand-facebook',0,'Facebook',NULL,'_self',0,'2025-08-02 02:15:51','2025-08-02 02:15:51'),(36,4,0,NULL,NULL,'https://dribbble.com','ti ti-brand-dribbble',1,'Dribble',NULL,'_self',0,'2025-08-02 02:15:51','2025-08-02 02:15:51'),(37,4,0,NULL,NULL,'https://x.com','ti ti-brand-x',2,'X (Twitter)',NULL,'_self',0,'2025-08-02 02:15:51','2025-08-02 02:15:51'),(38,4,0,NULL,NULL,'https://behance.com','ti ti-brand-behance',3,'Behance',NULL,'_self',0,'2025-08-02 02:15:51','2025-08-02 02:15:51'),(39,4,0,NULL,NULL,'https://youtube.com','ti ti-brand-youtube',4,'YouTube',NULL,'_self',0,'2025-08-02 02:15:51','2025-08-02 02:15:51');
/*!40000 ALTER TABLE `menu_nodes` ENABLE KEYS */;
UNLOCK TABLES;

--
-- Table structure for table `menus`
--

DROP TABLE IF EXISTS `menus`;
/*!40101 SET @saved_cs_client     = @@character_set_client */;
/*!50503 SET character_set_client = utf8mb4 */;
CREATE TABLE `menus` (
  `id` bigint unsigned NOT NULL AUTO_INCREMENT,
  `name` varchar(120) COLLATE utf8mb4_unicode_ci NOT NULL,
  `slug` varchar(120) COLLATE utf8mb4_unicode_ci DEFAULT NULL,
  `status` varchar(60) COLLATE utf8mb4_unicode_ci NOT NULL DEFAULT 'published',
  `created_at` timestamp NULL DEFAULT NULL,
  `updated_at` timestamp NULL DEFAULT NULL,
  PRIMARY KEY (`id`),
  UNIQUE KEY `menus_slug_unique` (`slug`)
) ENGINE=InnoDB AUTO_INCREMENT=5 DEFAULT CHARSET=utf8mb4 COLLATE=utf8mb4_unicode_ci;
/*!40101 SET character_set_client = @saved_cs_client */;

--
-- Dumping data for table `menus`
--

LOCK TABLES `menus` WRITE;
/*!40000 ALTER TABLE `menus` DISABLE KEYS */;
INSERT INTO `menus` VALUES (1,'Main menu','main-menu','published','2025-08-02 02:15:51','2025-08-02 02:15:51'),(2,'Information','information','published','2025-08-02 02:15:51','2025-08-02 02:15:51'),(3,'My Account','my-account','published','2025-08-02 02:15:51','2025-08-02 02:15:51'),(4,'Social Network','social-network','published','2025-08-02 02:15:51','2025-08-02 02:15:51');
/*!40000 ALTER TABLE `menus` ENABLE KEYS */;
UNLOCK TABLES;

--
-- Table structure for table `meta_boxes`
--

DROP TABLE IF EXISTS `meta_boxes`;
/*!40101 SET @saved_cs_client     = @@character_set_client */;
/*!50503 SET character_set_client = utf8mb4 */;
CREATE TABLE `meta_boxes` (
  `id` bigint unsigned NOT NULL AUTO_INCREMENT,
  `meta_key` varchar(191) COLLATE utf8mb4_unicode_ci NOT NULL,
  `meta_value` text COLLATE utf8mb4_unicode_ci,
  `reference_id` bigint unsigned NOT NULL,
  `reference_type` varchar(120) COLLATE utf8mb4_unicode_ci NOT NULL,
  `created_at` timestamp NULL DEFAULT NULL,
  `updated_at` timestamp NULL DEFAULT NULL,
  PRIMARY KEY (`id`),
  KEY `meta_boxes_reference_id_index` (`reference_id`)
) ENGINE=InnoDB AUTO_INCREMENT=145 DEFAULT CHARSET=utf8mb4 COLLATE=utf8mb4_unicode_ci;
/*!40101 SET character_set_client = @saved_cs_client */;

--
-- Dumping data for table `meta_boxes`
--

LOCK TABLES `meta_boxes` WRITE;
/*!40000 ALTER TABLE `meta_boxes` DISABLE KEYS */;
INSERT INTO `meta_boxes` VALUES (1,'header_style','[\"collapsed\"]',1,'Botble\\Page\\Models\\Page','2025-08-02 02:15:19','2025-08-02 02:15:19'),(2,'customize_footer','[\"custom\"]',2,'Botble\\Page\\Models\\Page','2025-08-02 02:15:19','2025-08-02 02:15:19'),(3,'footer_background_color','[\"#040404\"]',2,'Botble\\Page\\Models\\Page','2025-08-02 02:15:19','2025-08-02 02:15:19'),(4,'footer_text_color','[\"#fff\"]',2,'Botble\\Page\\Models\\Page','2025-08-02 02:15:19','2025-08-02 02:15:19'),(5,'footer_text_muted_color','[\"#a0a0a0\"]',2,'Botble\\Page\\Models\\Page','2025-08-02 02:15:19','2025-08-02 02:15:19'),(6,'footer_logo','[\"general\\/logo-white.png\"]',2,'Botble\\Page\\Models\\Page','2025-08-02 02:15:19','2025-08-02 02:15:19'),(7,'footer_border_color','[\"#282828\"]',2,'Botble\\Page\\Models\\Page','2025-08-02 02:15:19','2025-08-02 02:15:19'),(8,'footer_bottom_background_color','[\"#040404\"]',2,'Botble\\Page\\Models\\Page','2025-08-02 02:15:20','2025-08-02 02:15:20'),(9,'customize_footer','[\"custom\"]',3,'Botble\\Page\\Models\\Page','2025-08-02 02:15:20','2025-08-02 02:15:20'),(10,'footer_bottom_background_color','[\"#f8f8f8\"]',3,'Botble\\Page\\Models\\Page','2025-08-02 02:15:20','2025-08-02 02:15:20'),(11,'header_style','[\"centered-logo\"]',4,'Botble\\Page\\Models\\Page','2025-08-02 02:15:20','2025-08-02 02:15:20'),(12,'customize_footer','[\"custom\"]',4,'Botble\\Page\\Models\\Page','2025-08-02 02:15:20','2025-08-02 02:15:20'),(13,'footer_background_color','[\"#F7EFEC\"]',4,'Botble\\Page\\Models\\Page','2025-08-02 02:15:20','2025-08-02 02:15:20'),(14,'footer_bottom_background_color','[\"#F7EFEC\"]',4,'Botble\\Page\\Models\\Page','2025-08-02 02:15:20','2025-08-02 02:15:20'),(15,'customize_footer','[\"custom\"]',5,'Botble\\Page\\Models\\Page','2025-08-02 02:15:20','2025-08-02 02:15:20'),(16,'footer_background_color','[\"#F7EFEC\"]',5,'Botble\\Page\\Models\\Page','2025-08-02 02:15:20','2025-08-02 02:15:20'),(17,'footer_bottom_background_color','[\"#F7EFEC\"]',5,'Botble\\Page\\Models\\Page','2025-08-02 02:15:20','2025-08-02 02:15:20'),(18,'customize_footer','[\"custom\"]',7,'Botble\\Page\\Models\\Page','2025-08-02 02:15:20','2025-08-02 02:15:20'),(19,'footer_background_color','[\"#040404\"]',7,'Botble\\Page\\Models\\Page','2025-08-02 02:15:20','2025-08-02 02:15:20'),(20,'footer_text_color','[\"#fff\"]',7,'Botble\\Page\\Models\\Page','2025-08-02 02:15:20','2025-08-02 02:15:20'),(21,'footer_text_muted_color','[\"#a0a0a0\"]',7,'Botble\\Page\\Models\\Page','2025-08-02 02:15:20','2025-08-02 02:15:20'),(22,'footer_logo','[\"general\\/logo-white.png\"]',7,'Botble\\Page\\Models\\Page','2025-08-02 02:15:20','2025-08-02 02:15:20'),(23,'footer_border_color','[\"#282828\"]',7,'Botble\\Page\\Models\\Page','2025-08-02 02:15:20','2025-08-02 02:15:20'),(24,'footer_bottom_background_color','[\"#040404\"]',7,'Botble\\Page\\Models\\Page','2025-08-02 02:15:20','2025-08-02 02:15:20'),(25,'subtitle','[\"Accessories\"]',1,'Botble\\SimpleSlider\\Models\\SimpleSliderItem','2025-08-02 02:15:30','2025-08-02 02:15:30'),(26,'action_label','[\"Shop Now\"]',1,'Botble\\SimpleSlider\\Models\\SimpleSliderItem','2025-08-02 02:15:30','2025-08-02 02:15:30'),(27,'subtitle','[\"Accessories\"]',2,'Botble\\SimpleSlider\\Models\\SimpleSliderItem','2025-08-02 02:15:30','2025-08-02 02:15:30'),(28,'action_label','[\"Shop Now\"]',2,'Botble\\SimpleSlider\\Models\\SimpleSliderItem','2025-08-02 02:15:30','2025-08-02 02:15:30'),(29,'subtitle','[\"Accessories\"]',3,'Botble\\SimpleSlider\\Models\\SimpleSliderItem','2025-08-02 02:15:30','2025-08-02 02:15:30'),(30,'action_label','[\"Shop Now\"]',3,'Botble\\SimpleSlider\\Models\\SimpleSliderItem','2025-08-02 02:15:30','2025-08-02 02:15:30'),(31,'subtitle','[\"Winter\"]',4,'Botble\\SimpleSlider\\Models\\SimpleSliderItem','2025-08-02 02:15:30','2025-08-02 02:15:30'),(32,'action_label','[\"Shop Now\"]',4,'Botble\\SimpleSlider\\Models\\SimpleSliderItem','2025-08-02 02:15:30','2025-08-02 02:15:30'),(33,'subtitle','[\"Winter\"]',5,'Botble\\SimpleSlider\\Models\\SimpleSliderItem','2025-08-02 02:15:30','2025-08-02 02:15:30'),(34,'action_label','[\"Shop Now\"]',5,'Botble\\SimpleSlider\\Models\\SimpleSliderItem','2025-08-02 02:15:30','2025-08-02 02:15:30'),(35,'subtitle','[\"Winter\"]',6,'Botble\\SimpleSlider\\Models\\SimpleSliderItem','2025-08-02 02:15:30','2025-08-02 02:15:30'),(36,'action_label','[\"Shop Now\"]',6,'Botble\\SimpleSlider\\Models\\SimpleSliderItem','2025-08-02 02:15:30','2025-08-02 02:15:30'),(37,'subtitle','[null]',7,'Botble\\SimpleSlider\\Models\\SimpleSliderItem','2025-08-02 02:15:30','2025-08-02 02:15:30'),(38,'action_label','[\"Shop Now\"]',7,'Botble\\SimpleSlider\\Models\\SimpleSliderItem','2025-08-02 02:15:30','2025-08-02 02:15:30'),(39,'subtitle','[\"New Modern Stylist Fashionable Women\'s Wear holder\"]',8,'Botble\\SimpleSlider\\Models\\SimpleSliderItem','2025-08-02 02:15:30','2025-08-02 02:15:30'),(40,'action_label','[\"Shop Now\"]',8,'Botble\\SimpleSlider\\Models\\SimpleSliderItem','2025-08-02 02:15:30','2025-08-02 02:15:30'),(41,'subtitle','[\"New Modern Stylist Fashionable Women\'s Wear holder\"]',9,'Botble\\SimpleSlider\\Models\\SimpleSliderItem','2025-08-02 02:15:30','2025-08-02 02:15:30'),(42,'action_label','[\"Shop Now\"]',9,'Botble\\SimpleSlider\\Models\\SimpleSliderItem','2025-08-02 02:15:30','2025-08-02 02:15:30'),(43,'subtitle','[null]',10,'Botble\\SimpleSlider\\Models\\SimpleSliderItem','2025-08-02 02:15:30','2025-08-02 02:15:30'),(44,'action_label','[\"Shop Now\"]',10,'Botble\\SimpleSlider\\Models\\SimpleSliderItem','2025-08-02 02:15:30','2025-08-02 02:15:30'),(45,'subtitle','[null]',11,'Botble\\SimpleSlider\\Models\\SimpleSliderItem','2025-08-02 02:15:30','2025-08-02 02:15:30'),(46,'action_label','[\"Shop Now\"]',11,'Botble\\SimpleSlider\\Models\\SimpleSliderItem','2025-08-02 02:15:30','2025-08-02 02:15:30'),(47,'subtitle','[null]',12,'Botble\\SimpleSlider\\Models\\SimpleSliderItem','2025-08-02 02:15:30','2025-08-02 02:15:30'),(48,'action_label','[\"Shop Now\"]',12,'Botble\\SimpleSlider\\Models\\SimpleSliderItem','2025-08-02 02:15:30','2025-08-02 02:15:30'),(49,'subtitle','[null]',13,'Botble\\SimpleSlider\\Models\\SimpleSliderItem','2025-08-02 02:15:30','2025-08-02 02:15:30'),(50,'action_label','[\"Shop Now\"]',13,'Botble\\SimpleSlider\\Models\\SimpleSliderItem','2025-08-02 02:15:30','2025-08-02 02:15:30'),(51,'subtitle','[null]',14,'Botble\\SimpleSlider\\Models\\SimpleSliderItem','2025-08-02 02:15:30','2025-08-02 02:15:30'),(52,'action_label','[\"Shop Now\"]',14,'Botble\\SimpleSlider\\Models\\SimpleSliderItem','2025-08-02 02:15:30','2025-08-02 02:15:30'),(53,'subtitle','[null]',15,'Botble\\SimpleSlider\\Models\\SimpleSliderItem','2025-08-02 02:15:30','2025-08-02 02:15:30'),(54,'action_label','[\"Shop Now\"]',15,'Botble\\SimpleSlider\\Models\\SimpleSliderItem','2025-08-02 02:15:30','2025-08-02 02:15:30'),(55,'subtitle','[\"Collection\"]',3,'Botble\\Ads\\Models\\Ads','2025-08-02 02:15:30','2025-08-02 02:15:30'),(56,'subtitle','[\"New Modern Stylist Fashionable <br> Women\'s Wear holder\"]',4,'Botble\\Ads\\Models\\Ads','2025-08-02 02:15:30','2025-08-02 02:15:30'),(57,'subtitle','[\"Furniture\"]',5,'Botble\\Ads\\Models\\Ads','2025-08-02 02:15:30','2025-08-02 02:15:30'),(58,'subtitle','[\"100 Added\"]',6,'Botble\\Ads\\Models\\Ads','2025-08-02 02:15:30','2025-08-02 02:15:30'),(59,'subtitle','[\"-60% Offer\"]',7,'Botble\\Ads\\Models\\Ads','2025-08-02 02:15:30','2025-08-02 02:15:30'),(60,'subtitle','[\"Best Bakery Products\"]',8,'Botble\\Ads\\Models\\Ads','2025-08-02 02:15:30','2025-08-02 02:15:30'),(61,'subtitle','[\"Best Bakery Products\"]',9,'Botble\\Ads\\Models\\Ads','2025-08-02 02:15:30','2025-08-02 02:15:30'),(62,'faq_schema_config','[[[{\"key\":\"question\",\"value\":\"What Shipping Methods Are Available?\"},{\"key\":\"answer\",\"value\":\"Ex Portland Pitchfork irure mustache. Eutra fap before they sold out literally. Aliquip ugh bicycle rights actually mlkshk, seitan squid craft beer tempor.\"}],[{\"key\":\"question\",\"value\":\"Do You Ship Internationally?\"},{\"key\":\"answer\",\"value\":\"Hoodie tote bag mixtape tofu. Typewriter jean shorts wolf quinoa, messenger bag organic freegan cray.\"}],[{\"key\":\"question\",\"value\":\"How Long Will It Take To Get My Package?\"},{\"key\":\"answer\",\"value\":\"Swag slow-carb quinoa VHS typewriter pork belly brunch, paleo single-origin coffee Wes Anderson. Flexitarian Pitchfork forage, literally paleo fap pour-over. Wes Anderson Pinterest YOLO fanny pack meggings, deep v XOXO chambray sustainable slow-carb raw denim church-key fap chillwave Etsy. +1 typewriter kitsch, American Apparel tofu Banksy Vice.\"}],[{\"key\":\"question\",\"value\":\"What Payment Methods Are Accepted?\"},{\"key\":\"answer\",\"value\":\"Fashion axe DIY jean shorts, swag kale chips meh polaroid kogi butcher Wes Anderson chambray next level semiotics gentrify yr. Voluptate photo booth fugiat Vice. Austin sed Williamsburg, ea labore raw denim voluptate cred proident mixtape excepteur mustache. Twee chia photo booth readymade food truck, hoodie roof party swag keytar PBR DIY.\"}],[{\"key\":\"question\",\"value\":\"Is Buying On-Line Safe?\"},{\"key\":\"answer\",\"value\":\"Art party authentic freegan semiotics jean shorts chia cred. Neutra Austin roof party Brooklyn, synth Thundercats swag 8-bit photo booth. Plaid letterpress leggings craft beer meh ethical Pinterest.\"}]]]',1,'Botble\\Ecommerce\\Models\\Product','2025-08-02 02:15:43','2025-08-02 02:15:43'),(63,'faq_schema_config','[[[{\"key\":\"question\",\"value\":\"What Shipping Methods Are Available?\"},{\"key\":\"answer\",\"value\":\"Ex Portland Pitchfork irure mustache. Eutra fap before they sold out literally. Aliquip ugh bicycle rights actually mlkshk, seitan squid craft beer tempor.\"}],[{\"key\":\"question\",\"value\":\"Do You Ship Internationally?\"},{\"key\":\"answer\",\"value\":\"Hoodie tote bag mixtape tofu. Typewriter jean shorts wolf quinoa, messenger bag organic freegan cray.\"}],[{\"key\":\"question\",\"value\":\"How Long Will It Take To Get My Package?\"},{\"key\":\"answer\",\"value\":\"Swag slow-carb quinoa VHS typewriter pork belly brunch, paleo single-origin coffee Wes Anderson. Flexitarian Pitchfork forage, literally paleo fap pour-over. Wes Anderson Pinterest YOLO fanny pack meggings, deep v XOXO chambray sustainable slow-carb raw denim church-key fap chillwave Etsy. +1 typewriter kitsch, American Apparel tofu Banksy Vice.\"}],[{\"key\":\"question\",\"value\":\"What Payment Methods Are Accepted?\"},{\"key\":\"answer\",\"value\":\"Fashion axe DIY jean shorts, swag kale chips meh polaroid kogi butcher Wes Anderson chambray next level semiotics gentrify yr. Voluptate photo booth fugiat Vice. Austin sed Williamsburg, ea labore raw denim voluptate cred proident mixtape excepteur mustache. Twee chia photo booth readymade food truck, hoodie roof party swag keytar PBR DIY.\"}],[{\"key\":\"question\",\"value\":\"Is Buying On-Line Safe?\"},{\"key\":\"answer\",\"value\":\"Art party authentic freegan semiotics jean shorts chia cred. Neutra Austin roof party Brooklyn, synth Thundercats swag 8-bit photo booth. Plaid letterpress leggings craft beer meh ethical Pinterest.\"}]]]',2,'Botble\\Ecommerce\\Models\\Product','2025-08-02 02:15:43','2025-08-02 02:15:43'),(64,'faq_schema_config','[[[{\"key\":\"question\",\"value\":\"What Shipping Methods Are Available?\"},{\"key\":\"answer\",\"value\":\"Ex Portland Pitchfork irure mustache. Eutra fap before they sold out literally. Aliquip ugh bicycle rights actually mlkshk, seitan squid craft beer tempor.\"}],[{\"key\":\"question\",\"value\":\"Do You Ship Internationally?\"},{\"key\":\"answer\",\"value\":\"Hoodie tote bag mixtape tofu. Typewriter jean shorts wolf quinoa, messenger bag organic freegan cray.\"}],[{\"key\":\"question\",\"value\":\"How Long Will It Take To Get My Package?\"},{\"key\":\"answer\",\"value\":\"Swag slow-carb quinoa VHS typewriter pork belly brunch, paleo single-origin coffee Wes Anderson. Flexitarian Pitchfork forage, literally paleo fap pour-over. Wes Anderson Pinterest YOLO fanny pack meggings, deep v XOXO chambray sustainable slow-carb raw denim church-key fap chillwave Etsy. +1 typewriter kitsch, American Apparel tofu Banksy Vice.\"}],[{\"key\":\"question\",\"value\":\"What Payment Methods Are Accepted?\"},{\"key\":\"answer\",\"value\":\"Fashion axe DIY jean shorts, swag kale chips meh polaroid kogi butcher Wes Anderson chambray next level semiotics gentrify yr. Voluptate photo booth fugiat Vice. Austin sed Williamsburg, ea labore raw denim voluptate cred proident mixtape excepteur mustache. Twee chia photo booth readymade food truck, hoodie roof party swag keytar PBR DIY.\"}],[{\"key\":\"question\",\"value\":\"Is Buying On-Line Safe?\"},{\"key\":\"answer\",\"value\":\"Art party authentic freegan semiotics jean shorts chia cred. Neutra Austin roof party Brooklyn, synth Thundercats swag 8-bit photo booth. Plaid letterpress leggings craft beer meh ethical Pinterest.\"}]]]',3,'Botble\\Ecommerce\\Models\\Product','2025-08-02 02:15:43','2025-08-02 02:15:43'),(65,'faq_schema_config','[[[{\"key\":\"question\",\"value\":\"What Shipping Methods Are Available?\"},{\"key\":\"answer\",\"value\":\"Ex Portland Pitchfork irure mustache. Eutra fap before they sold out literally. Aliquip ugh bicycle rights actually mlkshk, seitan squid craft beer tempor.\"}],[{\"key\":\"question\",\"value\":\"Do You Ship Internationally?\"},{\"key\":\"answer\",\"value\":\"Hoodie tote bag mixtape tofu. Typewriter jean shorts wolf quinoa, messenger bag organic freegan cray.\"}],[{\"key\":\"question\",\"value\":\"How Long Will It Take To Get My Package?\"},{\"key\":\"answer\",\"value\":\"Swag slow-carb quinoa VHS typewriter pork belly brunch, paleo single-origin coffee Wes Anderson. Flexitarian Pitchfork forage, literally paleo fap pour-over. Wes Anderson Pinterest YOLO fanny pack meggings, deep v XOXO chambray sustainable slow-carb raw denim church-key fap chillwave Etsy. +1 typewriter kitsch, American Apparel tofu Banksy Vice.\"}],[{\"key\":\"question\",\"value\":\"What Payment Methods Are Accepted?\"},{\"key\":\"answer\",\"value\":\"Fashion axe DIY jean shorts, swag kale chips meh polaroid kogi butcher Wes Anderson chambray next level semiotics gentrify yr. Voluptate photo booth fugiat Vice. Austin sed Williamsburg, ea labore raw denim voluptate cred proident mixtape excepteur mustache. Twee chia photo booth readymade food truck, hoodie roof party swag keytar PBR DIY.\"}],[{\"key\":\"question\",\"value\":\"Is Buying On-Line Safe?\"},{\"key\":\"answer\",\"value\":\"Art party authentic freegan semiotics jean shorts chia cred. Neutra Austin roof party Brooklyn, synth Thundercats swag 8-bit photo booth. Plaid letterpress leggings craft beer meh ethical Pinterest.\"}]]]',4,'Botble\\Ecommerce\\Models\\Product','2025-08-02 02:15:43','2025-08-02 02:15:43'),(66,'faq_schema_config','[[[{\"key\":\"question\",\"value\":\"What Shipping Methods Are Available?\"},{\"key\":\"answer\",\"value\":\"Ex Portland Pitchfork irure mustache. Eutra fap before they sold out literally. Aliquip ugh bicycle rights actually mlkshk, seitan squid craft beer tempor.\"}],[{\"key\":\"question\",\"value\":\"Do You Ship Internationally?\"},{\"key\":\"answer\",\"value\":\"Hoodie tote bag mixtape tofu. Typewriter jean shorts wolf quinoa, messenger bag organic freegan cray.\"}],[{\"key\":\"question\",\"value\":\"How Long Will It Take To Get My Package?\"},{\"key\":\"answer\",\"value\":\"Swag slow-carb quinoa VHS typewriter pork belly brunch, paleo single-origin coffee Wes Anderson. Flexitarian Pitchfork forage, literally paleo fap pour-over. Wes Anderson Pinterest YOLO fanny pack meggings, deep v XOXO chambray sustainable slow-carb raw denim church-key fap chillwave Etsy. +1 typewriter kitsch, American Apparel tofu Banksy Vice.\"}],[{\"key\":\"question\",\"value\":\"What Payment Methods Are Accepted?\"},{\"key\":\"answer\",\"value\":\"Fashion axe DIY jean shorts, swag kale chips meh polaroid kogi butcher Wes Anderson chambray next level semiotics gentrify yr. Voluptate photo booth fugiat Vice. Austin sed Williamsburg, ea labore raw denim voluptate cred proident mixtape excepteur mustache. Twee chia photo booth readymade food truck, hoodie roof party swag keytar PBR DIY.\"}],[{\"key\":\"question\",\"value\":\"Is Buying On-Line Safe?\"},{\"key\":\"answer\",\"value\":\"Art party authentic freegan semiotics jean shorts chia cred. Neutra Austin roof party Brooklyn, synth Thundercats swag 8-bit photo booth. Plaid letterpress leggings craft beer meh ethical Pinterest.\"}]]]',5,'Botble\\Ecommerce\\Models\\Product','2025-08-02 02:15:43','2025-08-02 02:15:43'),(67,'faq_schema_config','[[[{\"key\":\"question\",\"value\":\"What Shipping Methods Are Available?\"},{\"key\":\"answer\",\"value\":\"Ex Portland Pitchfork irure mustache. Eutra fap before they sold out literally. Aliquip ugh bicycle rights actually mlkshk, seitan squid craft beer tempor.\"}],[{\"key\":\"question\",\"value\":\"Do You Ship Internationally?\"},{\"key\":\"answer\",\"value\":\"Hoodie tote bag mixtape tofu. Typewriter jean shorts wolf quinoa, messenger bag organic freegan cray.\"}],[{\"key\":\"question\",\"value\":\"How Long Will It Take To Get My Package?\"},{\"key\":\"answer\",\"value\":\"Swag slow-carb quinoa VHS typewriter pork belly brunch, paleo single-origin coffee Wes Anderson. Flexitarian Pitchfork forage, literally paleo fap pour-over. Wes Anderson Pinterest YOLO fanny pack meggings, deep v XOXO chambray sustainable slow-carb raw denim church-key fap chillwave Etsy. +1 typewriter kitsch, American Apparel tofu Banksy Vice.\"}],[{\"key\":\"question\",\"value\":\"What Payment Methods Are Accepted?\"},{\"key\":\"answer\",\"value\":\"Fashion axe DIY jean shorts, swag kale chips meh polaroid kogi butcher Wes Anderson chambray next level semiotics gentrify yr. Voluptate photo booth fugiat Vice. Austin sed Williamsburg, ea labore raw denim voluptate cred proident mixtape excepteur mustache. Twee chia photo booth readymade food truck, hoodie roof party swag keytar PBR DIY.\"}],[{\"key\":\"question\",\"value\":\"Is Buying On-Line Safe?\"},{\"key\":\"answer\",\"value\":\"Art party authentic freegan semiotics jean shorts chia cred. Neutra Austin roof party Brooklyn, synth Thundercats swag 8-bit photo booth. Plaid letterpress leggings craft beer meh ethical Pinterest.\"}]]]',6,'Botble\\Ecommerce\\Models\\Product','2025-08-02 02:15:43','2025-08-02 02:15:43'),(68,'faq_schema_config','[[[{\"key\":\"question\",\"value\":\"What Shipping Methods Are Available?\"},{\"key\":\"answer\",\"value\":\"Ex Portland Pitchfork irure mustache. Eutra fap before they sold out literally. Aliquip ugh bicycle rights actually mlkshk, seitan squid craft beer tempor.\"}],[{\"key\":\"question\",\"value\":\"Do You Ship Internationally?\"},{\"key\":\"answer\",\"value\":\"Hoodie tote bag mixtape tofu. Typewriter jean shorts wolf quinoa, messenger bag organic freegan cray.\"}],[{\"key\":\"question\",\"value\":\"How Long Will It Take To Get My Package?\"},{\"key\":\"answer\",\"value\":\"Swag slow-carb quinoa VHS typewriter pork belly brunch, paleo single-origin coffee Wes Anderson. Flexitarian Pitchfork forage, literally paleo fap pour-over. Wes Anderson Pinterest YOLO fanny pack meggings, deep v XOXO chambray sustainable slow-carb raw denim church-key fap chillwave Etsy. +1 typewriter kitsch, American Apparel tofu Banksy Vice.\"}],[{\"key\":\"question\",\"value\":\"What Payment Methods Are Accepted?\"},{\"key\":\"answer\",\"value\":\"Fashion axe DIY jean shorts, swag kale chips meh polaroid kogi butcher Wes Anderson chambray next level semiotics gentrify yr. Voluptate photo booth fugiat Vice. Austin sed Williamsburg, ea labore raw denim voluptate cred proident mixtape excepteur mustache. Twee chia photo booth readymade food truck, hoodie roof party swag keytar PBR DIY.\"}],[{\"key\":\"question\",\"value\":\"Is Buying On-Line Safe?\"},{\"key\":\"answer\",\"value\":\"Art party authentic freegan semiotics jean shorts chia cred. Neutra Austin roof party Brooklyn, synth Thundercats swag 8-bit photo booth. Plaid letterpress leggings craft beer meh ethical Pinterest.\"}]]]',7,'Botble\\Ecommerce\\Models\\Product','2025-08-02 02:15:43','2025-08-02 02:15:43'),(69,'faq_schema_config','[[[{\"key\":\"question\",\"value\":\"What Shipping Methods Are Available?\"},{\"key\":\"answer\",\"value\":\"Ex Portland Pitchfork irure mustache. Eutra fap before they sold out literally. Aliquip ugh bicycle rights actually mlkshk, seitan squid craft beer tempor.\"}],[{\"key\":\"question\",\"value\":\"Do You Ship Internationally?\"},{\"key\":\"answer\",\"value\":\"Hoodie tote bag mixtape tofu. Typewriter jean shorts wolf quinoa, messenger bag organic freegan cray.\"}],[{\"key\":\"question\",\"value\":\"How Long Will It Take To Get My Package?\"},{\"key\":\"answer\",\"value\":\"Swag slow-carb quinoa VHS typewriter pork belly brunch, paleo single-origin coffee Wes Anderson. Flexitarian Pitchfork forage, literally paleo fap pour-over. Wes Anderson Pinterest YOLO fanny pack meggings, deep v XOXO chambray sustainable slow-carb raw denim church-key fap chillwave Etsy. +1 typewriter kitsch, American Apparel tofu Banksy Vice.\"}],[{\"key\":\"question\",\"value\":\"What Payment Methods Are Accepted?\"},{\"key\":\"answer\",\"value\":\"Fashion axe DIY jean shorts, swag kale chips meh polaroid kogi butcher Wes Anderson chambray next level semiotics gentrify yr. Voluptate photo booth fugiat Vice. Austin sed Williamsburg, ea labore raw denim voluptate cred proident mixtape excepteur mustache. Twee chia photo booth readymade food truck, hoodie roof party swag keytar PBR DIY.\"}],[{\"key\":\"question\",\"value\":\"Is Buying On-Line Safe?\"},{\"key\":\"answer\",\"value\":\"Art party authentic freegan semiotics jean shorts chia cred. Neutra Austin roof party Brooklyn, synth Thundercats swag 8-bit photo booth. Plaid letterpress leggings craft beer meh ethical Pinterest.\"}]]]',8,'Botble\\Ecommerce\\Models\\Product','2025-08-02 02:15:44','2025-08-02 02:15:44'),(70,'faq_schema_config','[[[{\"key\":\"question\",\"value\":\"What Shipping Methods Are Available?\"},{\"key\":\"answer\",\"value\":\"Ex Portland Pitchfork irure mustache. Eutra fap before they sold out literally. Aliquip ugh bicycle rights actually mlkshk, seitan squid craft beer tempor.\"}],[{\"key\":\"question\",\"value\":\"Do You Ship Internationally?\"},{\"key\":\"answer\",\"value\":\"Hoodie tote bag mixtape tofu. Typewriter jean shorts wolf quinoa, messenger bag organic freegan cray.\"}],[{\"key\":\"question\",\"value\":\"How Long Will It Take To Get My Package?\"},{\"key\":\"answer\",\"value\":\"Swag slow-carb quinoa VHS typewriter pork belly brunch, paleo single-origin coffee Wes Anderson. Flexitarian Pitchfork forage, literally paleo fap pour-over. Wes Anderson Pinterest YOLO fanny pack meggings, deep v XOXO chambray sustainable slow-carb raw denim church-key fap chillwave Etsy. +1 typewriter kitsch, American Apparel tofu Banksy Vice.\"}],[{\"key\":\"question\",\"value\":\"What Payment Methods Are Accepted?\"},{\"key\":\"answer\",\"value\":\"Fashion axe DIY jean shorts, swag kale chips meh polaroid kogi butcher Wes Anderson chambray next level semiotics gentrify yr. Voluptate photo booth fugiat Vice. Austin sed Williamsburg, ea labore raw denim voluptate cred proident mixtape excepteur mustache. Twee chia photo booth readymade food truck, hoodie roof party swag keytar PBR DIY.\"}],[{\"key\":\"question\",\"value\":\"Is Buying On-Line Safe?\"},{\"key\":\"answer\",\"value\":\"Art party authentic freegan semiotics jean shorts chia cred. Neutra Austin roof party Brooklyn, synth Thundercats swag 8-bit photo booth. Plaid letterpress leggings craft beer meh ethical Pinterest.\"}]]]',9,'Botble\\Ecommerce\\Models\\Product','2025-08-02 02:15:44','2025-08-02 02:15:44'),(71,'faq_schema_config','[[[{\"key\":\"question\",\"value\":\"What Shipping Methods Are Available?\"},{\"key\":\"answer\",\"value\":\"Ex Portland Pitchfork irure mustache. Eutra fap before they sold out literally. Aliquip ugh bicycle rights actually mlkshk, seitan squid craft beer tempor.\"}],[{\"key\":\"question\",\"value\":\"Do You Ship Internationally?\"},{\"key\":\"answer\",\"value\":\"Hoodie tote bag mixtape tofu. Typewriter jean shorts wolf quinoa, messenger bag organic freegan cray.\"}],[{\"key\":\"question\",\"value\":\"How Long Will It Take To Get My Package?\"},{\"key\":\"answer\",\"value\":\"Swag slow-carb quinoa VHS typewriter pork belly brunch, paleo single-origin coffee Wes Anderson. Flexitarian Pitchfork forage, literally paleo fap pour-over. Wes Anderson Pinterest YOLO fanny pack meggings, deep v XOXO chambray sustainable slow-carb raw denim church-key fap chillwave Etsy. +1 typewriter kitsch, American Apparel tofu Banksy Vice.\"}],[{\"key\":\"question\",\"value\":\"What Payment Methods Are Accepted?\"},{\"key\":\"answer\",\"value\":\"Fashion axe DIY jean shorts, swag kale chips meh polaroid kogi butcher Wes Anderson chambray next level semiotics gentrify yr. Voluptate photo booth fugiat Vice. Austin sed Williamsburg, ea labore raw denim voluptate cred proident mixtape excepteur mustache. Twee chia photo booth readymade food truck, hoodie roof party swag keytar PBR DIY.\"}],[{\"key\":\"question\",\"value\":\"Is Buying On-Line Safe?\"},{\"key\":\"answer\",\"value\":\"Art party authentic freegan semiotics jean shorts chia cred. Neutra Austin roof party Brooklyn, synth Thundercats swag 8-bit photo booth. Plaid letterpress leggings craft beer meh ethical Pinterest.\"}]]]',10,'Botble\\Ecommerce\\Models\\Product','2025-08-02 02:15:44','2025-08-02 02:15:44'),(72,'faq_schema_config','[[[{\"key\":\"question\",\"value\":\"What Shipping Methods Are Available?\"},{\"key\":\"answer\",\"value\":\"Ex Portland Pitchfork irure mustache. Eutra fap before they sold out literally. Aliquip ugh bicycle rights actually mlkshk, seitan squid craft beer tempor.\"}],[{\"key\":\"question\",\"value\":\"Do You Ship Internationally?\"},{\"key\":\"answer\",\"value\":\"Hoodie tote bag mixtape tofu. Typewriter jean shorts wolf quinoa, messenger bag organic freegan cray.\"}],[{\"key\":\"question\",\"value\":\"How Long Will It Take To Get My Package?\"},{\"key\":\"answer\",\"value\":\"Swag slow-carb quinoa VHS typewriter pork belly brunch, paleo single-origin coffee Wes Anderson. Flexitarian Pitchfork forage, literally paleo fap pour-over. Wes Anderson Pinterest YOLO fanny pack meggings, deep v XOXO chambray sustainable slow-carb raw denim church-key fap chillwave Etsy. +1 typewriter kitsch, American Apparel tofu Banksy Vice.\"}],[{\"key\":\"question\",\"value\":\"What Payment Methods Are Accepted?\"},{\"key\":\"answer\",\"value\":\"Fashion axe DIY jean shorts, swag kale chips meh polaroid kogi butcher Wes Anderson chambray next level semiotics gentrify yr. Voluptate photo booth fugiat Vice. Austin sed Williamsburg, ea labore raw denim voluptate cred proident mixtape excepteur mustache. Twee chia photo booth readymade food truck, hoodie roof party swag keytar PBR DIY.\"}],[{\"key\":\"question\",\"value\":\"Is Buying On-Line Safe?\"},{\"key\":\"answer\",\"value\":\"Art party authentic freegan semiotics jean shorts chia cred. Neutra Austin roof party Brooklyn, synth Thundercats swag 8-bit photo booth. Plaid letterpress leggings craft beer meh ethical Pinterest.\"}]]]',11,'Botble\\Ecommerce\\Models\\Product','2025-08-02 02:15:44','2025-08-02 02:15:44'),(73,'faq_schema_config','[[[{\"key\":\"question\",\"value\":\"What Shipping Methods Are Available?\"},{\"key\":\"answer\",\"value\":\"Ex Portland Pitchfork irure mustache. Eutra fap before they sold out literally. Aliquip ugh bicycle rights actually mlkshk, seitan squid craft beer tempor.\"}],[{\"key\":\"question\",\"value\":\"Do You Ship Internationally?\"},{\"key\":\"answer\",\"value\":\"Hoodie tote bag mixtape tofu. Typewriter jean shorts wolf quinoa, messenger bag organic freegan cray.\"}],[{\"key\":\"question\",\"value\":\"How Long Will It Take To Get My Package?\"},{\"key\":\"answer\",\"value\":\"Swag slow-carb quinoa VHS typewriter pork belly brunch, paleo single-origin coffee Wes Anderson. Flexitarian Pitchfork forage, literally paleo fap pour-over. Wes Anderson Pinterest YOLO fanny pack meggings, deep v XOXO chambray sustainable slow-carb raw denim church-key fap chillwave Etsy. +1 typewriter kitsch, American Apparel tofu Banksy Vice.\"}],[{\"key\":\"question\",\"value\":\"What Payment Methods Are Accepted?\"},{\"key\":\"answer\",\"value\":\"Fashion axe DIY jean shorts, swag kale chips meh polaroid kogi butcher Wes Anderson chambray next level semiotics gentrify yr. Voluptate photo booth fugiat Vice. Austin sed Williamsburg, ea labore raw denim voluptate cred proident mixtape excepteur mustache. Twee chia photo booth readymade food truck, hoodie roof party swag keytar PBR DIY.\"}],[{\"key\":\"question\",\"value\":\"Is Buying On-Line Safe?\"},{\"key\":\"answer\",\"value\":\"Art party authentic freegan semiotics jean shorts chia cred. Neutra Austin roof party Brooklyn, synth Thundercats swag 8-bit photo booth. Plaid letterpress leggings craft beer meh ethical Pinterest.\"}]]]',12,'Botble\\Ecommerce\\Models\\Product','2025-08-02 02:15:44','2025-08-02 02:15:44'),(74,'faq_schema_config','[[[{\"key\":\"question\",\"value\":\"What Shipping Methods Are Available?\"},{\"key\":\"answer\",\"value\":\"Ex Portland Pitchfork irure mustache. Eutra fap before they sold out literally. Aliquip ugh bicycle rights actually mlkshk, seitan squid craft beer tempor.\"}],[{\"key\":\"question\",\"value\":\"Do You Ship Internationally?\"},{\"key\":\"answer\",\"value\":\"Hoodie tote bag mixtape tofu. Typewriter jean shorts wolf quinoa, messenger bag organic freegan cray.\"}],[{\"key\":\"question\",\"value\":\"How Long Will It Take To Get My Package?\"},{\"key\":\"answer\",\"value\":\"Swag slow-carb quinoa VHS typewriter pork belly brunch, paleo single-origin coffee Wes Anderson. Flexitarian Pitchfork forage, literally paleo fap pour-over. Wes Anderson Pinterest YOLO fanny pack meggings, deep v XOXO chambray sustainable slow-carb raw denim church-key fap chillwave Etsy. +1 typewriter kitsch, American Apparel tofu Banksy Vice.\"}],[{\"key\":\"question\",\"value\":\"What Payment Methods Are Accepted?\"},{\"key\":\"answer\",\"value\":\"Fashion axe DIY jean shorts, swag kale chips meh polaroid kogi butcher Wes Anderson chambray next level semiotics gentrify yr. Voluptate photo booth fugiat Vice. Austin sed Williamsburg, ea labore raw denim voluptate cred proident mixtape excepteur mustache. Twee chia photo booth readymade food truck, hoodie roof party swag keytar PBR DIY.\"}],[{\"key\":\"question\",\"value\":\"Is Buying On-Line Safe?\"},{\"key\":\"answer\",\"value\":\"Art party authentic freegan semiotics jean shorts chia cred. Neutra Austin roof party Brooklyn, synth Thundercats swag 8-bit photo booth. Plaid letterpress leggings craft beer meh ethical Pinterest.\"}]]]',13,'Botble\\Ecommerce\\Models\\Product','2025-08-02 02:15:44','2025-08-02 02:15:44'),(75,'faq_schema_config','[[[{\"key\":\"question\",\"value\":\"What Shipping Methods Are Available?\"},{\"key\":\"answer\",\"value\":\"Ex Portland Pitchfork irure mustache. Eutra fap before they sold out literally. Aliquip ugh bicycle rights actually mlkshk, seitan squid craft beer tempor.\"}],[{\"key\":\"question\",\"value\":\"Do You Ship Internationally?\"},{\"key\":\"answer\",\"value\":\"Hoodie tote bag mixtape tofu. Typewriter jean shorts wolf quinoa, messenger bag organic freegan cray.\"}],[{\"key\":\"question\",\"value\":\"How Long Will It Take To Get My Package?\"},{\"key\":\"answer\",\"value\":\"Swag slow-carb quinoa VHS typewriter pork belly brunch, paleo single-origin coffee Wes Anderson. Flexitarian Pitchfork forage, literally paleo fap pour-over. Wes Anderson Pinterest YOLO fanny pack meggings, deep v XOXO chambray sustainable slow-carb raw denim church-key fap chillwave Etsy. +1 typewriter kitsch, American Apparel tofu Banksy Vice.\"}],[{\"key\":\"question\",\"value\":\"What Payment Methods Are Accepted?\"},{\"key\":\"answer\",\"value\":\"Fashion axe DIY jean shorts, swag kale chips meh polaroid kogi butcher Wes Anderson chambray next level semiotics gentrify yr. Voluptate photo booth fugiat Vice. Austin sed Williamsburg, ea labore raw denim voluptate cred proident mixtape excepteur mustache. Twee chia photo booth readymade food truck, hoodie roof party swag keytar PBR DIY.\"}],[{\"key\":\"question\",\"value\":\"Is Buying On-Line Safe?\"},{\"key\":\"answer\",\"value\":\"Art party authentic freegan semiotics jean shorts chia cred. Neutra Austin roof party Brooklyn, synth Thundercats swag 8-bit photo booth. Plaid letterpress leggings craft beer meh ethical Pinterest.\"}]]]',14,'Botble\\Ecommerce\\Models\\Product','2025-08-02 02:15:44','2025-08-02 02:15:44'),(76,'faq_schema_config','[[[{\"key\":\"question\",\"value\":\"What Shipping Methods Are Available?\"},{\"key\":\"answer\",\"value\":\"Ex Portland Pitchfork irure mustache. Eutra fap before they sold out literally. Aliquip ugh bicycle rights actually mlkshk, seitan squid craft beer tempor.\"}],[{\"key\":\"question\",\"value\":\"Do You Ship Internationally?\"},{\"key\":\"answer\",\"value\":\"Hoodie tote bag mixtape tofu. Typewriter jean shorts wolf quinoa, messenger bag organic freegan cray.\"}],[{\"key\":\"question\",\"value\":\"How Long Will It Take To Get My Package?\"},{\"key\":\"answer\",\"value\":\"Swag slow-carb quinoa VHS typewriter pork belly brunch, paleo single-origin coffee Wes Anderson. Flexitarian Pitchfork forage, literally paleo fap pour-over. Wes Anderson Pinterest YOLO fanny pack meggings, deep v XOXO chambray sustainable slow-carb raw denim church-key fap chillwave Etsy. +1 typewriter kitsch, American Apparel tofu Banksy Vice.\"}],[{\"key\":\"question\",\"value\":\"What Payment Methods Are Accepted?\"},{\"key\":\"answer\",\"value\":\"Fashion axe DIY jean shorts, swag kale chips meh polaroid kogi butcher Wes Anderson chambray next level semiotics gentrify yr. Voluptate photo booth fugiat Vice. Austin sed Williamsburg, ea labore raw denim voluptate cred proident mixtape excepteur mustache. Twee chia photo booth readymade food truck, hoodie roof party swag keytar PBR DIY.\"}],[{\"key\":\"question\",\"value\":\"Is Buying On-Line Safe?\"},{\"key\":\"answer\",\"value\":\"Art party authentic freegan semiotics jean shorts chia cred. Neutra Austin roof party Brooklyn, synth Thundercats swag 8-bit photo booth. Plaid letterpress leggings craft beer meh ethical Pinterest.\"}]]]',15,'Botble\\Ecommerce\\Models\\Product','2025-08-02 02:15:44','2025-08-02 02:15:44'),(77,'faq_schema_config','[[[{\"key\":\"question\",\"value\":\"What Shipping Methods Are Available?\"},{\"key\":\"answer\",\"value\":\"Ex Portland Pitchfork irure mustache. Eutra fap before they sold out literally. Aliquip ugh bicycle rights actually mlkshk, seitan squid craft beer tempor.\"}],[{\"key\":\"question\",\"value\":\"Do You Ship Internationally?\"},{\"key\":\"answer\",\"value\":\"Hoodie tote bag mixtape tofu. Typewriter jean shorts wolf quinoa, messenger bag organic freegan cray.\"}],[{\"key\":\"question\",\"value\":\"How Long Will It Take To Get My Package?\"},{\"key\":\"answer\",\"value\":\"Swag slow-carb quinoa VHS typewriter pork belly brunch, paleo single-origin coffee Wes Anderson. Flexitarian Pitchfork forage, literally paleo fap pour-over. Wes Anderson Pinterest YOLO fanny pack meggings, deep v XOXO chambray sustainable slow-carb raw denim church-key fap chillwave Etsy. +1 typewriter kitsch, American Apparel tofu Banksy Vice.\"}],[{\"key\":\"question\",\"value\":\"What Payment Methods Are Accepted?\"},{\"key\":\"answer\",\"value\":\"Fashion axe DIY jean shorts, swag kale chips meh polaroid kogi butcher Wes Anderson chambray next level semiotics gentrify yr. Voluptate photo booth fugiat Vice. Austin sed Williamsburg, ea labore raw denim voluptate cred proident mixtape excepteur mustache. Twee chia photo booth readymade food truck, hoodie roof party swag keytar PBR DIY.\"}],[{\"key\":\"question\",\"value\":\"Is Buying On-Line Safe?\"},{\"key\":\"answer\",\"value\":\"Art party authentic freegan semiotics jean shorts chia cred. Neutra Austin roof party Brooklyn, synth Thundercats swag 8-bit photo booth. Plaid letterpress leggings craft beer meh ethical Pinterest.\"}]]]',16,'Botble\\Ecommerce\\Models\\Product','2025-08-02 02:15:44','2025-08-02 02:15:44'),(78,'faq_schema_config','[[[{\"key\":\"question\",\"value\":\"What Shipping Methods Are Available?\"},{\"key\":\"answer\",\"value\":\"Ex Portland Pitchfork irure mustache. Eutra fap before they sold out literally. Aliquip ugh bicycle rights actually mlkshk, seitan squid craft beer tempor.\"}],[{\"key\":\"question\",\"value\":\"Do You Ship Internationally?\"},{\"key\":\"answer\",\"value\":\"Hoodie tote bag mixtape tofu. Typewriter jean shorts wolf quinoa, messenger bag organic freegan cray.\"}],[{\"key\":\"question\",\"value\":\"How Long Will It Take To Get My Package?\"},{\"key\":\"answer\",\"value\":\"Swag slow-carb quinoa VHS typewriter pork belly brunch, paleo single-origin coffee Wes Anderson. Flexitarian Pitchfork forage, literally paleo fap pour-over. Wes Anderson Pinterest YOLO fanny pack meggings, deep v XOXO chambray sustainable slow-carb raw denim church-key fap chillwave Etsy. +1 typewriter kitsch, American Apparel tofu Banksy Vice.\"}],[{\"key\":\"question\",\"value\":\"What Payment Methods Are Accepted?\"},{\"key\":\"answer\",\"value\":\"Fashion axe DIY jean shorts, swag kale chips meh polaroid kogi butcher Wes Anderson chambray next level semiotics gentrify yr. Voluptate photo booth fugiat Vice. Austin sed Williamsburg, ea labore raw denim voluptate cred proident mixtape excepteur mustache. Twee chia photo booth readymade food truck, hoodie roof party swag keytar PBR DIY.\"}],[{\"key\":\"question\",\"value\":\"Is Buying On-Line Safe?\"},{\"key\":\"answer\",\"value\":\"Art party authentic freegan semiotics jean shorts chia cred. Neutra Austin roof party Brooklyn, synth Thundercats swag 8-bit photo booth. Plaid letterpress leggings craft beer meh ethical Pinterest.\"}]]]',17,'Botble\\Ecommerce\\Models\\Product','2025-08-02 02:15:44','2025-08-02 02:15:44'),(79,'faq_schema_config','[[[{\"key\":\"question\",\"value\":\"What Shipping Methods Are Available?\"},{\"key\":\"answer\",\"value\":\"Ex Portland Pitchfork irure mustache. Eutra fap before they sold out literally. Aliquip ugh bicycle rights actually mlkshk, seitan squid craft beer tempor.\"}],[{\"key\":\"question\",\"value\":\"Do You Ship Internationally?\"},{\"key\":\"answer\",\"value\":\"Hoodie tote bag mixtape tofu. Typewriter jean shorts wolf quinoa, messenger bag organic freegan cray.\"}],[{\"key\":\"question\",\"value\":\"How Long Will It Take To Get My Package?\"},{\"key\":\"answer\",\"value\":\"Swag slow-carb quinoa VHS typewriter pork belly brunch, paleo single-origin coffee Wes Anderson. Flexitarian Pitchfork forage, literally paleo fap pour-over. Wes Anderson Pinterest YOLO fanny pack meggings, deep v XOXO chambray sustainable slow-carb raw denim church-key fap chillwave Etsy. +1 typewriter kitsch, American Apparel tofu Banksy Vice.\"}],[{\"key\":\"question\",\"value\":\"What Payment Methods Are Accepted?\"},{\"key\":\"answer\",\"value\":\"Fashion axe DIY jean shorts, swag kale chips meh polaroid kogi butcher Wes Anderson chambray next level semiotics gentrify yr. Voluptate photo booth fugiat Vice. Austin sed Williamsburg, ea labore raw denim voluptate cred proident mixtape excepteur mustache. Twee chia photo booth readymade food truck, hoodie roof party swag keytar PBR DIY.\"}],[{\"key\":\"question\",\"value\":\"Is Buying On-Line Safe?\"},{\"key\":\"answer\",\"value\":\"Art party authentic freegan semiotics jean shorts chia cred. Neutra Austin roof party Brooklyn, synth Thundercats swag 8-bit photo booth. Plaid letterpress leggings craft beer meh ethical Pinterest.\"}]]]',18,'Botble\\Ecommerce\\Models\\Product','2025-08-02 02:15:44','2025-08-02 02:15:44'),(80,'faq_schema_config','[[[{\"key\":\"question\",\"value\":\"What Shipping Methods Are Available?\"},{\"key\":\"answer\",\"value\":\"Ex Portland Pitchfork irure mustache. Eutra fap before they sold out literally. Aliquip ugh bicycle rights actually mlkshk, seitan squid craft beer tempor.\"}],[{\"key\":\"question\",\"value\":\"Do You Ship Internationally?\"},{\"key\":\"answer\",\"value\":\"Hoodie tote bag mixtape tofu. Typewriter jean shorts wolf quinoa, messenger bag organic freegan cray.\"}],[{\"key\":\"question\",\"value\":\"How Long Will It Take To Get My Package?\"},{\"key\":\"answer\",\"value\":\"Swag slow-carb quinoa VHS typewriter pork belly brunch, paleo single-origin coffee Wes Anderson. Flexitarian Pitchfork forage, literally paleo fap pour-over. Wes Anderson Pinterest YOLO fanny pack meggings, deep v XOXO chambray sustainable slow-carb raw denim church-key fap chillwave Etsy. +1 typewriter kitsch, American Apparel tofu Banksy Vice.\"}],[{\"key\":\"question\",\"value\":\"What Payment Methods Are Accepted?\"},{\"key\":\"answer\",\"value\":\"Fashion axe DIY jean shorts, swag kale chips meh polaroid kogi butcher Wes Anderson chambray next level semiotics gentrify yr. Voluptate photo booth fugiat Vice. Austin sed Williamsburg, ea labore raw denim voluptate cred proident mixtape excepteur mustache. Twee chia photo booth readymade food truck, hoodie roof party swag keytar PBR DIY.\"}],[{\"key\":\"question\",\"value\":\"Is Buying On-Line Safe?\"},{\"key\":\"answer\",\"value\":\"Art party authentic freegan semiotics jean shorts chia cred. Neutra Austin roof party Brooklyn, synth Thundercats swag 8-bit photo booth. Plaid letterpress leggings craft beer meh ethical Pinterest.\"}]]]',19,'Botble\\Ecommerce\\Models\\Product','2025-08-02 02:15:44','2025-08-02 02:15:44'),(81,'faq_schema_config','[[[{\"key\":\"question\",\"value\":\"What Shipping Methods Are Available?\"},{\"key\":\"answer\",\"value\":\"Ex Portland Pitchfork irure mustache. Eutra fap before they sold out literally. Aliquip ugh bicycle rights actually mlkshk, seitan squid craft beer tempor.\"}],[{\"key\":\"question\",\"value\":\"Do You Ship Internationally?\"},{\"key\":\"answer\",\"value\":\"Hoodie tote bag mixtape tofu. Typewriter jean shorts wolf quinoa, messenger bag organic freegan cray.\"}],[{\"key\":\"question\",\"value\":\"How Long Will It Take To Get My Package?\"},{\"key\":\"answer\",\"value\":\"Swag slow-carb quinoa VHS typewriter pork belly brunch, paleo single-origin coffee Wes Anderson. Flexitarian Pitchfork forage, literally paleo fap pour-over. Wes Anderson Pinterest YOLO fanny pack meggings, deep v XOXO chambray sustainable slow-carb raw denim church-key fap chillwave Etsy. +1 typewriter kitsch, American Apparel tofu Banksy Vice.\"}],[{\"key\":\"question\",\"value\":\"What Payment Methods Are Accepted?\"},{\"key\":\"answer\",\"value\":\"Fashion axe DIY jean shorts, swag kale chips meh polaroid kogi butcher Wes Anderson chambray next level semiotics gentrify yr. Voluptate photo booth fugiat Vice. Austin sed Williamsburg, ea labore raw denim voluptate cred proident mixtape excepteur mustache. Twee chia photo booth readymade food truck, hoodie roof party swag keytar PBR DIY.\"}],[{\"key\":\"question\",\"value\":\"Is Buying On-Line Safe?\"},{\"key\":\"answer\",\"value\":\"Art party authentic freegan semiotics jean shorts chia cred. Neutra Austin roof party Brooklyn, synth Thundercats swag 8-bit photo booth. Plaid letterpress leggings craft beer meh ethical Pinterest.\"}]]]',20,'Botble\\Ecommerce\\Models\\Product','2025-08-02 02:15:44','2025-08-02 02:15:44'),(82,'faq_schema_config','[[[{\"key\":\"question\",\"value\":\"What Shipping Methods Are Available?\"},{\"key\":\"answer\",\"value\":\"Ex Portland Pitchfork irure mustache. Eutra fap before they sold out literally. Aliquip ugh bicycle rights actually mlkshk, seitan squid craft beer tempor.\"}],[{\"key\":\"question\",\"value\":\"Do You Ship Internationally?\"},{\"key\":\"answer\",\"value\":\"Hoodie tote bag mixtape tofu. Typewriter jean shorts wolf quinoa, messenger bag organic freegan cray.\"}],[{\"key\":\"question\",\"value\":\"How Long Will It Take To Get My Package?\"},{\"key\":\"answer\",\"value\":\"Swag slow-carb quinoa VHS typewriter pork belly brunch, paleo single-origin coffee Wes Anderson. Flexitarian Pitchfork forage, literally paleo fap pour-over. Wes Anderson Pinterest YOLO fanny pack meggings, deep v XOXO chambray sustainable slow-carb raw denim church-key fap chillwave Etsy. +1 typewriter kitsch, American Apparel tofu Banksy Vice.\"}],[{\"key\":\"question\",\"value\":\"What Payment Methods Are Accepted?\"},{\"key\":\"answer\",\"value\":\"Fashion axe DIY jean shorts, swag kale chips meh polaroid kogi butcher Wes Anderson chambray next level semiotics gentrify yr. Voluptate photo booth fugiat Vice. Austin sed Williamsburg, ea labore raw denim voluptate cred proident mixtape excepteur mustache. Twee chia photo booth readymade food truck, hoodie roof party swag keytar PBR DIY.\"}],[{\"key\":\"question\",\"value\":\"Is Buying On-Line Safe?\"},{\"key\":\"answer\",\"value\":\"Art party authentic freegan semiotics jean shorts chia cred. Neutra Austin roof party Brooklyn, synth Thundercats swag 8-bit photo booth. Plaid letterpress leggings craft beer meh ethical Pinterest.\"}]]]',21,'Botble\\Ecommerce\\Models\\Product','2025-08-02 02:15:44','2025-08-02 02:15:44'),(83,'faq_schema_config','[[[{\"key\":\"question\",\"value\":\"What Shipping Methods Are Available?\"},{\"key\":\"answer\",\"value\":\"Ex Portland Pitchfork irure mustache. Eutra fap before they sold out literally. Aliquip ugh bicycle rights actually mlkshk, seitan squid craft beer tempor.\"}],[{\"key\":\"question\",\"value\":\"Do You Ship Internationally?\"},{\"key\":\"answer\",\"value\":\"Hoodie tote bag mixtape tofu. Typewriter jean shorts wolf quinoa, messenger bag organic freegan cray.\"}],[{\"key\":\"question\",\"value\":\"How Long Will It Take To Get My Package?\"},{\"key\":\"answer\",\"value\":\"Swag slow-carb quinoa VHS typewriter pork belly brunch, paleo single-origin coffee Wes Anderson. Flexitarian Pitchfork forage, literally paleo fap pour-over. Wes Anderson Pinterest YOLO fanny pack meggings, deep v XOXO chambray sustainable slow-carb raw denim church-key fap chillwave Etsy. +1 typewriter kitsch, American Apparel tofu Banksy Vice.\"}],[{\"key\":\"question\",\"value\":\"What Payment Methods Are Accepted?\"},{\"key\":\"answer\",\"value\":\"Fashion axe DIY jean shorts, swag kale chips meh polaroid kogi butcher Wes Anderson chambray next level semiotics gentrify yr. Voluptate photo booth fugiat Vice. Austin sed Williamsburg, ea labore raw denim voluptate cred proident mixtape excepteur mustache. Twee chia photo booth readymade food truck, hoodie roof party swag keytar PBR DIY.\"}],[{\"key\":\"question\",\"value\":\"Is Buying On-Line Safe?\"},{\"key\":\"answer\",\"value\":\"Art party authentic freegan semiotics jean shorts chia cred. Neutra Austin roof party Brooklyn, synth Thundercats swag 8-bit photo booth. Plaid letterpress leggings craft beer meh ethical Pinterest.\"}]]]',22,'Botble\\Ecommerce\\Models\\Product','2025-08-02 02:15:44','2025-08-02 02:15:44'),(84,'faq_schema_config','[[[{\"key\":\"question\",\"value\":\"What Shipping Methods Are Available?\"},{\"key\":\"answer\",\"value\":\"Ex Portland Pitchfork irure mustache. Eutra fap before they sold out literally. Aliquip ugh bicycle rights actually mlkshk, seitan squid craft beer tempor.\"}],[{\"key\":\"question\",\"value\":\"Do You Ship Internationally?\"},{\"key\":\"answer\",\"value\":\"Hoodie tote bag mixtape tofu. Typewriter jean shorts wolf quinoa, messenger bag organic freegan cray.\"}],[{\"key\":\"question\",\"value\":\"How Long Will It Take To Get My Package?\"},{\"key\":\"answer\",\"value\":\"Swag slow-carb quinoa VHS typewriter pork belly brunch, paleo single-origin coffee Wes Anderson. Flexitarian Pitchfork forage, literally paleo fap pour-over. Wes Anderson Pinterest YOLO fanny pack meggings, deep v XOXO chambray sustainable slow-carb raw denim church-key fap chillwave Etsy. +1 typewriter kitsch, American Apparel tofu Banksy Vice.\"}],[{\"key\":\"question\",\"value\":\"What Payment Methods Are Accepted?\"},{\"key\":\"answer\",\"value\":\"Fashion axe DIY jean shorts, swag kale chips meh polaroid kogi butcher Wes Anderson chambray next level semiotics gentrify yr. Voluptate photo booth fugiat Vice. Austin sed Williamsburg, ea labore raw denim voluptate cred proident mixtape excepteur mustache. Twee chia photo booth readymade food truck, hoodie roof party swag keytar PBR DIY.\"}],[{\"key\":\"question\",\"value\":\"Is Buying On-Line Safe?\"},{\"key\":\"answer\",\"value\":\"Art party authentic freegan semiotics jean shorts chia cred. Neutra Austin roof party Brooklyn, synth Thundercats swag 8-bit photo booth. Plaid letterpress leggings craft beer meh ethical Pinterest.\"}]]]',23,'Botble\\Ecommerce\\Models\\Product','2025-08-02 02:15:44','2025-08-02 02:15:44'),(85,'faq_schema_config','[[[{\"key\":\"question\",\"value\":\"What Shipping Methods Are Available?\"},{\"key\":\"answer\",\"value\":\"Ex Portland Pitchfork irure mustache. Eutra fap before they sold out literally. Aliquip ugh bicycle rights actually mlkshk, seitan squid craft beer tempor.\"}],[{\"key\":\"question\",\"value\":\"Do You Ship Internationally?\"},{\"key\":\"answer\",\"value\":\"Hoodie tote bag mixtape tofu. Typewriter jean shorts wolf quinoa, messenger bag organic freegan cray.\"}],[{\"key\":\"question\",\"value\":\"How Long Will It Take To Get My Package?\"},{\"key\":\"answer\",\"value\":\"Swag slow-carb quinoa VHS typewriter pork belly brunch, paleo single-origin coffee Wes Anderson. Flexitarian Pitchfork forage, literally paleo fap pour-over. Wes Anderson Pinterest YOLO fanny pack meggings, deep v XOXO chambray sustainable slow-carb raw denim church-key fap chillwave Etsy. +1 typewriter kitsch, American Apparel tofu Banksy Vice.\"}],[{\"key\":\"question\",\"value\":\"What Payment Methods Are Accepted?\"},{\"key\":\"answer\",\"value\":\"Fashion axe DIY jean shorts, swag kale chips meh polaroid kogi butcher Wes Anderson chambray next level semiotics gentrify yr. Voluptate photo booth fugiat Vice. Austin sed Williamsburg, ea labore raw denim voluptate cred proident mixtape excepteur mustache. Twee chia photo booth readymade food truck, hoodie roof party swag keytar PBR DIY.\"}],[{\"key\":\"question\",\"value\":\"Is Buying On-Line Safe?\"},{\"key\":\"answer\",\"value\":\"Art party authentic freegan semiotics jean shorts chia cred. Neutra Austin roof party Brooklyn, synth Thundercats swag 8-bit photo booth. Plaid letterpress leggings craft beer meh ethical Pinterest.\"}]]]',24,'Botble\\Ecommerce\\Models\\Product','2025-08-02 02:15:44','2025-08-02 02:15:44'),(86,'faq_schema_config','[[[{\"key\":\"question\",\"value\":\"What Shipping Methods Are Available?\"},{\"key\":\"answer\",\"value\":\"Ex Portland Pitchfork irure mustache. Eutra fap before they sold out literally. Aliquip ugh bicycle rights actually mlkshk, seitan squid craft beer tempor.\"}],[{\"key\":\"question\",\"value\":\"Do You Ship Internationally?\"},{\"key\":\"answer\",\"value\":\"Hoodie tote bag mixtape tofu. Typewriter jean shorts wolf quinoa, messenger bag organic freegan cray.\"}],[{\"key\":\"question\",\"value\":\"How Long Will It Take To Get My Package?\"},{\"key\":\"answer\",\"value\":\"Swag slow-carb quinoa VHS typewriter pork belly brunch, paleo single-origin coffee Wes Anderson. Flexitarian Pitchfork forage, literally paleo fap pour-over. Wes Anderson Pinterest YOLO fanny pack meggings, deep v XOXO chambray sustainable slow-carb raw denim church-key fap chillwave Etsy. +1 typewriter kitsch, American Apparel tofu Banksy Vice.\"}],[{\"key\":\"question\",\"value\":\"What Payment Methods Are Accepted?\"},{\"key\":\"answer\",\"value\":\"Fashion axe DIY jean shorts, swag kale chips meh polaroid kogi butcher Wes Anderson chambray next level semiotics gentrify yr. Voluptate photo booth fugiat Vice. Austin sed Williamsburg, ea labore raw denim voluptate cred proident mixtape excepteur mustache. Twee chia photo booth readymade food truck, hoodie roof party swag keytar PBR DIY.\"}],[{\"key\":\"question\",\"value\":\"Is Buying On-Line Safe?\"},{\"key\":\"answer\",\"value\":\"Art party authentic freegan semiotics jean shorts chia cred. Neutra Austin roof party Brooklyn, synth Thundercats swag 8-bit photo booth. Plaid letterpress leggings craft beer meh ethical Pinterest.\"}]]]',25,'Botble\\Ecommerce\\Models\\Product','2025-08-02 02:15:44','2025-08-02 02:15:44'),(87,'faq_schema_config','[[[{\"key\":\"question\",\"value\":\"What Shipping Methods Are Available?\"},{\"key\":\"answer\",\"value\":\"Ex Portland Pitchfork irure mustache. Eutra fap before they sold out literally. Aliquip ugh bicycle rights actually mlkshk, seitan squid craft beer tempor.\"}],[{\"key\":\"question\",\"value\":\"Do You Ship Internationally?\"},{\"key\":\"answer\",\"value\":\"Hoodie tote bag mixtape tofu. Typewriter jean shorts wolf quinoa, messenger bag organic freegan cray.\"}],[{\"key\":\"question\",\"value\":\"How Long Will It Take To Get My Package?\"},{\"key\":\"answer\",\"value\":\"Swag slow-carb quinoa VHS typewriter pork belly brunch, paleo single-origin coffee Wes Anderson. Flexitarian Pitchfork forage, literally paleo fap pour-over. Wes Anderson Pinterest YOLO fanny pack meggings, deep v XOXO chambray sustainable slow-carb raw denim church-key fap chillwave Etsy. +1 typewriter kitsch, American Apparel tofu Banksy Vice.\"}],[{\"key\":\"question\",\"value\":\"What Payment Methods Are Accepted?\"},{\"key\":\"answer\",\"value\":\"Fashion axe DIY jean shorts, swag kale chips meh polaroid kogi butcher Wes Anderson chambray next level semiotics gentrify yr. Voluptate photo booth fugiat Vice. Austin sed Williamsburg, ea labore raw denim voluptate cred proident mixtape excepteur mustache. Twee chia photo booth readymade food truck, hoodie roof party swag keytar PBR DIY.\"}],[{\"key\":\"question\",\"value\":\"Is Buying On-Line Safe?\"},{\"key\":\"answer\",\"value\":\"Art party authentic freegan semiotics jean shorts chia cred. Neutra Austin roof party Brooklyn, synth Thundercats swag 8-bit photo booth. Plaid letterpress leggings craft beer meh ethical Pinterest.\"}]]]',26,'Botble\\Ecommerce\\Models\\Product','2025-08-02 02:15:44','2025-08-02 02:15:44'),(88,'faq_schema_config','[[[{\"key\":\"question\",\"value\":\"What Shipping Methods Are Available?\"},{\"key\":\"answer\",\"value\":\"Ex Portland Pitchfork irure mustache. Eutra fap before they sold out literally. Aliquip ugh bicycle rights actually mlkshk, seitan squid craft beer tempor.\"}],[{\"key\":\"question\",\"value\":\"Do You Ship Internationally?\"},{\"key\":\"answer\",\"value\":\"Hoodie tote bag mixtape tofu. Typewriter jean shorts wolf quinoa, messenger bag organic freegan cray.\"}],[{\"key\":\"question\",\"value\":\"How Long Will It Take To Get My Package?\"},{\"key\":\"answer\",\"value\":\"Swag slow-carb quinoa VHS typewriter pork belly brunch, paleo single-origin coffee Wes Anderson. Flexitarian Pitchfork forage, literally paleo fap pour-over. Wes Anderson Pinterest YOLO fanny pack meggings, deep v XOXO chambray sustainable slow-carb raw denim church-key fap chillwave Etsy. +1 typewriter kitsch, American Apparel tofu Banksy Vice.\"}],[{\"key\":\"question\",\"value\":\"What Payment Methods Are Accepted?\"},{\"key\":\"answer\",\"value\":\"Fashion axe DIY jean shorts, swag kale chips meh polaroid kogi butcher Wes Anderson chambray next level semiotics gentrify yr. Voluptate photo booth fugiat Vice. Austin sed Williamsburg, ea labore raw denim voluptate cred proident mixtape excepteur mustache. Twee chia photo booth readymade food truck, hoodie roof party swag keytar PBR DIY.\"}],[{\"key\":\"question\",\"value\":\"Is Buying On-Line Safe?\"},{\"key\":\"answer\",\"value\":\"Art party authentic freegan semiotics jean shorts chia cred. Neutra Austin roof party Brooklyn, synth Thundercats swag 8-bit photo booth. Plaid letterpress leggings craft beer meh ethical Pinterest.\"}]]]',27,'Botble\\Ecommerce\\Models\\Product','2025-08-02 02:15:44','2025-08-02 02:15:44'),(89,'faq_schema_config','[[[{\"key\":\"question\",\"value\":\"What Shipping Methods Are Available?\"},{\"key\":\"answer\",\"value\":\"Ex Portland Pitchfork irure mustache. Eutra fap before they sold out literally. Aliquip ugh bicycle rights actually mlkshk, seitan squid craft beer tempor.\"}],[{\"key\":\"question\",\"value\":\"Do You Ship Internationally?\"},{\"key\":\"answer\",\"value\":\"Hoodie tote bag mixtape tofu. Typewriter jean shorts wolf quinoa, messenger bag organic freegan cray.\"}],[{\"key\":\"question\",\"value\":\"How Long Will It Take To Get My Package?\"},{\"key\":\"answer\",\"value\":\"Swag slow-carb quinoa VHS typewriter pork belly brunch, paleo single-origin coffee Wes Anderson. Flexitarian Pitchfork forage, literally paleo fap pour-over. Wes Anderson Pinterest YOLO fanny pack meggings, deep v XOXO chambray sustainable slow-carb raw denim church-key fap chillwave Etsy. +1 typewriter kitsch, American Apparel tofu Banksy Vice.\"}],[{\"key\":\"question\",\"value\":\"What Payment Methods Are Accepted?\"},{\"key\":\"answer\",\"value\":\"Fashion axe DIY jean shorts, swag kale chips meh polaroid kogi butcher Wes Anderson chambray next level semiotics gentrify yr. Voluptate photo booth fugiat Vice. Austin sed Williamsburg, ea labore raw denim voluptate cred proident mixtape excepteur mustache. Twee chia photo booth readymade food truck, hoodie roof party swag keytar PBR DIY.\"}],[{\"key\":\"question\",\"value\":\"Is Buying On-Line Safe?\"},{\"key\":\"answer\",\"value\":\"Art party authentic freegan semiotics jean shorts chia cred. Neutra Austin roof party Brooklyn, synth Thundercats swag 8-bit photo booth. Plaid letterpress leggings craft beer meh ethical Pinterest.\"}]]]',28,'Botble\\Ecommerce\\Models\\Product','2025-08-02 02:15:44','2025-08-02 02:15:44'),(90,'faq_schema_config','[[[{\"key\":\"question\",\"value\":\"What Shipping Methods Are Available?\"},{\"key\":\"answer\",\"value\":\"Ex Portland Pitchfork irure mustache. Eutra fap before they sold out literally. Aliquip ugh bicycle rights actually mlkshk, seitan squid craft beer tempor.\"}],[{\"key\":\"question\",\"value\":\"Do You Ship Internationally?\"},{\"key\":\"answer\",\"value\":\"Hoodie tote bag mixtape tofu. Typewriter jean shorts wolf quinoa, messenger bag organic freegan cray.\"}],[{\"key\":\"question\",\"value\":\"How Long Will It Take To Get My Package?\"},{\"key\":\"answer\",\"value\":\"Swag slow-carb quinoa VHS typewriter pork belly brunch, paleo single-origin coffee Wes Anderson. Flexitarian Pitchfork forage, literally paleo fap pour-over. Wes Anderson Pinterest YOLO fanny pack meggings, deep v XOXO chambray sustainable slow-carb raw denim church-key fap chillwave Etsy. +1 typewriter kitsch, American Apparel tofu Banksy Vice.\"}],[{\"key\":\"question\",\"value\":\"What Payment Methods Are Accepted?\"},{\"key\":\"answer\",\"value\":\"Fashion axe DIY jean shorts, swag kale chips meh polaroid kogi butcher Wes Anderson chambray next level semiotics gentrify yr. Voluptate photo booth fugiat Vice. Austin sed Williamsburg, ea labore raw denim voluptate cred proident mixtape excepteur mustache. Twee chia photo booth readymade food truck, hoodie roof party swag keytar PBR DIY.\"}],[{\"key\":\"question\",\"value\":\"Is Buying On-Line Safe?\"},{\"key\":\"answer\",\"value\":\"Art party authentic freegan semiotics jean shorts chia cred. Neutra Austin roof party Brooklyn, synth Thundercats swag 8-bit photo booth. Plaid letterpress leggings craft beer meh ethical Pinterest.\"}]]]',29,'Botble\\Ecommerce\\Models\\Product','2025-08-02 02:15:44','2025-08-02 02:15:44'),(91,'faq_schema_config','[[[{\"key\":\"question\",\"value\":\"What Shipping Methods Are Available?\"},{\"key\":\"answer\",\"value\":\"Ex Portland Pitchfork irure mustache. Eutra fap before they sold out literally. Aliquip ugh bicycle rights actually mlkshk, seitan squid craft beer tempor.\"}],[{\"key\":\"question\",\"value\":\"Do You Ship Internationally?\"},{\"key\":\"answer\",\"value\":\"Hoodie tote bag mixtape tofu. Typewriter jean shorts wolf quinoa, messenger bag organic freegan cray.\"}],[{\"key\":\"question\",\"value\":\"How Long Will It Take To Get My Package?\"},{\"key\":\"answer\",\"value\":\"Swag slow-carb quinoa VHS typewriter pork belly brunch, paleo single-origin coffee Wes Anderson. Flexitarian Pitchfork forage, literally paleo fap pour-over. Wes Anderson Pinterest YOLO fanny pack meggings, deep v XOXO chambray sustainable slow-carb raw denim church-key fap chillwave Etsy. +1 typewriter kitsch, American Apparel tofu Banksy Vice.\"}],[{\"key\":\"question\",\"value\":\"What Payment Methods Are Accepted?\"},{\"key\":\"answer\",\"value\":\"Fashion axe DIY jean shorts, swag kale chips meh polaroid kogi butcher Wes Anderson chambray next level semiotics gentrify yr. Voluptate photo booth fugiat Vice. Austin sed Williamsburg, ea labore raw denim voluptate cred proident mixtape excepteur mustache. Twee chia photo booth readymade food truck, hoodie roof party swag keytar PBR DIY.\"}],[{\"key\":\"question\",\"value\":\"Is Buying On-Line Safe?\"},{\"key\":\"answer\",\"value\":\"Art party authentic freegan semiotics jean shorts chia cred. Neutra Austin roof party Brooklyn, synth Thundercats swag 8-bit photo booth. Plaid letterpress leggings craft beer meh ethical Pinterest.\"}]]]',30,'Botble\\Ecommerce\\Models\\Product','2025-08-02 02:15:44','2025-08-02 02:15:44'),(92,'faq_schema_config','[[[{\"key\":\"question\",\"value\":\"What Shipping Methods Are Available?\"},{\"key\":\"answer\",\"value\":\"Ex Portland Pitchfork irure mustache. Eutra fap before they sold out literally. Aliquip ugh bicycle rights actually mlkshk, seitan squid craft beer tempor.\"}],[{\"key\":\"question\",\"value\":\"Do You Ship Internationally?\"},{\"key\":\"answer\",\"value\":\"Hoodie tote bag mixtape tofu. Typewriter jean shorts wolf quinoa, messenger bag organic freegan cray.\"}],[{\"key\":\"question\",\"value\":\"How Long Will It Take To Get My Package?\"},{\"key\":\"answer\",\"value\":\"Swag slow-carb quinoa VHS typewriter pork belly brunch, paleo single-origin coffee Wes Anderson. Flexitarian Pitchfork forage, literally paleo fap pour-over. Wes Anderson Pinterest YOLO fanny pack meggings, deep v XOXO chambray sustainable slow-carb raw denim church-key fap chillwave Etsy. +1 typewriter kitsch, American Apparel tofu Banksy Vice.\"}],[{\"key\":\"question\",\"value\":\"What Payment Methods Are Accepted?\"},{\"key\":\"answer\",\"value\":\"Fashion axe DIY jean shorts, swag kale chips meh polaroid kogi butcher Wes Anderson chambray next level semiotics gentrify yr. Voluptate photo booth fugiat Vice. Austin sed Williamsburg, ea labore raw denim voluptate cred proident mixtape excepteur mustache. Twee chia photo booth readymade food truck, hoodie roof party swag keytar PBR DIY.\"}],[{\"key\":\"question\",\"value\":\"Is Buying On-Line Safe?\"},{\"key\":\"answer\",\"value\":\"Art party authentic freegan semiotics jean shorts chia cred. Neutra Austin roof party Brooklyn, synth Thundercats swag 8-bit photo booth. Plaid letterpress leggings craft beer meh ethical Pinterest.\"}]]]',31,'Botble\\Ecommerce\\Models\\Product','2025-08-02 02:15:44','2025-08-02 02:15:44'),(93,'faq_schema_config','[[[{\"key\":\"question\",\"value\":\"What Shipping Methods Are Available?\"},{\"key\":\"answer\",\"value\":\"Ex Portland Pitchfork irure mustache. Eutra fap before they sold out literally. Aliquip ugh bicycle rights actually mlkshk, seitan squid craft beer tempor.\"}],[{\"key\":\"question\",\"value\":\"Do You Ship Internationally?\"},{\"key\":\"answer\",\"value\":\"Hoodie tote bag mixtape tofu. Typewriter jean shorts wolf quinoa, messenger bag organic freegan cray.\"}],[{\"key\":\"question\",\"value\":\"How Long Will It Take To Get My Package?\"},{\"key\":\"answer\",\"value\":\"Swag slow-carb quinoa VHS typewriter pork belly brunch, paleo single-origin coffee Wes Anderson. Flexitarian Pitchfork forage, literally paleo fap pour-over. Wes Anderson Pinterest YOLO fanny pack meggings, deep v XOXO chambray sustainable slow-carb raw denim church-key fap chillwave Etsy. +1 typewriter kitsch, American Apparel tofu Banksy Vice.\"}],[{\"key\":\"question\",\"value\":\"What Payment Methods Are Accepted?\"},{\"key\":\"answer\",\"value\":\"Fashion axe DIY jean shorts, swag kale chips meh polaroid kogi butcher Wes Anderson chambray next level semiotics gentrify yr. Voluptate photo booth fugiat Vice. Austin sed Williamsburg, ea labore raw denim voluptate cred proident mixtape excepteur mustache. Twee chia photo booth readymade food truck, hoodie roof party swag keytar PBR DIY.\"}],[{\"key\":\"question\",\"value\":\"Is Buying On-Line Safe?\"},{\"key\":\"answer\",\"value\":\"Art party authentic freegan semiotics jean shorts chia cred. Neutra Austin roof party Brooklyn, synth Thundercats swag 8-bit photo booth. Plaid letterpress leggings craft beer meh ethical Pinterest.\"}]]]',32,'Botble\\Ecommerce\\Models\\Product','2025-08-02 02:15:44','2025-08-02 02:15:44'),(94,'faq_schema_config','[[[{\"key\":\"question\",\"value\":\"What Shipping Methods Are Available?\"},{\"key\":\"answer\",\"value\":\"Ex Portland Pitchfork irure mustache. Eutra fap before they sold out literally. Aliquip ugh bicycle rights actually mlkshk, seitan squid craft beer tempor.\"}],[{\"key\":\"question\",\"value\":\"Do You Ship Internationally?\"},{\"key\":\"answer\",\"value\":\"Hoodie tote bag mixtape tofu. Typewriter jean shorts wolf quinoa, messenger bag organic freegan cray.\"}],[{\"key\":\"question\",\"value\":\"How Long Will It Take To Get My Package?\"},{\"key\":\"answer\",\"value\":\"Swag slow-carb quinoa VHS typewriter pork belly brunch, paleo single-origin coffee Wes Anderson. Flexitarian Pitchfork forage, literally paleo fap pour-over. Wes Anderson Pinterest YOLO fanny pack meggings, deep v XOXO chambray sustainable slow-carb raw denim church-key fap chillwave Etsy. +1 typewriter kitsch, American Apparel tofu Banksy Vice.\"}],[{\"key\":\"question\",\"value\":\"What Payment Methods Are Accepted?\"},{\"key\":\"answer\",\"value\":\"Fashion axe DIY jean shorts, swag kale chips meh polaroid kogi butcher Wes Anderson chambray next level semiotics gentrify yr. Voluptate photo booth fugiat Vice. Austin sed Williamsburg, ea labore raw denim voluptate cred proident mixtape excepteur mustache. Twee chia photo booth readymade food truck, hoodie roof party swag keytar PBR DIY.\"}],[{\"key\":\"question\",\"value\":\"Is Buying On-Line Safe?\"},{\"key\":\"answer\",\"value\":\"Art party authentic freegan semiotics jean shorts chia cred. Neutra Austin roof party Brooklyn, synth Thundercats swag 8-bit photo booth. Plaid letterpress leggings craft beer meh ethical Pinterest.\"}]]]',33,'Botble\\Ecommerce\\Models\\Product','2025-08-02 02:15:44','2025-08-02 02:15:44'),(95,'faq_schema_config','[[[{\"key\":\"question\",\"value\":\"What Shipping Methods Are Available?\"},{\"key\":\"answer\",\"value\":\"Ex Portland Pitchfork irure mustache. Eutra fap before they sold out literally. Aliquip ugh bicycle rights actually mlkshk, seitan squid craft beer tempor.\"}],[{\"key\":\"question\",\"value\":\"Do You Ship Internationally?\"},{\"key\":\"answer\",\"value\":\"Hoodie tote bag mixtape tofu. Typewriter jean shorts wolf quinoa, messenger bag organic freegan cray.\"}],[{\"key\":\"question\",\"value\":\"How Long Will It Take To Get My Package?\"},{\"key\":\"answer\",\"value\":\"Swag slow-carb quinoa VHS typewriter pork belly brunch, paleo single-origin coffee Wes Anderson. Flexitarian Pitchfork forage, literally paleo fap pour-over. Wes Anderson Pinterest YOLO fanny pack meggings, deep v XOXO chambray sustainable slow-carb raw denim church-key fap chillwave Etsy. +1 typewriter kitsch, American Apparel tofu Banksy Vice.\"}],[{\"key\":\"question\",\"value\":\"What Payment Methods Are Accepted?\"},{\"key\":\"answer\",\"value\":\"Fashion axe DIY jean shorts, swag kale chips meh polaroid kogi butcher Wes Anderson chambray next level semiotics gentrify yr. Voluptate photo booth fugiat Vice. Austin sed Williamsburg, ea labore raw denim voluptate cred proident mixtape excepteur mustache. Twee chia photo booth readymade food truck, hoodie roof party swag keytar PBR DIY.\"}],[{\"key\":\"question\",\"value\":\"Is Buying On-Line Safe?\"},{\"key\":\"answer\",\"value\":\"Art party authentic freegan semiotics jean shorts chia cred. Neutra Austin roof party Brooklyn, synth Thundercats swag 8-bit photo booth. Plaid letterpress leggings craft beer meh ethical Pinterest.\"}]]]',34,'Botble\\Ecommerce\\Models\\Product','2025-08-02 02:15:44','2025-08-02 02:15:44'),(96,'faq_schema_config','[[[{\"key\":\"question\",\"value\":\"What Shipping Methods Are Available?\"},{\"key\":\"answer\",\"value\":\"Ex Portland Pitchfork irure mustache. Eutra fap before they sold out literally. Aliquip ugh bicycle rights actually mlkshk, seitan squid craft beer tempor.\"}],[{\"key\":\"question\",\"value\":\"Do You Ship Internationally?\"},{\"key\":\"answer\",\"value\":\"Hoodie tote bag mixtape tofu. Typewriter jean shorts wolf quinoa, messenger bag organic freegan cray.\"}],[{\"key\":\"question\",\"value\":\"How Long Will It Take To Get My Package?\"},{\"key\":\"answer\",\"value\":\"Swag slow-carb quinoa VHS typewriter pork belly brunch, paleo single-origin coffee Wes Anderson. Flexitarian Pitchfork forage, literally paleo fap pour-over. Wes Anderson Pinterest YOLO fanny pack meggings, deep v XOXO chambray sustainable slow-carb raw denim church-key fap chillwave Etsy. +1 typewriter kitsch, American Apparel tofu Banksy Vice.\"}],[{\"key\":\"question\",\"value\":\"What Payment Methods Are Accepted?\"},{\"key\":\"answer\",\"value\":\"Fashion axe DIY jean shorts, swag kale chips meh polaroid kogi butcher Wes Anderson chambray next level semiotics gentrify yr. Voluptate photo booth fugiat Vice. Austin sed Williamsburg, ea labore raw denim voluptate cred proident mixtape excepteur mustache. Twee chia photo booth readymade food truck, hoodie roof party swag keytar PBR DIY.\"}],[{\"key\":\"question\",\"value\":\"Is Buying On-Line Safe?\"},{\"key\":\"answer\",\"value\":\"Art party authentic freegan semiotics jean shorts chia cred. Neutra Austin roof party Brooklyn, synth Thundercats swag 8-bit photo booth. Plaid letterpress leggings craft beer meh ethical Pinterest.\"}]]]',35,'Botble\\Ecommerce\\Models\\Product','2025-08-02 02:15:44','2025-08-02 02:15:44'),(97,'faq_schema_config','[[[{\"key\":\"question\",\"value\":\"What Shipping Methods Are Available?\"},{\"key\":\"answer\",\"value\":\"Ex Portland Pitchfork irure mustache. Eutra fap before they sold out literally. Aliquip ugh bicycle rights actually mlkshk, seitan squid craft beer tempor.\"}],[{\"key\":\"question\",\"value\":\"Do You Ship Internationally?\"},{\"key\":\"answer\",\"value\":\"Hoodie tote bag mixtape tofu. Typewriter jean shorts wolf quinoa, messenger bag organic freegan cray.\"}],[{\"key\":\"question\",\"value\":\"How Long Will It Take To Get My Package?\"},{\"key\":\"answer\",\"value\":\"Swag slow-carb quinoa VHS typewriter pork belly brunch, paleo single-origin coffee Wes Anderson. Flexitarian Pitchfork forage, literally paleo fap pour-over. Wes Anderson Pinterest YOLO fanny pack meggings, deep v XOXO chambray sustainable slow-carb raw denim church-key fap chillwave Etsy. +1 typewriter kitsch, American Apparel tofu Banksy Vice.\"}],[{\"key\":\"question\",\"value\":\"What Payment Methods Are Accepted?\"},{\"key\":\"answer\",\"value\":\"Fashion axe DIY jean shorts, swag kale chips meh polaroid kogi butcher Wes Anderson chambray next level semiotics gentrify yr. Voluptate photo booth fugiat Vice. Austin sed Williamsburg, ea labore raw denim voluptate cred proident mixtape excepteur mustache. Twee chia photo booth readymade food truck, hoodie roof party swag keytar PBR DIY.\"}],[{\"key\":\"question\",\"value\":\"Is Buying On-Line Safe?\"},{\"key\":\"answer\",\"value\":\"Art party authentic freegan semiotics jean shorts chia cred. Neutra Austin roof party Brooklyn, synth Thundercats swag 8-bit photo booth. Plaid letterpress leggings craft beer meh ethical Pinterest.\"}]]]',36,'Botble\\Ecommerce\\Models\\Product','2025-08-02 02:15:44','2025-08-02 02:15:44'),(98,'faq_schema_config','[[[{\"key\":\"question\",\"value\":\"What Shipping Methods Are Available?\"},{\"key\":\"answer\",\"value\":\"Ex Portland Pitchfork irure mustache. Eutra fap before they sold out literally. Aliquip ugh bicycle rights actually mlkshk, seitan squid craft beer tempor.\"}],[{\"key\":\"question\",\"value\":\"Do You Ship Internationally?\"},{\"key\":\"answer\",\"value\":\"Hoodie tote bag mixtape tofu. Typewriter jean shorts wolf quinoa, messenger bag organic freegan cray.\"}],[{\"key\":\"question\",\"value\":\"How Long Will It Take To Get My Package?\"},{\"key\":\"answer\",\"value\":\"Swag slow-carb quinoa VHS typewriter pork belly brunch, paleo single-origin coffee Wes Anderson. Flexitarian Pitchfork forage, literally paleo fap pour-over. Wes Anderson Pinterest YOLO fanny pack meggings, deep v XOXO chambray sustainable slow-carb raw denim church-key fap chillwave Etsy. +1 typewriter kitsch, American Apparel tofu Banksy Vice.\"}],[{\"key\":\"question\",\"value\":\"What Payment Methods Are Accepted?\"},{\"key\":\"answer\",\"value\":\"Fashion axe DIY jean shorts, swag kale chips meh polaroid kogi butcher Wes Anderson chambray next level semiotics gentrify yr. Voluptate photo booth fugiat Vice. Austin sed Williamsburg, ea labore raw denim voluptate cred proident mixtape excepteur mustache. Twee chia photo booth readymade food truck, hoodie roof party swag keytar PBR DIY.\"}],[{\"key\":\"question\",\"value\":\"Is Buying On-Line Safe?\"},{\"key\":\"answer\",\"value\":\"Art party authentic freegan semiotics jean shorts chia cred. Neutra Austin roof party Brooklyn, synth Thundercats swag 8-bit photo booth. Plaid letterpress leggings craft beer meh ethical Pinterest.\"}]]]',37,'Botble\\Ecommerce\\Models\\Product','2025-08-02 02:15:44','2025-08-02 02:15:44'),(99,'faq_schema_config','[[[{\"key\":\"question\",\"value\":\"What Shipping Methods Are Available?\"},{\"key\":\"answer\",\"value\":\"Ex Portland Pitchfork irure mustache. Eutra fap before they sold out literally. Aliquip ugh bicycle rights actually mlkshk, seitan squid craft beer tempor.\"}],[{\"key\":\"question\",\"value\":\"Do You Ship Internationally?\"},{\"key\":\"answer\",\"value\":\"Hoodie tote bag mixtape tofu. Typewriter jean shorts wolf quinoa, messenger bag organic freegan cray.\"}],[{\"key\":\"question\",\"value\":\"How Long Will It Take To Get My Package?\"},{\"key\":\"answer\",\"value\":\"Swag slow-carb quinoa VHS typewriter pork belly brunch, paleo single-origin coffee Wes Anderson. Flexitarian Pitchfork forage, literally paleo fap pour-over. Wes Anderson Pinterest YOLO fanny pack meggings, deep v XOXO chambray sustainable slow-carb raw denim church-key fap chillwave Etsy. +1 typewriter kitsch, American Apparel tofu Banksy Vice.\"}],[{\"key\":\"question\",\"value\":\"What Payment Methods Are Accepted?\"},{\"key\":\"answer\",\"value\":\"Fashion axe DIY jean shorts, swag kale chips meh polaroid kogi butcher Wes Anderson chambray next level semiotics gentrify yr. Voluptate photo booth fugiat Vice. Austin sed Williamsburg, ea labore raw denim voluptate cred proident mixtape excepteur mustache. Twee chia photo booth readymade food truck, hoodie roof party swag keytar PBR DIY.\"}],[{\"key\":\"question\",\"value\":\"Is Buying On-Line Safe?\"},{\"key\":\"answer\",\"value\":\"Art party authentic freegan semiotics jean shorts chia cred. Neutra Austin roof party Brooklyn, synth Thundercats swag 8-bit photo booth. Plaid letterpress leggings craft beer meh ethical Pinterest.\"}]]]',38,'Botble\\Ecommerce\\Models\\Product','2025-08-02 02:15:44','2025-08-02 02:15:44'),(100,'faq_schema_config','[[[{\"key\":\"question\",\"value\":\"What Shipping Methods Are Available?\"},{\"key\":\"answer\",\"value\":\"Ex Portland Pitchfork irure mustache. Eutra fap before they sold out literally. Aliquip ugh bicycle rights actually mlkshk, seitan squid craft beer tempor.\"}],[{\"key\":\"question\",\"value\":\"Do You Ship Internationally?\"},{\"key\":\"answer\",\"value\":\"Hoodie tote bag mixtape tofu. Typewriter jean shorts wolf quinoa, messenger bag organic freegan cray.\"}],[{\"key\":\"question\",\"value\":\"How Long Will It Take To Get My Package?\"},{\"key\":\"answer\",\"value\":\"Swag slow-carb quinoa VHS typewriter pork belly brunch, paleo single-origin coffee Wes Anderson. Flexitarian Pitchfork forage, literally paleo fap pour-over. Wes Anderson Pinterest YOLO fanny pack meggings, deep v XOXO chambray sustainable slow-carb raw denim church-key fap chillwave Etsy. +1 typewriter kitsch, American Apparel tofu Banksy Vice.\"}],[{\"key\":\"question\",\"value\":\"What Payment Methods Are Accepted?\"},{\"key\":\"answer\",\"value\":\"Fashion axe DIY jean shorts, swag kale chips meh polaroid kogi butcher Wes Anderson chambray next level semiotics gentrify yr. Voluptate photo booth fugiat Vice. Austin sed Williamsburg, ea labore raw denim voluptate cred proident mixtape excepteur mustache. Twee chia photo booth readymade food truck, hoodie roof party swag keytar PBR DIY.\"}],[{\"key\":\"question\",\"value\":\"Is Buying On-Line Safe?\"},{\"key\":\"answer\",\"value\":\"Art party authentic freegan semiotics jean shorts chia cred. Neutra Austin roof party Brooklyn, synth Thundercats swag 8-bit photo booth. Plaid letterpress leggings craft beer meh ethical Pinterest.\"}]]]',39,'Botble\\Ecommerce\\Models\\Product','2025-08-02 02:15:44','2025-08-02 02:15:44'),(101,'faq_schema_config','[[[{\"key\":\"question\",\"value\":\"What Shipping Methods Are Available?\"},{\"key\":\"answer\",\"value\":\"Ex Portland Pitchfork irure mustache. Eutra fap before they sold out literally. Aliquip ugh bicycle rights actually mlkshk, seitan squid craft beer tempor.\"}],[{\"key\":\"question\",\"value\":\"Do You Ship Internationally?\"},{\"key\":\"answer\",\"value\":\"Hoodie tote bag mixtape tofu. Typewriter jean shorts wolf quinoa, messenger bag organic freegan cray.\"}],[{\"key\":\"question\",\"value\":\"How Long Will It Take To Get My Package?\"},{\"key\":\"answer\",\"value\":\"Swag slow-carb quinoa VHS typewriter pork belly brunch, paleo single-origin coffee Wes Anderson. Flexitarian Pitchfork forage, literally paleo fap pour-over. Wes Anderson Pinterest YOLO fanny pack meggings, deep v XOXO chambray sustainable slow-carb raw denim church-key fap chillwave Etsy. +1 typewriter kitsch, American Apparel tofu Banksy Vice.\"}],[{\"key\":\"question\",\"value\":\"What Payment Methods Are Accepted?\"},{\"key\":\"answer\",\"value\":\"Fashion axe DIY jean shorts, swag kale chips meh polaroid kogi butcher Wes Anderson chambray next level semiotics gentrify yr. Voluptate photo booth fugiat Vice. Austin sed Williamsburg, ea labore raw denim voluptate cred proident mixtape excepteur mustache. Twee chia photo booth readymade food truck, hoodie roof party swag keytar PBR DIY.\"}],[{\"key\":\"question\",\"value\":\"Is Buying On-Line Safe?\"},{\"key\":\"answer\",\"value\":\"Art party authentic freegan semiotics jean shorts chia cred. Neutra Austin roof party Brooklyn, synth Thundercats swag 8-bit photo booth. Plaid letterpress leggings craft beer meh ethical Pinterest.\"}]]]',40,'Botble\\Ecommerce\\Models\\Product','2025-08-02 02:15:44','2025-08-02 02:15:44'),(102,'faq_schema_config','[[[{\"key\":\"question\",\"value\":\"What Shipping Methods Are Available?\"},{\"key\":\"answer\",\"value\":\"Ex Portland Pitchfork irure mustache. Eutra fap before they sold out literally. Aliquip ugh bicycle rights actually mlkshk, seitan squid craft beer tempor.\"}],[{\"key\":\"question\",\"value\":\"Do You Ship Internationally?\"},{\"key\":\"answer\",\"value\":\"Hoodie tote bag mixtape tofu. Typewriter jean shorts wolf quinoa, messenger bag organic freegan cray.\"}],[{\"key\":\"question\",\"value\":\"How Long Will It Take To Get My Package?\"},{\"key\":\"answer\",\"value\":\"Swag slow-carb quinoa VHS typewriter pork belly brunch, paleo single-origin coffee Wes Anderson. Flexitarian Pitchfork forage, literally paleo fap pour-over. Wes Anderson Pinterest YOLO fanny pack meggings, deep v XOXO chambray sustainable slow-carb raw denim church-key fap chillwave Etsy. +1 typewriter kitsch, American Apparel tofu Banksy Vice.\"}],[{\"key\":\"question\",\"value\":\"What Payment Methods Are Accepted?\"},{\"key\":\"answer\",\"value\":\"Fashion axe DIY jean shorts, swag kale chips meh polaroid kogi butcher Wes Anderson chambray next level semiotics gentrify yr. Voluptate photo booth fugiat Vice. Austin sed Williamsburg, ea labore raw denim voluptate cred proident mixtape excepteur mustache. Twee chia photo booth readymade food truck, hoodie roof party swag keytar PBR DIY.\"}],[{\"key\":\"question\",\"value\":\"Is Buying On-Line Safe?\"},{\"key\":\"answer\",\"value\":\"Art party authentic freegan semiotics jean shorts chia cred. Neutra Austin roof party Brooklyn, synth Thundercats swag 8-bit photo booth. Plaid letterpress leggings craft beer meh ethical Pinterest.\"}]]]',41,'Botble\\Ecommerce\\Models\\Product','2025-08-02 02:15:44','2025-08-02 02:15:44'),(103,'faq_schema_config','[[[{\"key\":\"question\",\"value\":\"What Shipping Methods Are Available?\"},{\"key\":\"answer\",\"value\":\"Ex Portland Pitchfork irure mustache. Eutra fap before they sold out literally. Aliquip ugh bicycle rights actually mlkshk, seitan squid craft beer tempor.\"}],[{\"key\":\"question\",\"value\":\"Do You Ship Internationally?\"},{\"key\":\"answer\",\"value\":\"Hoodie tote bag mixtape tofu. Typewriter jean shorts wolf quinoa, messenger bag organic freegan cray.\"}],[{\"key\":\"question\",\"value\":\"How Long Will It Take To Get My Package?\"},{\"key\":\"answer\",\"value\":\"Swag slow-carb quinoa VHS typewriter pork belly brunch, paleo single-origin coffee Wes Anderson. Flexitarian Pitchfork forage, literally paleo fap pour-over. Wes Anderson Pinterest YOLO fanny pack meggings, deep v XOXO chambray sustainable slow-carb raw denim church-key fap chillwave Etsy. +1 typewriter kitsch, American Apparel tofu Banksy Vice.\"}],[{\"key\":\"question\",\"value\":\"What Payment Methods Are Accepted?\"},{\"key\":\"answer\",\"value\":\"Fashion axe DIY jean shorts, swag kale chips meh polaroid kogi butcher Wes Anderson chambray next level semiotics gentrify yr. Voluptate photo booth fugiat Vice. Austin sed Williamsburg, ea labore raw denim voluptate cred proident mixtape excepteur mustache. Twee chia photo booth readymade food truck, hoodie roof party swag keytar PBR DIY.\"}],[{\"key\":\"question\",\"value\":\"Is Buying On-Line Safe?\"},{\"key\":\"answer\",\"value\":\"Art party authentic freegan semiotics jean shorts chia cred. Neutra Austin roof party Brooklyn, synth Thundercats swag 8-bit photo booth. Plaid letterpress leggings craft beer meh ethical Pinterest.\"}]]]',42,'Botble\\Ecommerce\\Models\\Product','2025-08-02 02:15:44','2025-08-02 02:15:44'),(104,'faq_schema_config','[[[{\"key\":\"question\",\"value\":\"What Shipping Methods Are Available?\"},{\"key\":\"answer\",\"value\":\"Ex Portland Pitchfork irure mustache. Eutra fap before they sold out literally. Aliquip ugh bicycle rights actually mlkshk, seitan squid craft beer tempor.\"}],[{\"key\":\"question\",\"value\":\"Do You Ship Internationally?\"},{\"key\":\"answer\",\"value\":\"Hoodie tote bag mixtape tofu. Typewriter jean shorts wolf quinoa, messenger bag organic freegan cray.\"}],[{\"key\":\"question\",\"value\":\"How Long Will It Take To Get My Package?\"},{\"key\":\"answer\",\"value\":\"Swag slow-carb quinoa VHS typewriter pork belly brunch, paleo single-origin coffee Wes Anderson. Flexitarian Pitchfork forage, literally paleo fap pour-over. Wes Anderson Pinterest YOLO fanny pack meggings, deep v XOXO chambray sustainable slow-carb raw denim church-key fap chillwave Etsy. +1 typewriter kitsch, American Apparel tofu Banksy Vice.\"}],[{\"key\":\"question\",\"value\":\"What Payment Methods Are Accepted?\"},{\"key\":\"answer\",\"value\":\"Fashion axe DIY jean shorts, swag kale chips meh polaroid kogi butcher Wes Anderson chambray next level semiotics gentrify yr. Voluptate photo booth fugiat Vice. Austin sed Williamsburg, ea labore raw denim voluptate cred proident mixtape excepteur mustache. Twee chia photo booth readymade food truck, hoodie roof party swag keytar PBR DIY.\"}],[{\"key\":\"question\",\"value\":\"Is Buying On-Line Safe?\"},{\"key\":\"answer\",\"value\":\"Art party authentic freegan semiotics jean shorts chia cred. Neutra Austin roof party Brooklyn, synth Thundercats swag 8-bit photo booth. Plaid letterpress leggings craft beer meh ethical Pinterest.\"}]]]',43,'Botble\\Ecommerce\\Models\\Product','2025-08-02 02:15:44','2025-08-02 02:15:44'),(105,'faq_schema_config','[[[{\"key\":\"question\",\"value\":\"What Shipping Methods Are Available?\"},{\"key\":\"answer\",\"value\":\"Ex Portland Pitchfork irure mustache. Eutra fap before they sold out literally. Aliquip ugh bicycle rights actually mlkshk, seitan squid craft beer tempor.\"}],[{\"key\":\"question\",\"value\":\"Do You Ship Internationally?\"},{\"key\":\"answer\",\"value\":\"Hoodie tote bag mixtape tofu. Typewriter jean shorts wolf quinoa, messenger bag organic freegan cray.\"}],[{\"key\":\"question\",\"value\":\"How Long Will It Take To Get My Package?\"},{\"key\":\"answer\",\"value\":\"Swag slow-carb quinoa VHS typewriter pork belly brunch, paleo single-origin coffee Wes Anderson. Flexitarian Pitchfork forage, literally paleo fap pour-over. Wes Anderson Pinterest YOLO fanny pack meggings, deep v XOXO chambray sustainable slow-carb raw denim church-key fap chillwave Etsy. +1 typewriter kitsch, American Apparel tofu Banksy Vice.\"}],[{\"key\":\"question\",\"value\":\"What Payment Methods Are Accepted?\"},{\"key\":\"answer\",\"value\":\"Fashion axe DIY jean shorts, swag kale chips meh polaroid kogi butcher Wes Anderson chambray next level semiotics gentrify yr. Voluptate photo booth fugiat Vice. Austin sed Williamsburg, ea labore raw denim voluptate cred proident mixtape excepteur mustache. Twee chia photo booth readymade food truck, hoodie roof party swag keytar PBR DIY.\"}],[{\"key\":\"question\",\"value\":\"Is Buying On-Line Safe?\"},{\"key\":\"answer\",\"value\":\"Art party authentic freegan semiotics jean shorts chia cred. Neutra Austin roof party Brooklyn, synth Thundercats swag 8-bit photo booth. Plaid letterpress leggings craft beer meh ethical Pinterest.\"}]]]',44,'Botble\\Ecommerce\\Models\\Product','2025-08-02 02:15:44','2025-08-02 02:15:44'),(106,'faq_schema_config','[[[{\"key\":\"question\",\"value\":\"What Shipping Methods Are Available?\"},{\"key\":\"answer\",\"value\":\"Ex Portland Pitchfork irure mustache. Eutra fap before they sold out literally. Aliquip ugh bicycle rights actually mlkshk, seitan squid craft beer tempor.\"}],[{\"key\":\"question\",\"value\":\"Do You Ship Internationally?\"},{\"key\":\"answer\",\"value\":\"Hoodie tote bag mixtape tofu. Typewriter jean shorts wolf quinoa, messenger bag organic freegan cray.\"}],[{\"key\":\"question\",\"value\":\"How Long Will It Take To Get My Package?\"},{\"key\":\"answer\",\"value\":\"Swag slow-carb quinoa VHS typewriter pork belly brunch, paleo single-origin coffee Wes Anderson. Flexitarian Pitchfork forage, literally paleo fap pour-over. Wes Anderson Pinterest YOLO fanny pack meggings, deep v XOXO chambray sustainable slow-carb raw denim church-key fap chillwave Etsy. +1 typewriter kitsch, American Apparel tofu Banksy Vice.\"}],[{\"key\":\"question\",\"value\":\"What Payment Methods Are Accepted?\"},{\"key\":\"answer\",\"value\":\"Fashion axe DIY jean shorts, swag kale chips meh polaroid kogi butcher Wes Anderson chambray next level semiotics gentrify yr. Voluptate photo booth fugiat Vice. Austin sed Williamsburg, ea labore raw denim voluptate cred proident mixtape excepteur mustache. Twee chia photo booth readymade food truck, hoodie roof party swag keytar PBR DIY.\"}],[{\"key\":\"question\",\"value\":\"Is Buying On-Line Safe?\"},{\"key\":\"answer\",\"value\":\"Art party authentic freegan semiotics jean shorts chia cred. Neutra Austin roof party Brooklyn, synth Thundercats swag 8-bit photo booth. Plaid letterpress leggings craft beer meh ethical Pinterest.\"}]]]',45,'Botble\\Ecommerce\\Models\\Product','2025-08-02 02:15:44','2025-08-02 02:15:44'),(107,'faq_schema_config','[[[{\"key\":\"question\",\"value\":\"What Shipping Methods Are Available?\"},{\"key\":\"answer\",\"value\":\"Ex Portland Pitchfork irure mustache. Eutra fap before they sold out literally. Aliquip ugh bicycle rights actually mlkshk, seitan squid craft beer tempor.\"}],[{\"key\":\"question\",\"value\":\"Do You Ship Internationally?\"},{\"key\":\"answer\",\"value\":\"Hoodie tote bag mixtape tofu. Typewriter jean shorts wolf quinoa, messenger bag organic freegan cray.\"}],[{\"key\":\"question\",\"value\":\"How Long Will It Take To Get My Package?\"},{\"key\":\"answer\",\"value\":\"Swag slow-carb quinoa VHS typewriter pork belly brunch, paleo single-origin coffee Wes Anderson. Flexitarian Pitchfork forage, literally paleo fap pour-over. Wes Anderson Pinterest YOLO fanny pack meggings, deep v XOXO chambray sustainable slow-carb raw denim church-key fap chillwave Etsy. +1 typewriter kitsch, American Apparel tofu Banksy Vice.\"}],[{\"key\":\"question\",\"value\":\"What Payment Methods Are Accepted?\"},{\"key\":\"answer\",\"value\":\"Fashion axe DIY jean shorts, swag kale chips meh polaroid kogi butcher Wes Anderson chambray next level semiotics gentrify yr. Voluptate photo booth fugiat Vice. Austin sed Williamsburg, ea labore raw denim voluptate cred proident mixtape excepteur mustache. Twee chia photo booth readymade food truck, hoodie roof party swag keytar PBR DIY.\"}],[{\"key\":\"question\",\"value\":\"Is Buying On-Line Safe?\"},{\"key\":\"answer\",\"value\":\"Art party authentic freegan semiotics jean shorts chia cred. Neutra Austin roof party Brooklyn, synth Thundercats swag 8-bit photo booth. Plaid letterpress leggings craft beer meh ethical Pinterest.\"}]]]',46,'Botble\\Ecommerce\\Models\\Product','2025-08-02 02:15:44','2025-08-02 02:15:44'),(108,'faq_schema_config','[[[{\"key\":\"question\",\"value\":\"What Shipping Methods Are Available?\"},{\"key\":\"answer\",\"value\":\"Ex Portland Pitchfork irure mustache. Eutra fap before they sold out literally. Aliquip ugh bicycle rights actually mlkshk, seitan squid craft beer tempor.\"}],[{\"key\":\"question\",\"value\":\"Do You Ship Internationally?\"},{\"key\":\"answer\",\"value\":\"Hoodie tote bag mixtape tofu. Typewriter jean shorts wolf quinoa, messenger bag organic freegan cray.\"}],[{\"key\":\"question\",\"value\":\"How Long Will It Take To Get My Package?\"},{\"key\":\"answer\",\"value\":\"Swag slow-carb quinoa VHS typewriter pork belly brunch, paleo single-origin coffee Wes Anderson. Flexitarian Pitchfork forage, literally paleo fap pour-over. Wes Anderson Pinterest YOLO fanny pack meggings, deep v XOXO chambray sustainable slow-carb raw denim church-key fap chillwave Etsy. +1 typewriter kitsch, American Apparel tofu Banksy Vice.\"}],[{\"key\":\"question\",\"value\":\"What Payment Methods Are Accepted?\"},{\"key\":\"answer\",\"value\":\"Fashion axe DIY jean shorts, swag kale chips meh polaroid kogi butcher Wes Anderson chambray next level semiotics gentrify yr. Voluptate photo booth fugiat Vice. Austin sed Williamsburg, ea labore raw denim voluptate cred proident mixtape excepteur mustache. Twee chia photo booth readymade food truck, hoodie roof party swag keytar PBR DIY.\"}],[{\"key\":\"question\",\"value\":\"Is Buying On-Line Safe?\"},{\"key\":\"answer\",\"value\":\"Art party authentic freegan semiotics jean shorts chia cred. Neutra Austin roof party Brooklyn, synth Thundercats swag 8-bit photo booth. Plaid letterpress leggings craft beer meh ethical Pinterest.\"}]]]',47,'Botble\\Ecommerce\\Models\\Product','2025-08-02 02:15:44','2025-08-02 02:15:44'),(109,'faq_schema_config','[[[{\"key\":\"question\",\"value\":\"What Shipping Methods Are Available?\"},{\"key\":\"answer\",\"value\":\"Ex Portland Pitchfork irure mustache. Eutra fap before they sold out literally. Aliquip ugh bicycle rights actually mlkshk, seitan squid craft beer tempor.\"}],[{\"key\":\"question\",\"value\":\"Do You Ship Internationally?\"},{\"key\":\"answer\",\"value\":\"Hoodie tote bag mixtape tofu. Typewriter jean shorts wolf quinoa, messenger bag organic freegan cray.\"}],[{\"key\":\"question\",\"value\":\"How Long Will It Take To Get My Package?\"},{\"key\":\"answer\",\"value\":\"Swag slow-carb quinoa VHS typewriter pork belly brunch, paleo single-origin coffee Wes Anderson. Flexitarian Pitchfork forage, literally paleo fap pour-over. Wes Anderson Pinterest YOLO fanny pack meggings, deep v XOXO chambray sustainable slow-carb raw denim church-key fap chillwave Etsy. +1 typewriter kitsch, American Apparel tofu Banksy Vice.\"}],[{\"key\":\"question\",\"value\":\"What Payment Methods Are Accepted?\"},{\"key\":\"answer\",\"value\":\"Fashion axe DIY jean shorts, swag kale chips meh polaroid kogi butcher Wes Anderson chambray next level semiotics gentrify yr. Voluptate photo booth fugiat Vice. Austin sed Williamsburg, ea labore raw denim voluptate cred proident mixtape excepteur mustache. Twee chia photo booth readymade food truck, hoodie roof party swag keytar PBR DIY.\"}],[{\"key\":\"question\",\"value\":\"Is Buying On-Line Safe?\"},{\"key\":\"answer\",\"value\":\"Art party authentic freegan semiotics jean shorts chia cred. Neutra Austin roof party Brooklyn, synth Thundercats swag 8-bit photo booth. Plaid letterpress leggings craft beer meh ethical Pinterest.\"}]]]',48,'Botble\\Ecommerce\\Models\\Product','2025-08-02 02:15:44','2025-08-02 02:15:44'),(110,'faq_schema_config','[[[{\"key\":\"question\",\"value\":\"What Shipping Methods Are Available?\"},{\"key\":\"answer\",\"value\":\"Ex Portland Pitchfork irure mustache. Eutra fap before they sold out literally. Aliquip ugh bicycle rights actually mlkshk, seitan squid craft beer tempor.\"}],[{\"key\":\"question\",\"value\":\"Do You Ship Internationally?\"},{\"key\":\"answer\",\"value\":\"Hoodie tote bag mixtape tofu. Typewriter jean shorts wolf quinoa, messenger bag organic freegan cray.\"}],[{\"key\":\"question\",\"value\":\"How Long Will It Take To Get My Package?\"},{\"key\":\"answer\",\"value\":\"Swag slow-carb quinoa VHS typewriter pork belly brunch, paleo single-origin coffee Wes Anderson. Flexitarian Pitchfork forage, literally paleo fap pour-over. Wes Anderson Pinterest YOLO fanny pack meggings, deep v XOXO chambray sustainable slow-carb raw denim church-key fap chillwave Etsy. +1 typewriter kitsch, American Apparel tofu Banksy Vice.\"}],[{\"key\":\"question\",\"value\":\"What Payment Methods Are Accepted?\"},{\"key\":\"answer\",\"value\":\"Fashion axe DIY jean shorts, swag kale chips meh polaroid kogi butcher Wes Anderson chambray next level semiotics gentrify yr. Voluptate photo booth fugiat Vice. Austin sed Williamsburg, ea labore raw denim voluptate cred proident mixtape excepteur mustache. Twee chia photo booth readymade food truck, hoodie roof party swag keytar PBR DIY.\"}],[{\"key\":\"question\",\"value\":\"Is Buying On-Line Safe?\"},{\"key\":\"answer\",\"value\":\"Art party authentic freegan semiotics jean shorts chia cred. Neutra Austin roof party Brooklyn, synth Thundercats swag 8-bit photo booth. Plaid letterpress leggings craft beer meh ethical Pinterest.\"}]]]',49,'Botble\\Ecommerce\\Models\\Product','2025-08-02 02:15:44','2025-08-02 02:15:44'),(111,'faq_schema_config','[[[{\"key\":\"question\",\"value\":\"What Shipping Methods Are Available?\"},{\"key\":\"answer\",\"value\":\"Ex Portland Pitchfork irure mustache. Eutra fap before they sold out literally. Aliquip ugh bicycle rights actually mlkshk, seitan squid craft beer tempor.\"}],[{\"key\":\"question\",\"value\":\"Do You Ship Internationally?\"},{\"key\":\"answer\",\"value\":\"Hoodie tote bag mixtape tofu. Typewriter jean shorts wolf quinoa, messenger bag organic freegan cray.\"}],[{\"key\":\"question\",\"value\":\"How Long Will It Take To Get My Package?\"},{\"key\":\"answer\",\"value\":\"Swag slow-carb quinoa VHS typewriter pork belly brunch, paleo single-origin coffee Wes Anderson. Flexitarian Pitchfork forage, literally paleo fap pour-over. Wes Anderson Pinterest YOLO fanny pack meggings, deep v XOXO chambray sustainable slow-carb raw denim church-key fap chillwave Etsy. +1 typewriter kitsch, American Apparel tofu Banksy Vice.\"}],[{\"key\":\"question\",\"value\":\"What Payment Methods Are Accepted?\"},{\"key\":\"answer\",\"value\":\"Fashion axe DIY jean shorts, swag kale chips meh polaroid kogi butcher Wes Anderson chambray next level semiotics gentrify yr. Voluptate photo booth fugiat Vice. Austin sed Williamsburg, ea labore raw denim voluptate cred proident mixtape excepteur mustache. Twee chia photo booth readymade food truck, hoodie roof party swag keytar PBR DIY.\"}],[{\"key\":\"question\",\"value\":\"Is Buying On-Line Safe?\"},{\"key\":\"answer\",\"value\":\"Art party authentic freegan semiotics jean shorts chia cred. Neutra Austin roof party Brooklyn, synth Thundercats swag 8-bit photo booth. Plaid letterpress leggings craft beer meh ethical Pinterest.\"}]]]',50,'Botble\\Ecommerce\\Models\\Product','2025-08-02 02:15:44','2025-08-02 02:15:44'),(112,'faq_schema_config','[[[{\"key\":\"question\",\"value\":\"What Shipping Methods Are Available?\"},{\"key\":\"answer\",\"value\":\"Ex Portland Pitchfork irure mustache. Eutra fap before they sold out literally. Aliquip ugh bicycle rights actually mlkshk, seitan squid craft beer tempor.\"}],[{\"key\":\"question\",\"value\":\"Do You Ship Internationally?\"},{\"key\":\"answer\",\"value\":\"Hoodie tote bag mixtape tofu. Typewriter jean shorts wolf quinoa, messenger bag organic freegan cray.\"}],[{\"key\":\"question\",\"value\":\"How Long Will It Take To Get My Package?\"},{\"key\":\"answer\",\"value\":\"Swag slow-carb quinoa VHS typewriter pork belly brunch, paleo single-origin coffee Wes Anderson. Flexitarian Pitchfork forage, literally paleo fap pour-over. Wes Anderson Pinterest YOLO fanny pack meggings, deep v XOXO chambray sustainable slow-carb raw denim church-key fap chillwave Etsy. +1 typewriter kitsch, American Apparel tofu Banksy Vice.\"}],[{\"key\":\"question\",\"value\":\"What Payment Methods Are Accepted?\"},{\"key\":\"answer\",\"value\":\"Fashion axe DIY jean shorts, swag kale chips meh polaroid kogi butcher Wes Anderson chambray next level semiotics gentrify yr. Voluptate photo booth fugiat Vice. Austin sed Williamsburg, ea labore raw denim voluptate cred proident mixtape excepteur mustache. Twee chia photo booth readymade food truck, hoodie roof party swag keytar PBR DIY.\"}],[{\"key\":\"question\",\"value\":\"Is Buying On-Line Safe?\"},{\"key\":\"answer\",\"value\":\"Art party authentic freegan semiotics jean shorts chia cred. Neutra Austin roof party Brooklyn, synth Thundercats swag 8-bit photo booth. Plaid letterpress leggings craft beer meh ethical Pinterest.\"}]]]',51,'Botble\\Ecommerce\\Models\\Product','2025-08-02 02:15:44','2025-08-02 02:15:44'),(113,'faq_schema_config','[[[{\"key\":\"question\",\"value\":\"What Shipping Methods Are Available?\"},{\"key\":\"answer\",\"value\":\"Ex Portland Pitchfork irure mustache. Eutra fap before they sold out literally. Aliquip ugh bicycle rights actually mlkshk, seitan squid craft beer tempor.\"}],[{\"key\":\"question\",\"value\":\"Do You Ship Internationally?\"},{\"key\":\"answer\",\"value\":\"Hoodie tote bag mixtape tofu. Typewriter jean shorts wolf quinoa, messenger bag organic freegan cray.\"}],[{\"key\":\"question\",\"value\":\"How Long Will It Take To Get My Package?\"},{\"key\":\"answer\",\"value\":\"Swag slow-carb quinoa VHS typewriter pork belly brunch, paleo single-origin coffee Wes Anderson. Flexitarian Pitchfork forage, literally paleo fap pour-over. Wes Anderson Pinterest YOLO fanny pack meggings, deep v XOXO chambray sustainable slow-carb raw denim church-key fap chillwave Etsy. +1 typewriter kitsch, American Apparel tofu Banksy Vice.\"}],[{\"key\":\"question\",\"value\":\"What Payment Methods Are Accepted?\"},{\"key\":\"answer\",\"value\":\"Fashion axe DIY jean shorts, swag kale chips meh polaroid kogi butcher Wes Anderson chambray next level semiotics gentrify yr. Voluptate photo booth fugiat Vice. Austin sed Williamsburg, ea labore raw denim voluptate cred proident mixtape excepteur mustache. Twee chia photo booth readymade food truck, hoodie roof party swag keytar PBR DIY.\"}],[{\"key\":\"question\",\"value\":\"Is Buying On-Line Safe?\"},{\"key\":\"answer\",\"value\":\"Art party authentic freegan semiotics jean shorts chia cred. Neutra Austin roof party Brooklyn, synth Thundercats swag 8-bit photo booth. Plaid letterpress leggings craft beer meh ethical Pinterest.\"}]]]',52,'Botble\\Ecommerce\\Models\\Product','2025-08-02 02:15:44','2025-08-02 02:15:44'),(114,'faq_schema_config','[[[{\"key\":\"question\",\"value\":\"What Shipping Methods Are Available?\"},{\"key\":\"answer\",\"value\":\"Ex Portland Pitchfork irure mustache. Eutra fap before they sold out literally. Aliquip ugh bicycle rights actually mlkshk, seitan squid craft beer tempor.\"}],[{\"key\":\"question\",\"value\":\"Do You Ship Internationally?\"},{\"key\":\"answer\",\"value\":\"Hoodie tote bag mixtape tofu. Typewriter jean shorts wolf quinoa, messenger bag organic freegan cray.\"}],[{\"key\":\"question\",\"value\":\"How Long Will It Take To Get My Package?\"},{\"key\":\"answer\",\"value\":\"Swag slow-carb quinoa VHS typewriter pork belly brunch, paleo single-origin coffee Wes Anderson. Flexitarian Pitchfork forage, literally paleo fap pour-over. Wes Anderson Pinterest YOLO fanny pack meggings, deep v XOXO chambray sustainable slow-carb raw denim church-key fap chillwave Etsy. +1 typewriter kitsch, American Apparel tofu Banksy Vice.\"}],[{\"key\":\"question\",\"value\":\"What Payment Methods Are Accepted?\"},{\"key\":\"answer\",\"value\":\"Fashion axe DIY jean shorts, swag kale chips meh polaroid kogi butcher Wes Anderson chambray next level semiotics gentrify yr. Voluptate photo booth fugiat Vice. Austin sed Williamsburg, ea labore raw denim voluptate cred proident mixtape excepteur mustache. Twee chia photo booth readymade food truck, hoodie roof party swag keytar PBR DIY.\"}],[{\"key\":\"question\",\"value\":\"Is Buying On-Line Safe?\"},{\"key\":\"answer\",\"value\":\"Art party authentic freegan semiotics jean shorts chia cred. Neutra Austin roof party Brooklyn, synth Thundercats swag 8-bit photo booth. Plaid letterpress leggings craft beer meh ethical Pinterest.\"}]]]',53,'Botble\\Ecommerce\\Models\\Product','2025-08-02 02:15:44','2025-08-02 02:15:44'),(115,'faq_schema_config','[[[{\"key\":\"question\",\"value\":\"What Shipping Methods Are Available?\"},{\"key\":\"answer\",\"value\":\"Ex Portland Pitchfork irure mustache. Eutra fap before they sold out literally. Aliquip ugh bicycle rights actually mlkshk, seitan squid craft beer tempor.\"}],[{\"key\":\"question\",\"value\":\"Do You Ship Internationally?\"},{\"key\":\"answer\",\"value\":\"Hoodie tote bag mixtape tofu. Typewriter jean shorts wolf quinoa, messenger bag organic freegan cray.\"}],[{\"key\":\"question\",\"value\":\"How Long Will It Take To Get My Package?\"},{\"key\":\"answer\",\"value\":\"Swag slow-carb quinoa VHS typewriter pork belly brunch, paleo single-origin coffee Wes Anderson. Flexitarian Pitchfork forage, literally paleo fap pour-over. Wes Anderson Pinterest YOLO fanny pack meggings, deep v XOXO chambray sustainable slow-carb raw denim church-key fap chillwave Etsy. +1 typewriter kitsch, American Apparel tofu Banksy Vice.\"}],[{\"key\":\"question\",\"value\":\"What Payment Methods Are Accepted?\"},{\"key\":\"answer\",\"value\":\"Fashion axe DIY jean shorts, swag kale chips meh polaroid kogi butcher Wes Anderson chambray next level semiotics gentrify yr. Voluptate photo booth fugiat Vice. Austin sed Williamsburg, ea labore raw denim voluptate cred proident mixtape excepteur mustache. Twee chia photo booth readymade food truck, hoodie roof party swag keytar PBR DIY.\"}],[{\"key\":\"question\",\"value\":\"Is Buying On-Line Safe?\"},{\"key\":\"answer\",\"value\":\"Art party authentic freegan semiotics jean shorts chia cred. Neutra Austin roof party Brooklyn, synth Thundercats swag 8-bit photo booth. Plaid letterpress leggings craft beer meh ethical Pinterest.\"}]]]',54,'Botble\\Ecommerce\\Models\\Product','2025-08-02 02:15:44','2025-08-02 02:15:44'),(116,'faq_schema_config','[[[{\"key\":\"question\",\"value\":\"What Shipping Methods Are Available?\"},{\"key\":\"answer\",\"value\":\"Ex Portland Pitchfork irure mustache. Eutra fap before they sold out literally. Aliquip ugh bicycle rights actually mlkshk, seitan squid craft beer tempor.\"}],[{\"key\":\"question\",\"value\":\"Do You Ship Internationally?\"},{\"key\":\"answer\",\"value\":\"Hoodie tote bag mixtape tofu. Typewriter jean shorts wolf quinoa, messenger bag organic freegan cray.\"}],[{\"key\":\"question\",\"value\":\"How Long Will It Take To Get My Package?\"},{\"key\":\"answer\",\"value\":\"Swag slow-carb quinoa VHS typewriter pork belly brunch, paleo single-origin coffee Wes Anderson. Flexitarian Pitchfork forage, literally paleo fap pour-over. Wes Anderson Pinterest YOLO fanny pack meggings, deep v XOXO chambray sustainable slow-carb raw denim church-key fap chillwave Etsy. +1 typewriter kitsch, American Apparel tofu Banksy Vice.\"}],[{\"key\":\"question\",\"value\":\"What Payment Methods Are Accepted?\"},{\"key\":\"answer\",\"value\":\"Fashion axe DIY jean shorts, swag kale chips meh polaroid kogi butcher Wes Anderson chambray next level semiotics gentrify yr. Voluptate photo booth fugiat Vice. Austin sed Williamsburg, ea labore raw denim voluptate cred proident mixtape excepteur mustache. Twee chia photo booth readymade food truck, hoodie roof party swag keytar PBR DIY.\"}],[{\"key\":\"question\",\"value\":\"Is Buying On-Line Safe?\"},{\"key\":\"answer\",\"value\":\"Art party authentic freegan semiotics jean shorts chia cred. Neutra Austin roof party Brooklyn, synth Thundercats swag 8-bit photo booth. Plaid letterpress leggings craft beer meh ethical Pinterest.\"}]]]',55,'Botble\\Ecommerce\\Models\\Product','2025-08-02 02:15:44','2025-08-02 02:15:44'),(117,'faq_schema_config','[[[{\"key\":\"question\",\"value\":\"What Shipping Methods Are Available?\"},{\"key\":\"answer\",\"value\":\"Ex Portland Pitchfork irure mustache. Eutra fap before they sold out literally. Aliquip ugh bicycle rights actually mlkshk, seitan squid craft beer tempor.\"}],[{\"key\":\"question\",\"value\":\"Do You Ship Internationally?\"},{\"key\":\"answer\",\"value\":\"Hoodie tote bag mixtape tofu. Typewriter jean shorts wolf quinoa, messenger bag organic freegan cray.\"}],[{\"key\":\"question\",\"value\":\"How Long Will It Take To Get My Package?\"},{\"key\":\"answer\",\"value\":\"Swag slow-carb quinoa VHS typewriter pork belly brunch, paleo single-origin coffee Wes Anderson. Flexitarian Pitchfork forage, literally paleo fap pour-over. Wes Anderson Pinterest YOLO fanny pack meggings, deep v XOXO chambray sustainable slow-carb raw denim church-key fap chillwave Etsy. +1 typewriter kitsch, American Apparel tofu Banksy Vice.\"}],[{\"key\":\"question\",\"value\":\"What Payment Methods Are Accepted?\"},{\"key\":\"answer\",\"value\":\"Fashion axe DIY jean shorts, swag kale chips meh polaroid kogi butcher Wes Anderson chambray next level semiotics gentrify yr. Voluptate photo booth fugiat Vice. Austin sed Williamsburg, ea labore raw denim voluptate cred proident mixtape excepteur mustache. Twee chia photo booth readymade food truck, hoodie roof party swag keytar PBR DIY.\"}],[{\"key\":\"question\",\"value\":\"Is Buying On-Line Safe?\"},{\"key\":\"answer\",\"value\":\"Art party authentic freegan semiotics jean shorts chia cred. Neutra Austin roof party Brooklyn, synth Thundercats swag 8-bit photo booth. Plaid letterpress leggings craft beer meh ethical Pinterest.\"}]]]',56,'Botble\\Ecommerce\\Models\\Product','2025-08-02 02:15:44','2025-08-02 02:15:44'),(118,'faq_schema_config','[[[{\"key\":\"question\",\"value\":\"What Shipping Methods Are Available?\"},{\"key\":\"answer\",\"value\":\"Ex Portland Pitchfork irure mustache. Eutra fap before they sold out literally. Aliquip ugh bicycle rights actually mlkshk, seitan squid craft beer tempor.\"}],[{\"key\":\"question\",\"value\":\"Do You Ship Internationally?\"},{\"key\":\"answer\",\"value\":\"Hoodie tote bag mixtape tofu. Typewriter jean shorts wolf quinoa, messenger bag organic freegan cray.\"}],[{\"key\":\"question\",\"value\":\"How Long Will It Take To Get My Package?\"},{\"key\":\"answer\",\"value\":\"Swag slow-carb quinoa VHS typewriter pork belly brunch, paleo single-origin coffee Wes Anderson. Flexitarian Pitchfork forage, literally paleo fap pour-over. Wes Anderson Pinterest YOLO fanny pack meggings, deep v XOXO chambray sustainable slow-carb raw denim church-key fap chillwave Etsy. +1 typewriter kitsch, American Apparel tofu Banksy Vice.\"}],[{\"key\":\"question\",\"value\":\"What Payment Methods Are Accepted?\"},{\"key\":\"answer\",\"value\":\"Fashion axe DIY jean shorts, swag kale chips meh polaroid kogi butcher Wes Anderson chambray next level semiotics gentrify yr. Voluptate photo booth fugiat Vice. Austin sed Williamsburg, ea labore raw denim voluptate cred proident mixtape excepteur mustache. Twee chia photo booth readymade food truck, hoodie roof party swag keytar PBR DIY.\"}],[{\"key\":\"question\",\"value\":\"Is Buying On-Line Safe?\"},{\"key\":\"answer\",\"value\":\"Art party authentic freegan semiotics jean shorts chia cred. Neutra Austin roof party Brooklyn, synth Thundercats swag 8-bit photo booth. Plaid letterpress leggings craft beer meh ethical Pinterest.\"}]]]',57,'Botble\\Ecommerce\\Models\\Product','2025-08-02 02:15:44','2025-08-02 02:15:44'),(119,'faq_schema_config','[[[{\"key\":\"question\",\"value\":\"What Shipping Methods Are Available?\"},{\"key\":\"answer\",\"value\":\"Ex Portland Pitchfork irure mustache. Eutra fap before they sold out literally. Aliquip ugh bicycle rights actually mlkshk, seitan squid craft beer tempor.\"}],[{\"key\":\"question\",\"value\":\"Do You Ship Internationally?\"},{\"key\":\"answer\",\"value\":\"Hoodie tote bag mixtape tofu. Typewriter jean shorts wolf quinoa, messenger bag organic freegan cray.\"}],[{\"key\":\"question\",\"value\":\"How Long Will It Take To Get My Package?\"},{\"key\":\"answer\",\"value\":\"Swag slow-carb quinoa VHS typewriter pork belly brunch, paleo single-origin coffee Wes Anderson. Flexitarian Pitchfork forage, literally paleo fap pour-over. Wes Anderson Pinterest YOLO fanny pack meggings, deep v XOXO chambray sustainable slow-carb raw denim church-key fap chillwave Etsy. +1 typewriter kitsch, American Apparel tofu Banksy Vice.\"}],[{\"key\":\"question\",\"value\":\"What Payment Methods Are Accepted?\"},{\"key\":\"answer\",\"value\":\"Fashion axe DIY jean shorts, swag kale chips meh polaroid kogi butcher Wes Anderson chambray next level semiotics gentrify yr. Voluptate photo booth fugiat Vice. Austin sed Williamsburg, ea labore raw denim voluptate cred proident mixtape excepteur mustache. Twee chia photo booth readymade food truck, hoodie roof party swag keytar PBR DIY.\"}],[{\"key\":\"question\",\"value\":\"Is Buying On-Line Safe?\"},{\"key\":\"answer\",\"value\":\"Art party authentic freegan semiotics jean shorts chia cred. Neutra Austin roof party Brooklyn, synth Thundercats swag 8-bit photo booth. Plaid letterpress leggings craft beer meh ethical Pinterest.\"}]]]',58,'Botble\\Ecommerce\\Models\\Product','2025-08-02 02:15:44','2025-08-02 02:15:44'),(120,'faq_schema_config','[[[{\"key\":\"question\",\"value\":\"What Shipping Methods Are Available?\"},{\"key\":\"answer\",\"value\":\"Ex Portland Pitchfork irure mustache. Eutra fap before they sold out literally. Aliquip ugh bicycle rights actually mlkshk, seitan squid craft beer tempor.\"}],[{\"key\":\"question\",\"value\":\"Do You Ship Internationally?\"},{\"key\":\"answer\",\"value\":\"Hoodie tote bag mixtape tofu. Typewriter jean shorts wolf quinoa, messenger bag organic freegan cray.\"}],[{\"key\":\"question\",\"value\":\"How Long Will It Take To Get My Package?\"},{\"key\":\"answer\",\"value\":\"Swag slow-carb quinoa VHS typewriter pork belly brunch, paleo single-origin coffee Wes Anderson. Flexitarian Pitchfork forage, literally paleo fap pour-over. Wes Anderson Pinterest YOLO fanny pack meggings, deep v XOXO chambray sustainable slow-carb raw denim church-key fap chillwave Etsy. +1 typewriter kitsch, American Apparel tofu Banksy Vice.\"}],[{\"key\":\"question\",\"value\":\"What Payment Methods Are Accepted?\"},{\"key\":\"answer\",\"value\":\"Fashion axe DIY jean shorts, swag kale chips meh polaroid kogi butcher Wes Anderson chambray next level semiotics gentrify yr. Voluptate photo booth fugiat Vice. Austin sed Williamsburg, ea labore raw denim voluptate cred proident mixtape excepteur mustache. Twee chia photo booth readymade food truck, hoodie roof party swag keytar PBR DIY.\"}],[{\"key\":\"question\",\"value\":\"Is Buying On-Line Safe?\"},{\"key\":\"answer\",\"value\":\"Art party authentic freegan semiotics jean shorts chia cred. Neutra Austin roof party Brooklyn, synth Thundercats swag 8-bit photo booth. Plaid letterpress leggings craft beer meh ethical Pinterest.\"}]]]',59,'Botble\\Ecommerce\\Models\\Product','2025-08-02 02:15:44','2025-08-02 02:15:44'),(121,'faq_schema_config','[[[{\"key\":\"question\",\"value\":\"What Shipping Methods Are Available?\"},{\"key\":\"answer\",\"value\":\"Ex Portland Pitchfork irure mustache. Eutra fap before they sold out literally. Aliquip ugh bicycle rights actually mlkshk, seitan squid craft beer tempor.\"}],[{\"key\":\"question\",\"value\":\"Do You Ship Internationally?\"},{\"key\":\"answer\",\"value\":\"Hoodie tote bag mixtape tofu. Typewriter jean shorts wolf quinoa, messenger bag organic freegan cray.\"}],[{\"key\":\"question\",\"value\":\"How Long Will It Take To Get My Package?\"},{\"key\":\"answer\",\"value\":\"Swag slow-carb quinoa VHS typewriter pork belly brunch, paleo single-origin coffee Wes Anderson. Flexitarian Pitchfork forage, literally paleo fap pour-over. Wes Anderson Pinterest YOLO fanny pack meggings, deep v XOXO chambray sustainable slow-carb raw denim church-key fap chillwave Etsy. +1 typewriter kitsch, American Apparel tofu Banksy Vice.\"}],[{\"key\":\"question\",\"value\":\"What Payment Methods Are Accepted?\"},{\"key\":\"answer\",\"value\":\"Fashion axe DIY jean shorts, swag kale chips meh polaroid kogi butcher Wes Anderson chambray next level semiotics gentrify yr. Voluptate photo booth fugiat Vice. Austin sed Williamsburg, ea labore raw denim voluptate cred proident mixtape excepteur mustache. Twee chia photo booth readymade food truck, hoodie roof party swag keytar PBR DIY.\"}],[{\"key\":\"question\",\"value\":\"Is Buying On-Line Safe?\"},{\"key\":\"answer\",\"value\":\"Art party authentic freegan semiotics jean shorts chia cred. Neutra Austin roof party Brooklyn, synth Thundercats swag 8-bit photo booth. Plaid letterpress leggings craft beer meh ethical Pinterest.\"}]]]',60,'Botble\\Ecommerce\\Models\\Product','2025-08-02 02:15:44','2025-08-02 02:15:44'),(122,'faq_schema_config','[[[{\"key\":\"question\",\"value\":\"What Shipping Methods Are Available?\"},{\"key\":\"answer\",\"value\":\"Ex Portland Pitchfork irure mustache. Eutra fap before they sold out literally. Aliquip ugh bicycle rights actually mlkshk, seitan squid craft beer tempor.\"}],[{\"key\":\"question\",\"value\":\"Do You Ship Internationally?\"},{\"key\":\"answer\",\"value\":\"Hoodie tote bag mixtape tofu. Typewriter jean shorts wolf quinoa, messenger bag organic freegan cray.\"}],[{\"key\":\"question\",\"value\":\"How Long Will It Take To Get My Package?\"},{\"key\":\"answer\",\"value\":\"Swag slow-carb quinoa VHS typewriter pork belly brunch, paleo single-origin coffee Wes Anderson. Flexitarian Pitchfork forage, literally paleo fap pour-over. Wes Anderson Pinterest YOLO fanny pack meggings, deep v XOXO chambray sustainable slow-carb raw denim church-key fap chillwave Etsy. +1 typewriter kitsch, American Apparel tofu Banksy Vice.\"}],[{\"key\":\"question\",\"value\":\"What Payment Methods Are Accepted?\"},{\"key\":\"answer\",\"value\":\"Fashion axe DIY jean shorts, swag kale chips meh polaroid kogi butcher Wes Anderson chambray next level semiotics gentrify yr. Voluptate photo booth fugiat Vice. Austin sed Williamsburg, ea labore raw denim voluptate cred proident mixtape excepteur mustache. Twee chia photo booth readymade food truck, hoodie roof party swag keytar PBR DIY.\"}],[{\"key\":\"question\",\"value\":\"Is Buying On-Line Safe?\"},{\"key\":\"answer\",\"value\":\"Art party authentic freegan semiotics jean shorts chia cred. Neutra Austin roof party Brooklyn, synth Thundercats swag 8-bit photo booth. Plaid letterpress leggings craft beer meh ethical Pinterest.\"}]]]',61,'Botble\\Ecommerce\\Models\\Product','2025-08-02 02:15:44','2025-08-02 02:15:44'),(123,'faq_schema_config','[[[{\"key\":\"question\",\"value\":\"What Shipping Methods Are Available?\"},{\"key\":\"answer\",\"value\":\"Ex Portland Pitchfork irure mustache. Eutra fap before they sold out literally. Aliquip ugh bicycle rights actually mlkshk, seitan squid craft beer tempor.\"}],[{\"key\":\"question\",\"value\":\"Do You Ship Internationally?\"},{\"key\":\"answer\",\"value\":\"Hoodie tote bag mixtape tofu. Typewriter jean shorts wolf quinoa, messenger bag organic freegan cray.\"}],[{\"key\":\"question\",\"value\":\"How Long Will It Take To Get My Package?\"},{\"key\":\"answer\",\"value\":\"Swag slow-carb quinoa VHS typewriter pork belly brunch, paleo single-origin coffee Wes Anderson. Flexitarian Pitchfork forage, literally paleo fap pour-over. Wes Anderson Pinterest YOLO fanny pack meggings, deep v XOXO chambray sustainable slow-carb raw denim church-key fap chillwave Etsy. +1 typewriter kitsch, American Apparel tofu Banksy Vice.\"}],[{\"key\":\"question\",\"value\":\"What Payment Methods Are Accepted?\"},{\"key\":\"answer\",\"value\":\"Fashion axe DIY jean shorts, swag kale chips meh polaroid kogi butcher Wes Anderson chambray next level semiotics gentrify yr. Voluptate photo booth fugiat Vice. Austin sed Williamsburg, ea labore raw denim voluptate cred proident mixtape excepteur mustache. Twee chia photo booth readymade food truck, hoodie roof party swag keytar PBR DIY.\"}],[{\"key\":\"question\",\"value\":\"Is Buying On-Line Safe?\"},{\"key\":\"answer\",\"value\":\"Art party authentic freegan semiotics jean shorts chia cred. Neutra Austin roof party Brooklyn, synth Thundercats swag 8-bit photo booth. Plaid letterpress leggings craft beer meh ethical Pinterest.\"}]]]',62,'Botble\\Ecommerce\\Models\\Product','2025-08-02 02:15:44','2025-08-02 02:15:44'),(124,'faq_schema_config','[[[{\"key\":\"question\",\"value\":\"What Shipping Methods Are Available?\"},{\"key\":\"answer\",\"value\":\"Ex Portland Pitchfork irure mustache. Eutra fap before they sold out literally. Aliquip ugh bicycle rights actually mlkshk, seitan squid craft beer tempor.\"}],[{\"key\":\"question\",\"value\":\"Do You Ship Internationally?\"},{\"key\":\"answer\",\"value\":\"Hoodie tote bag mixtape tofu. Typewriter jean shorts wolf quinoa, messenger bag organic freegan cray.\"}],[{\"key\":\"question\",\"value\":\"How Long Will It Take To Get My Package?\"},{\"key\":\"answer\",\"value\":\"Swag slow-carb quinoa VHS typewriter pork belly brunch, paleo single-origin coffee Wes Anderson. Flexitarian Pitchfork forage, literally paleo fap pour-over. Wes Anderson Pinterest YOLO fanny pack meggings, deep v XOXO chambray sustainable slow-carb raw denim church-key fap chillwave Etsy. +1 typewriter kitsch, American Apparel tofu Banksy Vice.\"}],[{\"key\":\"question\",\"value\":\"What Payment Methods Are Accepted?\"},{\"key\":\"answer\",\"value\":\"Fashion axe DIY jean shorts, swag kale chips meh polaroid kogi butcher Wes Anderson chambray next level semiotics gentrify yr. Voluptate photo booth fugiat Vice. Austin sed Williamsburg, ea labore raw denim voluptate cred proident mixtape excepteur mustache. Twee chia photo booth readymade food truck, hoodie roof party swag keytar PBR DIY.\"}],[{\"key\":\"question\",\"value\":\"Is Buying On-Line Safe?\"},{\"key\":\"answer\",\"value\":\"Art party authentic freegan semiotics jean shorts chia cred. Neutra Austin roof party Brooklyn, synth Thundercats swag 8-bit photo booth. Plaid letterpress leggings craft beer meh ethical Pinterest.\"}]]]',63,'Botble\\Ecommerce\\Models\\Product','2025-08-02 02:15:44','2025-08-02 02:15:44'),(125,'faq_schema_config','[[[{\"key\":\"question\",\"value\":\"What Shipping Methods Are Available?\"},{\"key\":\"answer\",\"value\":\"Ex Portland Pitchfork irure mustache. Eutra fap before they sold out literally. Aliquip ugh bicycle rights actually mlkshk, seitan squid craft beer tempor.\"}],[{\"key\":\"question\",\"value\":\"Do You Ship Internationally?\"},{\"key\":\"answer\",\"value\":\"Hoodie tote bag mixtape tofu. Typewriter jean shorts wolf quinoa, messenger bag organic freegan cray.\"}],[{\"key\":\"question\",\"value\":\"How Long Will It Take To Get My Package?\"},{\"key\":\"answer\",\"value\":\"Swag slow-carb quinoa VHS typewriter pork belly brunch, paleo single-origin coffee Wes Anderson. Flexitarian Pitchfork forage, literally paleo fap pour-over. Wes Anderson Pinterest YOLO fanny pack meggings, deep v XOXO chambray sustainable slow-carb raw denim church-key fap chillwave Etsy. +1 typewriter kitsch, American Apparel tofu Banksy Vice.\"}],[{\"key\":\"question\",\"value\":\"What Payment Methods Are Accepted?\"},{\"key\":\"answer\",\"value\":\"Fashion axe DIY jean shorts, swag kale chips meh polaroid kogi butcher Wes Anderson chambray next level semiotics gentrify yr. Voluptate photo booth fugiat Vice. Austin sed Williamsburg, ea labore raw denim voluptate cred proident mixtape excepteur mustache. Twee chia photo booth readymade food truck, hoodie roof party swag keytar PBR DIY.\"}],[{\"key\":\"question\",\"value\":\"Is Buying On-Line Safe?\"},{\"key\":\"answer\",\"value\":\"Art party authentic freegan semiotics jean shorts chia cred. Neutra Austin roof party Brooklyn, synth Thundercats swag 8-bit photo booth. Plaid letterpress leggings craft beer meh ethical Pinterest.\"}]]]',64,'Botble\\Ecommerce\\Models\\Product','2025-08-02 02:15:44','2025-08-02 02:15:44'),(126,'faq_schema_config','[[[{\"key\":\"question\",\"value\":\"What Shipping Methods Are Available?\"},{\"key\":\"answer\",\"value\":\"Ex Portland Pitchfork irure mustache. Eutra fap before they sold out literally. Aliquip ugh bicycle rights actually mlkshk, seitan squid craft beer tempor.\"}],[{\"key\":\"question\",\"value\":\"Do You Ship Internationally?\"},{\"key\":\"answer\",\"value\":\"Hoodie tote bag mixtape tofu. Typewriter jean shorts wolf quinoa, messenger bag organic freegan cray.\"}],[{\"key\":\"question\",\"value\":\"How Long Will It Take To Get My Package?\"},{\"key\":\"answer\",\"value\":\"Swag slow-carb quinoa VHS typewriter pork belly brunch, paleo single-origin coffee Wes Anderson. Flexitarian Pitchfork forage, literally paleo fap pour-over. Wes Anderson Pinterest YOLO fanny pack meggings, deep v XOXO chambray sustainable slow-carb raw denim church-key fap chillwave Etsy. +1 typewriter kitsch, American Apparel tofu Banksy Vice.\"}],[{\"key\":\"question\",\"value\":\"What Payment Methods Are Accepted?\"},{\"key\":\"answer\",\"value\":\"Fashion axe DIY jean shorts, swag kale chips meh polaroid kogi butcher Wes Anderson chambray next level semiotics gentrify yr. Voluptate photo booth fugiat Vice. Austin sed Williamsburg, ea labore raw denim voluptate cred proident mixtape excepteur mustache. Twee chia photo booth readymade food truck, hoodie roof party swag keytar PBR DIY.\"}],[{\"key\":\"question\",\"value\":\"Is Buying On-Line Safe?\"},{\"key\":\"answer\",\"value\":\"Art party authentic freegan semiotics jean shorts chia cred. Neutra Austin roof party Brooklyn, synth Thundercats swag 8-bit photo booth. Plaid letterpress leggings craft beer meh ethical Pinterest.\"}]]]',65,'Botble\\Ecommerce\\Models\\Product','2025-08-02 02:15:44','2025-08-02 02:15:44'),(127,'faq_schema_config','[[[{\"key\":\"question\",\"value\":\"What Shipping Methods Are Available?\"},{\"key\":\"answer\",\"value\":\"Ex Portland Pitchfork irure mustache. Eutra fap before they sold out literally. Aliquip ugh bicycle rights actually mlkshk, seitan squid craft beer tempor.\"}],[{\"key\":\"question\",\"value\":\"Do You Ship Internationally?\"},{\"key\":\"answer\",\"value\":\"Hoodie tote bag mixtape tofu. Typewriter jean shorts wolf quinoa, messenger bag organic freegan cray.\"}],[{\"key\":\"question\",\"value\":\"How Long Will It Take To Get My Package?\"},{\"key\":\"answer\",\"value\":\"Swag slow-carb quinoa VHS typewriter pork belly brunch, paleo single-origin coffee Wes Anderson. Flexitarian Pitchfork forage, literally paleo fap pour-over. Wes Anderson Pinterest YOLO fanny pack meggings, deep v XOXO chambray sustainable slow-carb raw denim church-key fap chillwave Etsy. +1 typewriter kitsch, American Apparel tofu Banksy Vice.\"}],[{\"key\":\"question\",\"value\":\"What Payment Methods Are Accepted?\"},{\"key\":\"answer\",\"value\":\"Fashion axe DIY jean shorts, swag kale chips meh polaroid kogi butcher Wes Anderson chambray next level semiotics gentrify yr. Voluptate photo booth fugiat Vice. Austin sed Williamsburg, ea labore raw denim voluptate cred proident mixtape excepteur mustache. Twee chia photo booth readymade food truck, hoodie roof party swag keytar PBR DIY.\"}],[{\"key\":\"question\",\"value\":\"Is Buying On-Line Safe?\"},{\"key\":\"answer\",\"value\":\"Art party authentic freegan semiotics jean shorts chia cred. Neutra Austin roof party Brooklyn, synth Thundercats swag 8-bit photo booth. Plaid letterpress leggings craft beer meh ethical Pinterest.\"}]]]',66,'Botble\\Ecommerce\\Models\\Product','2025-08-02 02:15:44','2025-08-02 02:15:44'),(128,'faq_schema_config','[[[{\"key\":\"question\",\"value\":\"What Shipping Methods Are Available?\"},{\"key\":\"answer\",\"value\":\"Ex Portland Pitchfork irure mustache. Eutra fap before they sold out literally. Aliquip ugh bicycle rights actually mlkshk, seitan squid craft beer tempor.\"}],[{\"key\":\"question\",\"value\":\"Do You Ship Internationally?\"},{\"key\":\"answer\",\"value\":\"Hoodie tote bag mixtape tofu. Typewriter jean shorts wolf quinoa, messenger bag organic freegan cray.\"}],[{\"key\":\"question\",\"value\":\"How Long Will It Take To Get My Package?\"},{\"key\":\"answer\",\"value\":\"Swag slow-carb quinoa VHS typewriter pork belly brunch, paleo single-origin coffee Wes Anderson. Flexitarian Pitchfork forage, literally paleo fap pour-over. Wes Anderson Pinterest YOLO fanny pack meggings, deep v XOXO chambray sustainable slow-carb raw denim church-key fap chillwave Etsy. +1 typewriter kitsch, American Apparel tofu Banksy Vice.\"}],[{\"key\":\"question\",\"value\":\"What Payment Methods Are Accepted?\"},{\"key\":\"answer\",\"value\":\"Fashion axe DIY jean shorts, swag kale chips meh polaroid kogi butcher Wes Anderson chambray next level semiotics gentrify yr. Voluptate photo booth fugiat Vice. Austin sed Williamsburg, ea labore raw denim voluptate cred proident mixtape excepteur mustache. Twee chia photo booth readymade food truck, hoodie roof party swag keytar PBR DIY.\"}],[{\"key\":\"question\",\"value\":\"Is Buying On-Line Safe?\"},{\"key\":\"answer\",\"value\":\"Art party authentic freegan semiotics jean shorts chia cred. Neutra Austin roof party Brooklyn, synth Thundercats swag 8-bit photo booth. Plaid letterpress leggings craft beer meh ethical Pinterest.\"}]]]',67,'Botble\\Ecommerce\\Models\\Product','2025-08-02 02:15:44','2025-08-02 02:15:44'),(129,'faq_schema_config','[[[{\"key\":\"question\",\"value\":\"What Shipping Methods Are Available?\"},{\"key\":\"answer\",\"value\":\"Ex Portland Pitchfork irure mustache. Eutra fap before they sold out literally. Aliquip ugh bicycle rights actually mlkshk, seitan squid craft beer tempor.\"}],[{\"key\":\"question\",\"value\":\"Do You Ship Internationally?\"},{\"key\":\"answer\",\"value\":\"Hoodie tote bag mixtape tofu. Typewriter jean shorts wolf quinoa, messenger bag organic freegan cray.\"}],[{\"key\":\"question\",\"value\":\"How Long Will It Take To Get My Package?\"},{\"key\":\"answer\",\"value\":\"Swag slow-carb quinoa VHS typewriter pork belly brunch, paleo single-origin coffee Wes Anderson. Flexitarian Pitchfork forage, literally paleo fap pour-over. Wes Anderson Pinterest YOLO fanny pack meggings, deep v XOXO chambray sustainable slow-carb raw denim church-key fap chillwave Etsy. +1 typewriter kitsch, American Apparel tofu Banksy Vice.\"}],[{\"key\":\"question\",\"value\":\"What Payment Methods Are Accepted?\"},{\"key\":\"answer\",\"value\":\"Fashion axe DIY jean shorts, swag kale chips meh polaroid kogi butcher Wes Anderson chambray next level semiotics gentrify yr. Voluptate photo booth fugiat Vice. Austin sed Williamsburg, ea labore raw denim voluptate cred proident mixtape excepteur mustache. Twee chia photo booth readymade food truck, hoodie roof party swag keytar PBR DIY.\"}],[{\"key\":\"question\",\"value\":\"Is Buying On-Line Safe?\"},{\"key\":\"answer\",\"value\":\"Art party authentic freegan semiotics jean shorts chia cred. Neutra Austin roof party Brooklyn, synth Thundercats swag 8-bit photo booth. Plaid letterpress leggings craft beer meh ethical Pinterest.\"}]]]',68,'Botble\\Ecommerce\\Models\\Product','2025-08-02 02:15:44','2025-08-02 02:15:44'),(130,'faq_schema_config','[[[{\"key\":\"question\",\"value\":\"What Shipping Methods Are Available?\"},{\"key\":\"answer\",\"value\":\"Ex Portland Pitchfork irure mustache. Eutra fap before they sold out literally. Aliquip ugh bicycle rights actually mlkshk, seitan squid craft beer tempor.\"}],[{\"key\":\"question\",\"value\":\"Do You Ship Internationally?\"},{\"key\":\"answer\",\"value\":\"Hoodie tote bag mixtape tofu. Typewriter jean shorts wolf quinoa, messenger bag organic freegan cray.\"}],[{\"key\":\"question\",\"value\":\"How Long Will It Take To Get My Package?\"},{\"key\":\"answer\",\"value\":\"Swag slow-carb quinoa VHS typewriter pork belly brunch, paleo single-origin coffee Wes Anderson. Flexitarian Pitchfork forage, literally paleo fap pour-over. Wes Anderson Pinterest YOLO fanny pack meggings, deep v XOXO chambray sustainable slow-carb raw denim church-key fap chillwave Etsy. +1 typewriter kitsch, American Apparel tofu Banksy Vice.\"}],[{\"key\":\"question\",\"value\":\"What Payment Methods Are Accepted?\"},{\"key\":\"answer\",\"value\":\"Fashion axe DIY jean shorts, swag kale chips meh polaroid kogi butcher Wes Anderson chambray next level semiotics gentrify yr. Voluptate photo booth fugiat Vice. Austin sed Williamsburg, ea labore raw denim voluptate cred proident mixtape excepteur mustache. Twee chia photo booth readymade food truck, hoodie roof party swag keytar PBR DIY.\"}],[{\"key\":\"question\",\"value\":\"Is Buying On-Line Safe?\"},{\"key\":\"answer\",\"value\":\"Art party authentic freegan semiotics jean shorts chia cred. Neutra Austin roof party Brooklyn, synth Thundercats swag 8-bit photo booth. Plaid letterpress leggings craft beer meh ethical Pinterest.\"}]]]',69,'Botble\\Ecommerce\\Models\\Product','2025-08-02 02:15:44','2025-08-02 02:15:44'),(131,'faq_schema_config','[[[{\"key\":\"question\",\"value\":\"What Shipping Methods Are Available?\"},{\"key\":\"answer\",\"value\":\"Ex Portland Pitchfork irure mustache. Eutra fap before they sold out literally. Aliquip ugh bicycle rights actually mlkshk, seitan squid craft beer tempor.\"}],[{\"key\":\"question\",\"value\":\"Do You Ship Internationally?\"},{\"key\":\"answer\",\"value\":\"Hoodie tote bag mixtape tofu. Typewriter jean shorts wolf quinoa, messenger bag organic freegan cray.\"}],[{\"key\":\"question\",\"value\":\"How Long Will It Take To Get My Package?\"},{\"key\":\"answer\",\"value\":\"Swag slow-carb quinoa VHS typewriter pork belly brunch, paleo single-origin coffee Wes Anderson. Flexitarian Pitchfork forage, literally paleo fap pour-over. Wes Anderson Pinterest YOLO fanny pack meggings, deep v XOXO chambray sustainable slow-carb raw denim church-key fap chillwave Etsy. +1 typewriter kitsch, American Apparel tofu Banksy Vice.\"}],[{\"key\":\"question\",\"value\":\"What Payment Methods Are Accepted?\"},{\"key\":\"answer\",\"value\":\"Fashion axe DIY jean shorts, swag kale chips meh polaroid kogi butcher Wes Anderson chambray next level semiotics gentrify yr. Voluptate photo booth fugiat Vice. Austin sed Williamsburg, ea labore raw denim voluptate cred proident mixtape excepteur mustache. Twee chia photo booth readymade food truck, hoodie roof party swag keytar PBR DIY.\"}],[{\"key\":\"question\",\"value\":\"Is Buying On-Line Safe?\"},{\"key\":\"answer\",\"value\":\"Art party authentic freegan semiotics jean shorts chia cred. Neutra Austin roof party Brooklyn, synth Thundercats swag 8-bit photo booth. Plaid letterpress leggings craft beer meh ethical Pinterest.\"}]]]',70,'Botble\\Ecommerce\\Models\\Product','2025-08-02 02:15:44','2025-08-02 02:15:44'),(132,'faq_schema_config','[[[{\"key\":\"question\",\"value\":\"What Shipping Methods Are Available?\"},{\"key\":\"answer\",\"value\":\"Ex Portland Pitchfork irure mustache. Eutra fap before they sold out literally. Aliquip ugh bicycle rights actually mlkshk, seitan squid craft beer tempor.\"}],[{\"key\":\"question\",\"value\":\"Do You Ship Internationally?\"},{\"key\":\"answer\",\"value\":\"Hoodie tote bag mixtape tofu. Typewriter jean shorts wolf quinoa, messenger bag organic freegan cray.\"}],[{\"key\":\"question\",\"value\":\"How Long Will It Take To Get My Package?\"},{\"key\":\"answer\",\"value\":\"Swag slow-carb quinoa VHS typewriter pork belly brunch, paleo single-origin coffee Wes Anderson. Flexitarian Pitchfork forage, literally paleo fap pour-over. Wes Anderson Pinterest YOLO fanny pack meggings, deep v XOXO chambray sustainable slow-carb raw denim church-key fap chillwave Etsy. +1 typewriter kitsch, American Apparel tofu Banksy Vice.\"}],[{\"key\":\"question\",\"value\":\"What Payment Methods Are Accepted?\"},{\"key\":\"answer\",\"value\":\"Fashion axe DIY jean shorts, swag kale chips meh polaroid kogi butcher Wes Anderson chambray next level semiotics gentrify yr. Voluptate photo booth fugiat Vice. Austin sed Williamsburg, ea labore raw denim voluptate cred proident mixtape excepteur mustache. Twee chia photo booth readymade food truck, hoodie roof party swag keytar PBR DIY.\"}],[{\"key\":\"question\",\"value\":\"Is Buying On-Line Safe?\"},{\"key\":\"answer\",\"value\":\"Art party authentic freegan semiotics jean shorts chia cred. Neutra Austin roof party Brooklyn, synth Thundercats swag 8-bit photo booth. Plaid letterpress leggings craft beer meh ethical Pinterest.\"}]]]',71,'Botble\\Ecommerce\\Models\\Product','2025-08-02 02:15:44','2025-08-02 02:15:44'),(133,'faq_schema_config','[[[{\"key\":\"question\",\"value\":\"What Shipping Methods Are Available?\"},{\"key\":\"answer\",\"value\":\"Ex Portland Pitchfork irure mustache. Eutra fap before they sold out literally. Aliquip ugh bicycle rights actually mlkshk, seitan squid craft beer tempor.\"}],[{\"key\":\"question\",\"value\":\"Do You Ship Internationally?\"},{\"key\":\"answer\",\"value\":\"Hoodie tote bag mixtape tofu. Typewriter jean shorts wolf quinoa, messenger bag organic freegan cray.\"}],[{\"key\":\"question\",\"value\":\"How Long Will It Take To Get My Package?\"},{\"key\":\"answer\",\"value\":\"Swag slow-carb quinoa VHS typewriter pork belly brunch, paleo single-origin coffee Wes Anderson. Flexitarian Pitchfork forage, literally paleo fap pour-over. Wes Anderson Pinterest YOLO fanny pack meggings, deep v XOXO chambray sustainable slow-carb raw denim church-key fap chillwave Etsy. +1 typewriter kitsch, American Apparel tofu Banksy Vice.\"}],[{\"key\":\"question\",\"value\":\"What Payment Methods Are Accepted?\"},{\"key\":\"answer\",\"value\":\"Fashion axe DIY jean shorts, swag kale chips meh polaroid kogi butcher Wes Anderson chambray next level semiotics gentrify yr. Voluptate photo booth fugiat Vice. Austin sed Williamsburg, ea labore raw denim voluptate cred proident mixtape excepteur mustache. Twee chia photo booth readymade food truck, hoodie roof party swag keytar PBR DIY.\"}],[{\"key\":\"question\",\"value\":\"Is Buying On-Line Safe?\"},{\"key\":\"answer\",\"value\":\"Art party authentic freegan semiotics jean shorts chia cred. Neutra Austin roof party Brooklyn, synth Thundercats swag 8-bit photo booth. Plaid letterpress leggings craft beer meh ethical Pinterest.\"}]]]',72,'Botble\\Ecommerce\\Models\\Product','2025-08-02 02:15:44','2025-08-02 02:15:44'),(134,'faq_schema_config','[[[{\"key\":\"question\",\"value\":\"What Shipping Methods Are Available?\"},{\"key\":\"answer\",\"value\":\"Ex Portland Pitchfork irure mustache. Eutra fap before they sold out literally. Aliquip ugh bicycle rights actually mlkshk, seitan squid craft beer tempor.\"}],[{\"key\":\"question\",\"value\":\"Do You Ship Internationally?\"},{\"key\":\"answer\",\"value\":\"Hoodie tote bag mixtape tofu. Typewriter jean shorts wolf quinoa, messenger bag organic freegan cray.\"}],[{\"key\":\"question\",\"value\":\"How Long Will It Take To Get My Package?\"},{\"key\":\"answer\",\"value\":\"Swag slow-carb quinoa VHS typewriter pork belly brunch, paleo single-origin coffee Wes Anderson. Flexitarian Pitchfork forage, literally paleo fap pour-over. Wes Anderson Pinterest YOLO fanny pack meggings, deep v XOXO chambray sustainable slow-carb raw denim church-key fap chillwave Etsy. +1 typewriter kitsch, American Apparel tofu Banksy Vice.\"}],[{\"key\":\"question\",\"value\":\"What Payment Methods Are Accepted?\"},{\"key\":\"answer\",\"value\":\"Fashion axe DIY jean shorts, swag kale chips meh polaroid kogi butcher Wes Anderson chambray next level semiotics gentrify yr. Voluptate photo booth fugiat Vice. Austin sed Williamsburg, ea labore raw denim voluptate cred proident mixtape excepteur mustache. Twee chia photo booth readymade food truck, hoodie roof party swag keytar PBR DIY.\"}],[{\"key\":\"question\",\"value\":\"Is Buying On-Line Safe?\"},{\"key\":\"answer\",\"value\":\"Art party authentic freegan semiotics jean shorts chia cred. Neutra Austin roof party Brooklyn, synth Thundercats swag 8-bit photo booth. Plaid letterpress leggings craft beer meh ethical Pinterest.\"}]]]',73,'Botble\\Ecommerce\\Models\\Product','2025-08-02 02:15:44','2025-08-02 02:15:44'),(135,'faq_schema_config','[[[{\"key\":\"question\",\"value\":\"What Shipping Methods Are Available?\"},{\"key\":\"answer\",\"value\":\"Ex Portland Pitchfork irure mustache. Eutra fap before they sold out literally. Aliquip ugh bicycle rights actually mlkshk, seitan squid craft beer tempor.\"}],[{\"key\":\"question\",\"value\":\"Do You Ship Internationally?\"},{\"key\":\"answer\",\"value\":\"Hoodie tote bag mixtape tofu. Typewriter jean shorts wolf quinoa, messenger bag organic freegan cray.\"}],[{\"key\":\"question\",\"value\":\"How Long Will It Take To Get My Package?\"},{\"key\":\"answer\",\"value\":\"Swag slow-carb quinoa VHS typewriter pork belly brunch, paleo single-origin coffee Wes Anderson. Flexitarian Pitchfork forage, literally paleo fap pour-over. Wes Anderson Pinterest YOLO fanny pack meggings, deep v XOXO chambray sustainable slow-carb raw denim church-key fap chillwave Etsy. +1 typewriter kitsch, American Apparel tofu Banksy Vice.\"}],[{\"key\":\"question\",\"value\":\"What Payment Methods Are Accepted?\"},{\"key\":\"answer\",\"value\":\"Fashion axe DIY jean shorts, swag kale chips meh polaroid kogi butcher Wes Anderson chambray next level semiotics gentrify yr. Voluptate photo booth fugiat Vice. Austin sed Williamsburg, ea labore raw denim voluptate cred proident mixtape excepteur mustache. Twee chia photo booth readymade food truck, hoodie roof party swag keytar PBR DIY.\"}],[{\"key\":\"question\",\"value\":\"Is Buying On-Line Safe?\"},{\"key\":\"answer\",\"value\":\"Art party authentic freegan semiotics jean shorts chia cred. Neutra Austin roof party Brooklyn, synth Thundercats swag 8-bit photo booth. Plaid letterpress leggings craft beer meh ethical Pinterest.\"}]]]',74,'Botble\\Ecommerce\\Models\\Product','2025-08-02 02:15:44','2025-08-02 02:15:44'),(136,'faq_schema_config','[[[{\"key\":\"question\",\"value\":\"What Shipping Methods Are Available?\"},{\"key\":\"answer\",\"value\":\"Ex Portland Pitchfork irure mustache. Eutra fap before they sold out literally. Aliquip ugh bicycle rights actually mlkshk, seitan squid craft beer tempor.\"}],[{\"key\":\"question\",\"value\":\"Do You Ship Internationally?\"},{\"key\":\"answer\",\"value\":\"Hoodie tote bag mixtape tofu. Typewriter jean shorts wolf quinoa, messenger bag organic freegan cray.\"}],[{\"key\":\"question\",\"value\":\"How Long Will It Take To Get My Package?\"},{\"key\":\"answer\",\"value\":\"Swag slow-carb quinoa VHS typewriter pork belly brunch, paleo single-origin coffee Wes Anderson. Flexitarian Pitchfork forage, literally paleo fap pour-over. Wes Anderson Pinterest YOLO fanny pack meggings, deep v XOXO chambray sustainable slow-carb raw denim church-key fap chillwave Etsy. +1 typewriter kitsch, American Apparel tofu Banksy Vice.\"}],[{\"key\":\"question\",\"value\":\"What Payment Methods Are Accepted?\"},{\"key\":\"answer\",\"value\":\"Fashion axe DIY jean shorts, swag kale chips meh polaroid kogi butcher Wes Anderson chambray next level semiotics gentrify yr. Voluptate photo booth fugiat Vice. Austin sed Williamsburg, ea labore raw denim voluptate cred proident mixtape excepteur mustache. Twee chia photo booth readymade food truck, hoodie roof party swag keytar PBR DIY.\"}],[{\"key\":\"question\",\"value\":\"Is Buying On-Line Safe?\"},{\"key\":\"answer\",\"value\":\"Art party authentic freegan semiotics jean shorts chia cred. Neutra Austin roof party Brooklyn, synth Thundercats swag 8-bit photo booth. Plaid letterpress leggings craft beer meh ethical Pinterest.\"}]]]',75,'Botble\\Ecommerce\\Models\\Product','2025-08-02 02:15:44','2025-08-02 02:15:44'),(137,'title','[\"Satisfied client testimonial\"]',1,'Botble\\Testimonial\\Models\\Testimonial','2025-08-02 02:15:52','2025-08-02 02:15:52'),(138,'star','[5]',1,'Botble\\Testimonial\\Models\\Testimonial','2025-08-02 02:15:52','2025-08-02 02:15:52'),(139,'title','[\"98% of residents recommend us\"]',2,'Botble\\Testimonial\\Models\\Testimonial','2025-08-02 02:15:52','2025-08-02 02:15:52'),(140,'star','[5]',2,'Botble\\Testimonial\\Models\\Testimonial','2025-08-02 02:15:52','2025-08-02 02:15:52'),(141,'title','[\"Our success stories\"]',3,'Botble\\Testimonial\\Models\\Testimonial','2025-08-02 02:15:52','2025-08-02 02:15:52'),(142,'star','[5]',3,'Botble\\Testimonial\\Models\\Testimonial','2025-08-02 02:15:52','2025-08-02 02:15:52'),(143,'title','[\"This is simply unbelievable\"]',4,'Botble\\Testimonial\\Models\\Testimonial','2025-08-02 02:15:52','2025-08-02 02:15:52'),(144,'star','[5]',4,'Botble\\Testimonial\\Models\\Testimonial','2025-08-02 02:15:52','2025-08-02 02:15:52');
/*!40000 ALTER TABLE `meta_boxes` ENABLE KEYS */;
UNLOCK TABLES;

--
-- Table structure for table `migrations`
--

DROP TABLE IF EXISTS `migrations`;
/*!40101 SET @saved_cs_client     = @@character_set_client */;
/*!50503 SET character_set_client = utf8mb4 */;
CREATE TABLE `migrations` (
  `id` int unsigned NOT NULL AUTO_INCREMENT,
  `migration` varchar(191) COLLATE utf8mb4_unicode_ci NOT NULL,
  `batch` int NOT NULL,
  PRIMARY KEY (`id`)
) ENGINE=InnoDB AUTO_INCREMENT=241 DEFAULT CHARSET=utf8mb4 COLLATE=utf8mb4_unicode_ci;
/*!40101 SET character_set_client = @saved_cs_client */;

--
-- Dumping data for table `migrations`
--

LOCK TABLES `migrations` WRITE;
/*!40000 ALTER TABLE `migrations` DISABLE KEYS */;
INSERT INTO `migrations` VALUES (1,'0001_01_01_000001_create_cache_table',1),(2,'2013_04_09_032329_create_base_tables',1),(3,'2013_04_09_062329_create_revisions_table',1),(4,'2014_10_12_000000_create_users_table',1),(5,'2014_10_12_100000_create_password_reset_tokens_table',1),(6,'2016_06_10_230148_create_acl_tables',1),(7,'2016_06_14_230857_create_menus_table',1),(8,'2016_06_28_221418_create_pages_table',1),(9,'2016_10_05_074239_create_setting_table',1),(10,'2016_11_28_032840_create_dashboard_widget_tables',1),(11,'2016_12_16_084601_create_widgets_table',1),(12,'2017_05_09_070343_create_media_tables',1),(13,'2017_11_03_070450_create_slug_table',1),(14,'2019_01_05_053554_create_jobs_table',1),(15,'2019_08_19_000000_create_failed_jobs_table',1),(16,'2019_12_14_000001_create_personal_access_tokens_table',1),(17,'2022_04_20_100851_add_index_to_media_table',1),(18,'2022_04_20_101046_add_index_to_menu_table',1),(19,'2022_07_10_034813_move_lang_folder_to_root',1),(20,'2022_08_04_051940_add_missing_column_expires_at',1),(21,'2022_09_01_000001_create_admin_notifications_tables',1),(22,'2022_10_14_024629_drop_column_is_featured',1),(23,'2022_11_18_063357_add_missing_timestamp_in_table_settings',1),(24,'2022_12_02_093615_update_slug_index_columns',1),(25,'2023_01_30_024431_add_alt_to_media_table',1),(26,'2023_02_16_042611_drop_table_password_resets',1),(27,'2023_04_23_005903_add_column_permissions_to_admin_notifications',1),(28,'2023_05_10_075124_drop_column_id_in_role_users_table',1),(29,'2023_08_21_090810_make_page_content_nullable',1),(30,'2023_08_26_080444_fix_missing_copyright_widget',1),(31,'2023_09_07_025340_activate_mollie_and_sale_popup_plugin',1),(32,'2023_09_14_021936_update_index_for_slugs_table',1),(33,'2023_10_27_023808_update_page_metabox',1),(34,'2023_11_22_071805_migrate_header_messages_to_announcements_table',1),(35,'2023_12_07_095130_add_color_column_to_media_folders_table',1),(36,'2023_12_17_162208_make_sure_column_color_in_media_folders_nullable',1),(37,'2024_03_25_000000_migrate_rename_shortcode_contact_box_to_contact_form',1),(38,'2024_04_04_110758_update_value_column_in_user_meta_table',1),(39,'2024_05_12_091229_add_column_visibility_to_table_media_files',1),(40,'2024_07_07_091316_fix_column_url_in_menu_nodes_table',1),(41,'2024_07_12_100000_change_random_hash_for_media',1),(42,'2024_09_30_024515_create_sessions_table',1),(43,'2024_12_19_000001_create_device_tokens_table',1),(44,'2024_12_19_000002_create_push_notifications_table',1),(45,'2024_12_19_000003_create_push_notification_recipients_table',1),(46,'2024_12_30_000001_create_user_settings_table',1),(47,'2025_07_06_030754_add_phone_to_users_table',1),(48,'2025_07_31_add_performance_indexes_to_slugs_table',1),(49,'2020_11_18_150916_ads_create_ads_table',2),(50,'2021_12_02_035301_add_ads_translations_table',2),(51,'2023_04_17_062645_add_open_in_new_tab',2),(52,'2023_11_07_023805_add_tablet_mobile_image',2),(53,'2024_04_01_043317_add_google_adsense_slot_id_to_ads_table',2),(54,'2025_04_21_000000_add_tablet_mobile_image_to_ads_translations_table',2),(55,'2024_04_27_100730_improve_analytics_setting',3),(56,'2023_08_11_060908_create_announcements_table',4),(57,'2025_02_11_153025_add_action_label_to_announcement_translations',4),(58,'2015_06_29_025744_create_audit_history',5),(59,'2023_11_14_033417_change_request_column_in_table_audit_histories',5),(60,'2025_05_05_000001_add_user_type_to_audit_histories_table',5),(61,'2015_06_18_033822_create_blog_table',6),(62,'2021_02_16_092633_remove_default_value_for_author_type',6),(63,'2021_12_03_030600_create_blog_translations',6),(64,'2022_04_19_113923_add_index_to_table_posts',6),(65,'2023_08_29_074620_make_column_author_id_nullable',6),(66,'2024_07_30_091615_fix_order_column_in_categories_table',6),(67,'2025_01_06_033807_add_default_value_for_categories_author_type',6),(68,'2016_06_17_091537_create_contacts_table',7),(69,'2023_11_10_080225_migrate_contact_blacklist_email_domains_to_core',7),(70,'2024_03_20_080001_migrate_change_attribute_email_to_nullable_form_contacts_table',7),(71,'2024_03_25_000001_update_captcha_settings_for_contact',7),(72,'2024_04_19_063914_create_custom_fields_table',7),(73,'2020_03_05_041139_create_ecommerce_tables',8),(74,'2021_01_01_044147_ecommerce_create_flash_sale_table',8),(75,'2021_01_17_082713_add_column_is_featured_to_product_collections_table',8),(76,'2021_01_18_024333_add_zip_code_into_table_customer_addresses',8),(77,'2021_02_18_073505_update_table_ec_reviews',8),(78,'2021_03_10_024419_add_column_confirmed_at_to_table_ec_customers',8),(79,'2021_03_10_025153_change_column_tax_amount',8),(80,'2021_03_20_033103_add_column_availability_to_table_ec_products',8),(81,'2021_04_28_074008_ecommerce_create_product_label_table',8),(82,'2021_05_31_173037_ecommerce_create_ec_products_translations',8),(83,'2021_08_17_105016_remove_column_currency_id_in_some_tables',8),(84,'2021_08_30_142128_add_images_column_to_ec_reviews_table',8),(85,'2021_10_04_030050_add_column_created_by_to_table_ec_products',8),(86,'2021_10_05_122616_add_status_column_to_ec_customers_table',8),(87,'2021_11_03_025806_nullable_phone_number_in_ec_customer_addresses',8),(88,'2021_11_23_071403_correct_languages_for_product_variations',8),(89,'2021_11_28_031808_add_product_tags_translations',8),(90,'2021_12_01_031123_add_featured_image_to_ec_products',8),(91,'2022_01_01_033107_update_table_ec_shipments',8),(92,'2022_02_16_042457_improve_product_attribute_sets',8),(93,'2022_03_22_075758_correct_product_name',8),(94,'2022_04_19_113334_add_index_to_ec_products',8),(95,'2022_04_28_144405_remove_unused_table',8),(96,'2022_05_05_115015_create_ec_customer_recently_viewed_products_table',8),(97,'2022_05_18_143720_add_index_to_table_ec_product_categories',8),(98,'2022_06_16_095633_add_index_to_some_tables',8),(99,'2022_06_30_035148_create_order_referrals_table',8),(100,'2022_07_24_153815_add_completed_at_to_ec_orders_table',8),(101,'2022_08_14_032836_create_ec_order_returns_table',8),(102,'2022_08_14_033554_create_ec_order_return_items_table',8),(103,'2022_08_15_040324_add_billing_address',8),(104,'2022_08_30_091114_support_digital_products_table',8),(105,'2022_09_13_095744_create_options_table',8),(106,'2022_09_13_104347_create_option_value_table',8),(107,'2022_10_05_163518_alter_table_ec_order_product',8),(108,'2022_10_12_041517_create_invoices_table',8),(109,'2022_10_12_142226_update_orders_table',8),(110,'2022_10_13_024916_update_table_order_returns',8),(111,'2022_10_21_030830_update_columns_in_ec_shipments_table',8),(112,'2022_10_28_021046_update_columns_in_ec_shipments_table',8),(113,'2022_11_16_034522_update_type_column_in_ec_shipping_rules_table',8),(114,'2022_11_19_041643_add_ec_tax_product_table',8),(115,'2022_12_12_063830_update_tax_defadult_in_ec_tax_products_table',8),(116,'2022_12_17_041532_fix_address_in_order_invoice',8),(117,'2022_12_26_070329_create_ec_product_views_table',8),(118,'2023_01_04_033051_fix_product_categories',8),(119,'2023_01_09_050400_add_ec_global_options_translations_table',8),(120,'2023_01_10_093754_add_missing_option_value_id',8),(121,'2023_01_17_082713_add_column_barcode_and_cost_per_item_to_product_table',8),(122,'2023_01_26_021854_add_ec_customer_used_coupons_table',8),(123,'2023_02_08_015900_update_options_column_in_ec_order_product_table',8),(124,'2023_02_27_095752_remove_duplicate_reviews',8),(125,'2023_03_20_115757_add_user_type_column_to_ec_shipment_histories_table',8),(126,'2023_04_21_082427_create_ec_product_categorizables_table',8),(127,'2023_05_03_011331_add_missing_column_price_into_invoice_items_table',8),(128,'2023_05_17_025812_fix_invoice_issue',8),(129,'2023_05_26_073140_move_option_make_phone_field_optional_at_checkout_page_to_mandatory_fields',8),(130,'2023_05_27_144611_fix_exchange_rate_setting',8),(131,'2023_06_22_084331_add_generate_license_code_to_ec_products_table',8),(132,'2023_06_30_042512_create_ec_order_tax_information_table',8),(133,'2023_07_14_022724_remove_column_id_from_ec_product_collection_products',8),(134,'2023_08_09_012940_remove_column_status_in_ec_product_attributes',8),(135,'2023_08_15_064505_create_ec_tax_rules_table',8),(136,'2023_08_21_021819_make_column_address_in_ec_customer_addresses_nullable',8),(137,'2023_08_22_094114_drop_unique_for_barcode',8),(138,'2023_08_30_031811_add_apply_via_url_column_to_ec_discounts_table',8),(139,'2023_09_07_094312_add_index_to_product_sku_and_translations',8),(140,'2023_09_19_024955_create_discount_product_categories_table',8),(141,'2023_10_17_070728_add_icon_and_icon_image_to_product_categories_table',8),(142,'2023_11_22_154643_add_unique_in_table_ec_products_variations',8),(143,'2023_11_27_032313_add_price_columns_to_ec_product_cross_sale_relations_table',8),(144,'2023_12_06_023945_add_display_on_checkout_column_to_ec_discounts_table',8),(145,'2023_12_25_040604_ec_create_review_replies_table',8),(146,'2023_12_26_090340_add_private_notes_column_to_ec_customers_table',8),(147,'2024_01_16_070706_fix_translation_tables',8),(148,'2024_01_23_075227_add_proof_file_to_ec_orders_table',8),(149,'2024_03_26_041531_add_cancel_reason_to_ec_orders_table',8),(150,'2024_03_27_062402_create_ec_customer_deletion_requests_table',8),(151,'2024_03_29_042242_migrate_old_captcha_settings',8),(152,'2024_03_29_093946_create_ec_order_return_histories_table',8),(153,'2024_04_01_063523_add_customer_columns_to_ec_reviews_table',8),(154,'2024_04_15_092654_migrate_ecommerce_google_tag_manager_code_setting',8),(155,'2024_04_16_035713_add_min_max_order_quantity_columns_to_products_table',8),(156,'2024_05_07_073153_improve_table_wishlist',8),(157,'2024_05_07_093703_add_missing_zip_code_into_table_store_locators',8),(158,'2024_05_15_021503_fix_invoice_path',8),(159,'2024_06_20_160724_create_ec_shared_wishlists_table',8),(160,'2024_06_28_025104_add_notify_attachment_updated_column_to_ec_products_table',8),(161,'2024_07_03_030900_add_downloaded_at_column_to_ec_order_product_table',8),(162,'2024_07_14_071826_make_customer_email_nullable',8),(163,'2024_07_15_104916_add_video_media_column_to_ec_products_table',8),(164,'2024_07_26_052530_add_percentage_to_tax_rules_table',8),(165,'2024_08_14_123028_add_customer_delivered_confirmed_at_column_to_ec_shipments_table',8),(166,'2024_08_19_132849_create_specification_tables',8),(167,'2024_09_07_060744_add_author_column_to_specification_tables',8),(168,'2024_09_14_064023_add_can_use_with_flash_sale_column_to_ec_discounts_table',8),(169,'2024_09_25_073928_remove_wrong_product_slugs',8),(170,'2025_01_15_050230_migrate_old_theme_options',8),(171,'2025_01_17_082713_correct_column_barcode_and_cost_per_item_to_product_table',8),(172,'2025_01_24_044641_migrate_old_country_data',8),(173,'2025_01_28_233602_add_private_notes_into_ec_orders_table',8),(174,'2025_02_13_021247_add_tax_translations',8),(175,'2025_02_24_152621_add_text_color_to_product_labels_table',8),(176,'2025_04_12_000001_add_payment_fee_to_ec_orders_table',8),(177,'2025_04_12_000002_add_payment_fee_to_ec_invoices_table',8),(178,'2025_05_05_092036_make_user_id_and_tax_amount_nullable',8),(179,'2025_05_15_082342_drop_email_unique_index_in_ec_customers_table',8),(180,'2025_06_07_081731_add_translations_for_specification_groups_and_tables',8),(181,'2025_06_17_091813_increase_note_in_shipments_table',8),(182,'2025_06_24_000001_create_ec_product_license_codes_table',8),(183,'2025_06_24_080427_add_license_code_type_to_products_table',8),(184,'2025_07_06_062402_create_ec_customer_deletion_requests_table',8),(185,'2025_07_07_161729_change_license_code_to_text_in_ec_product_license_codes_table',8),(186,'2025_07_08_162756_increase_license_code_column_size_in_ec_order_product_table',8),(187,'2025_07_09_000001_add_customer_address_fields_to_ec_invoices_table',8),(188,'2025_07_15_090809_create_ec_abandoned_carts_table',8),(189,'2025_07_24_120510_increase_barcode_column_length_in_ec_products_table',8),(190,'2025_07_28_151808_fix_tax_amount_multiply_qty_in_order_and_invoice_items',8),(191,'2025_07_31_133600_add_performance_indexes_to_ec_product_categories_table',8),(192,'2025_08_01_161205_optimize_product_variation_query_indexes',8),(193,'2018_07_09_221238_create_faq_table',9),(194,'2021_12_03_082134_create_faq_translations',9),(195,'2023_11_17_063408_add_description_column_to_faq_categories_table',9),(196,'2016_10_13_150201_create_galleries_table',10),(197,'2021_12_03_082953_create_gallery_translations',10),(198,'2022_04_30_034048_create_gallery_meta_translations_table',10),(199,'2023_08_29_075308_make_column_user_id_nullable',10),(200,'2016_10_03_032336_create_languages_table',11),(201,'2023_09_14_022423_add_index_for_language_table',11),(202,'2021_10_25_021023_fix-priority-load-for-language-advanced',12),(203,'2021_12_03_075608_create_page_translations',12),(204,'2023_07_06_011444_create_slug_translations_table',12),(205,'2019_11_18_061011_create_country_table',13),(206,'2021_12_03_084118_create_location_translations',13),(207,'2021_12_03_094518_migrate_old_location_data',13),(208,'2021_12_10_034440_switch_plugin_location_to_use_language_advanced',13),(209,'2022_01_16_085908_improve_plugin_location',13),(210,'2022_08_04_052122_delete_location_backup_tables',13),(211,'2023_04_23_061847_increase_state_translations_abbreviation_column',13),(212,'2023_07_26_041451_add_more_columns_to_location_table',13),(213,'2023_07_27_041451_add_more_columns_to_location_translation_table',13),(214,'2023_08_15_073307_drop_unique_in_states_cities_translations',13),(215,'2023_10_21_065016_make_state_id_in_table_cities_nullable',13),(216,'2024_08_17_094600_add_image_into_countries',13),(217,'2025_01_08_093652_add_zip_code_to_cities',13),(218,'2025_07_31_083459_add_indexes_for_location_search_performance',13),(219,'2017_10_24_154832_create_newsletter_table',14),(220,'2024_03_25_000001_update_captcha_settings_for_newsletter',14),(221,'2017_05_18_080441_create_payment_tables',15),(222,'2021_03_27_144913_add_customer_type_into_table_payments',15),(223,'2021_05_24_034720_make_column_currency_nullable',15),(224,'2021_08_09_161302_add_metadata_column_to_payments_table',15),(225,'2021_10_19_020859_update_metadata_field',15),(226,'2022_06_28_151901_activate_paypal_stripe_plugin',15),(227,'2022_07_07_153354_update_charge_id_in_table_payments',15),(228,'2024_07_04_083133_create_payment_logs_table',15),(229,'2025_04_12_000003_add_payment_fee_to_payments_table',15),(230,'2025_05_22_000001_add_payment_fee_type_to_settings_table',15),(231,'2017_07_11_140018_create_simple_slider_table',16),(232,'2025_04_08_040931_create_social_logins_table',17),(233,'2022_11_02_092723_team_create_team_table',18),(234,'2023_08_11_094574_update_team_table',18),(235,'2023_11_30_085354_add_missing_description_to_team',18),(236,'2024_10_02_030027_add_more_columns_to_teams_translations_table',18),(237,'2018_07_09_214610_create_testimonial_table',19),(238,'2021_12_03_083642_create_testimonials_translations',19),(239,'2016_10_07_193005_create_translations_table',20),(240,'2023_12_12_105220_drop_translations_table',20);
/*!40000 ALTER TABLE `migrations` ENABLE KEYS */;
UNLOCK TABLES;

--
-- Table structure for table `newsletters`
--

DROP TABLE IF EXISTS `newsletters`;
/*!40101 SET @saved_cs_client     = @@character_set_client */;
/*!50503 SET character_set_client = utf8mb4 */;
CREATE TABLE `newsletters` (
  `id` bigint unsigned NOT NULL AUTO_INCREMENT,
  `email` varchar(120) COLLATE utf8mb4_unicode_ci NOT NULL,
  `name` varchar(120) COLLATE utf8mb4_unicode_ci DEFAULT NULL,
  `status` varchar(60) COLLATE utf8mb4_unicode_ci NOT NULL DEFAULT 'subscribed',
  `created_at` timestamp NULL DEFAULT NULL,
  `updated_at` timestamp NULL DEFAULT NULL,
  PRIMARY KEY (`id`)
) ENGINE=InnoDB DEFAULT CHARSET=utf8mb4 COLLATE=utf8mb4_unicode_ci;
/*!40101 SET character_set_client = @saved_cs_client */;

--
-- Dumping data for table `newsletters`
--

LOCK TABLES `newsletters` WRITE;
/*!40000 ALTER TABLE `newsletters` DISABLE KEYS */;
/*!40000 ALTER TABLE `newsletters` ENABLE KEYS */;
UNLOCK TABLES;

--
-- Table structure for table `pages`
--

DROP TABLE IF EXISTS `pages`;
/*!40101 SET @saved_cs_client     = @@character_set_client */;
/*!50503 SET character_set_client = utf8mb4 */;
CREATE TABLE `pages` (
  `id` bigint unsigned NOT NULL AUTO_INCREMENT,
  `name` varchar(120) COLLATE utf8mb4_unicode_ci NOT NULL,
  `content` longtext COLLATE utf8mb4_unicode_ci,
  `user_id` bigint unsigned DEFAULT NULL,
  `image` varchar(191) COLLATE utf8mb4_unicode_ci DEFAULT NULL,
  `template` varchar(60) COLLATE utf8mb4_unicode_ci DEFAULT NULL,
  `description` varchar(400) COLLATE utf8mb4_unicode_ci DEFAULT NULL,
  `status` varchar(60) COLLATE utf8mb4_unicode_ci NOT NULL DEFAULT 'published',
  `created_at` timestamp NULL DEFAULT NULL,
  `updated_at` timestamp NULL DEFAULT NULL,
  PRIMARY KEY (`id`),
  KEY `pages_user_id_index` (`user_id`)
) ENGINE=InnoDB AUTO_INCREMENT=12 DEFAULT CHARSET=utf8mb4 COLLATE=utf8mb4_unicode_ci;
/*!40101 SET character_set_client = @saved_cs_client */;

--
-- Dumping data for table `pages`
--

LOCK TABLES `pages` WRITE;
/*!40000 ALTER TABLE `pages` DISABLE KEYS */;
INSERT INTO `pages` VALUES (1,'Wooden Home','[simple-slider key=\"slider-home-1\" style=\"wooden\" ads_1=\"IYHICPADQD5X\" ads_2=\"R4YAV9FECJUS\"][/simple-slider][product-categories title=&quot;Top &lt;span&gt;Categories&lt;/span&gt;&quot; category_ids=&quot;10,11,12,13,14,15&quot; style=&quot;wooden&quot; enable_lazy_loading=&quot;yes&quot;][/product-categories][products style=&quot;wooden&quot; title=&quot;Popular &lt;span&gt;Products&lt;/span&gt;&quot; limit=&quot;10&quot; enable_lazy_loading=&quot;yes&quot;][/products][deal-product flash_sale_id=\"1\" style=\"wooden\" enable_lazy_loading=\"yes\"][/deal-product][gallery title=\"ninico-shop\" limit=\"6\" subtitle=\"Follow On\" enable_lazy_loading=\"yes\"][/gallery]',1,NULL,'full-width',NULL,'published','2025-08-02 02:15:19','2025-08-02 02:15:19'),(2,'Fashion Home','[simple-slider key=\"slider-home-2\" style=\"fashion\"][/simple-slider][product-categories title=&quot;Top &lt;span&gt;Categories&lt;/span&gt;&quot; category_ids=&quot;1,2,3,4&quot; style=&quot;fashion&quot; enable_lazy_loading=&quot;yes&quot;][/product-categories][products style=&quot;fashion&quot; title=&quot;Popular &lt;span&gt;Products&lt;/span&gt;&quot; limit=&quot;10&quot; enable_lazy_loading=&quot;yes&quot;][/products][theme-ads key_1=\"QPTCBJBOJOSY\" key_2=\"T2VFLDYYIJEH\" enable_lazy_loading=\"yes\"][/theme-ads][featured-posts title=\"Popular Posts\" limit=\"4\" enable_lazy_loading=\"yes\"][/featured-posts][brands title=\"Happy Sponsors\" quantity=\"6\" name_1=\"Bustle\" image_1=\"brands/brand-01.png\" link_1=\"#\" name_2=\"Bazaar\" image_2=\"brands/brand-02.png\" link_2=\"#\" name_3=\"goop\" image_3=\"brands/brand-03.png\" link_3=\"#\" name_4=\"Brit + Co\" image_4=\"brands/brand-04.png\" link_4=\"#\" name_5=\"The Coveteur\" image_5=\"brands/brand-05.png\" link_5=\"#\" name_6=\"allure\" image_6=\"brands/brand-06.png\" link_6=\"#\" enable_lazy_loading=\"yes\"][/brands]',1,NULL,'full-width',NULL,'published','2025-08-02 02:15:19','2025-08-02 02:15:19'),(3,'Furniture Home','[simple-slider key=\"slider-furniture\" style=\"furniture\"][/simple-slider][services quantity=\"4\" title_1=\"Free shipping\" description_1=\"Free shipping on orders over.\" image_1=\"icons/box.png\" title_2=\"Free Returns\" description_2=\"30-days free return policy\" image_2=\"icons/car.png\" title_3=\"Secured Payments\" description_3=\"We accept all major credit cards\" image_3=\"icons/payment.png\" title_4=\"Customer Service\" description_4=\"Top notch customer service\" image_4=\"icons/hours.png\" enable_lazy_loading=\"yes\"][/services][products style=&quot;wooden&quot; title=&quot;Popular &lt;span&gt;Products&lt;/span&gt;&quot; limit=&quot;10&quot; enable_lazy_loading=&quot;yes&quot;][/products][theme-ads style=\"furniture\" key_1=\"JO7LLJHFH1RO\" key_2=\"L8GDJUBVD2TQ\" key_3=\"PXJPAXLOCVRS\" enable_lazy_loading=\"yes\"][/theme-ads][deal-product flash_sale_id=\"1\" enable_lazy_loading=\"yes\"][/deal-product][products-slide title=\"Top Sell In Month\" limit=\"5\" type=\"trending\" enable_lazy_loading=\"yes\"][/products-slide][brands title=\"Happy Sponsors\" background_color=\"#040404\" quantity=\"6\" name_1=\"Bustle\" image_1=\"brands/brand-w-01.png\" link_1=\"https://www.bustle.com\" name_2=\"Bazaar\" image_2=\"brands/brand-w-02.png\" link_2=\"https://www.harpersbazaar.com\" name_3=\"Goop\" image_3=\"brands/brand-w-03.png\" link_3=\"https://goop.com/\" name_4=\"Brit + Co\" image_4=\"brands/brand-w-04.png\" link_4=\"https://www.brit.co\" name_5=\"The Couture Club\" image_5=\"brands/brand-w-05.png\" link_5=\"https://www.thecoutureclub.com\" name_6=\"Allure\" image_6=\"brands/brand-w-06.png\" link_6=\"https://www.allure.com\" enable_lazy_loading=\"yes\"][/brands][featured-posts title=\"Blog & Insights\" limit=\"4\" type=\"popular\" url=\"/blog\" enable_lazy_loading=\"yes\"][/featured-posts]',1,NULL,'full-width',NULL,'published','2025-08-02 02:15:20','2025-08-02 02:15:20'),(4,'Cosmetics Home','[simple-slider key=\"slider-cosmetics\" style=\"cosmetics\"][/simple-slider][brands background_color=\"#F7EFEC\" quantity=\"6\" name_1=\"Bustle\" image_1=\"brands/pla-brand-01.png\" link_1=\"https://www.bustle.com\" name_2=\"Bazaar\" image_2=\"brands/pla-brand-02.png\" link_2=\"https://www.harpersbazaar.com\" name_3=\"Goop\" image_3=\"brands/pla-brand-03.png\" link_3=\"https://goop.com/\" name_4=\"Brit + Co\" image_4=\"brands/pla-brand-04.png\" link_4=\"https://www.brit.co\" name_5=\"The Couture Club\" image_5=\"brands/pla-brand-05.png\" link_5=\"https://www.thecoutureclub.com\" name_6=\"Allure\" image_6=\"brands/pla-brand-06.png\" link_6=\"https://www.allure.com\" enable_lazy_loading=\"yes\"][/brands][product-collections collection_ids=\"4,5,6,7\" enable_lazy_loading=\"yes\"][/product-collections][products style=&quot;wooden&quot; title=&quot;Popular &lt;span&gt;Products&lt;/span&gt;&quot; limit=&quot;4&quot; enable_lazy_loading=&quot;yes&quot;][/products][product-categories category_ids=\"10,11,12,13,14,15\" style=\"cosmetics\" enable_lazy_loading=\"yes\"][/product-categories][deal-product flash_sale_id=\"1\" style=\"cosmetics\" marque_text=\"Great Deal Of The Day Shop Now\" marque_highlight_text=\"Shop Now\" marque_highlight_url=\"/products\" highlight_background=\"blog/9.jpg\" enable_lazy_loading=\"yes\"][/deal-product][testimonials title=\"User Feedbacks\" limit=\"3\" enable_lazy_loading=\"yes\"][/testimonials][featured-posts title=\"Blog & Insights\" limit=\"4\" type=\"popular\" url=\"/blog\" enable_lazy_loading=\"yes\"][/featured-posts]',1,NULL,'full-width',NULL,'published','2025-08-02 02:15:20','2025-08-02 02:15:20'),(5,'Food Grocery Home','[simple-slider key=\"slider-grocery\" style=\"grocery\" ads_1=\"EMRCINED6AX9\" ads_2=\"JVMDAIB9HO2I\" background_image=\"banners/banner-bg-05.jpg\"][/simple-slider][services quantity=\"4\" title_1=\"Free shipping\" description_1=\"Free shipping on orders over.\" image_1=\"icons/box.png\" title_2=\"Free Returns\" description_2=\"30-days free return policy\" image_2=\"icons/car.png\" title_3=\"Secured Payments\" description_3=\"We accept all major credit cards\" image_3=\"icons/payment.png\" title_4=\"Customer Service\" description_4=\"Top notch customer service\" image_4=\"icons/hours.png\" enable_lazy_loading=\"yes\"][/services][products style=&quot;wooden&quot; title=&quot;Popular &lt;span&gt;Products&lt;/span&gt;&quot; limit=&quot;10&quot; enable_lazy_loading=&quot;yes&quot;][/products][deal-product flash_sale_id=\"1\" style=\"cosmetics\" enable_lazy_loading=\"yes\"][/deal-product][products-by-categories category_ids=\"2,3,6,11\" number_of_products=\"4\" enable_lazy_loading=\"yes\"][/products-by-categories][testimonials title=\"User Feedbacks\" limit=\"3\" background_color=\"#F7EFEC\" card_color=\"#FFFFFF\" enable_lazy_loading=\"yes\"][/testimonials][featured-posts title=\"Blog & Insights\" limit=\"4\" url=\"/blog\" enable_lazy_loading=\"yes\"][/featured-posts]',1,NULL,'full-width',NULL,'published','2025-08-02 02:15:20','2025-08-02 02:15:20'),(6,'Blog',NULL,1,NULL,NULL,NULL,'published','2025-08-02 02:15:20','2025-08-02 02:15:20'),(7,'About','[about image_1=\"banners/about-img-1.jpg\" image_2=\"banners/about-img-2.jpg\" logo=\"banners/about-img-3.png\" title=\"About Our Story\" subtitle=\"About Us\" story_text_1=\"Publish your eCommerce site quickly with our easy-to-use store builder— no coding required. Migrate your items from your point of sale system or turn your Instagram feed into a shopping site and start selling fast. Square Online works for all kinds of businesses—retail, restaurants, services without costly customization or add ons. Get orders to your customers in lots of ways by offering shipping, pickup, delivery, and even QR code ordering.\" story_text_2=\"Expand your reach and sell more using seamless integrations with Google, Instagram, Facebook, and more. Built- in SEO tools make it easy for shoppers to find your business on search engines. Get access to the entire suite of integrated Square solutions to help you run your business. Integration between Square Online and all Square point of sale systems makes inventory management easy. Subscribe to Square Marketing and easily send email promotions to your customers using the contact information.\" list_item_1=\"Orders go right to your restaurant point of sale, KDS, and kitchen\" list_item_url_1=\"#\" list_item_2=\"Provide in-person pickup, & delivery by professional couriers\" list_item_url_2=\"#\" list_item_3=\"Offer in-person diners self-serve, contactless ordering via QR codes.\" list_item_url_3=\"#\" enable_lazy_loading=\"yes\"][/about][team title=\"Meet With Team\" subtitle=\"Team\" team_ids=\"1,2,3,4\"][/team][features quantity=\"2\" title_1=\"Solutions that work together\" subtitle_1=\"Features #01\" description_1=\"Publish your eCommerce site quickly with our easy-to-use store builder— no coding required. Migrate your items from your point of sale system or turn your Instagram feed into a shopping site and start selling fast. Square Online works for all kinds of businesses—retail, restaurants, services.\" image_1=\"banners/about-banner-1.jpg\" button_label_1=\"Get In Touch\" button_url_1=\"#\" title_2=\"All kinds of payments securely\" subtitle_2=\"Features #02\" description_2=\"Publish your eCommerce site quickly with our easy-to-use store builder— no coding required. Migrate your items from your point of sale system or turn your Instagram feed into a shopping site and start selling fast. Square Online works for all kinds of businesses—retail, restaurants, services.\" image_2=\"banners/about-banner-2.jpg\" button_label_2=\"Contact With Us\" button_url_2=\"#\" enable_lazy_loading=\"yes\"][/features]',1,NULL,'default',NULL,'published','2025-08-02 02:15:20','2025-08-02 02:15:20'),(8,'Contact','[contact-box title=\"Get In Touch\" address=\"24/26 Strait Bargate, Boston, PE21, United Kingdom\" phone=\" +098 (905) 786 897 8\" email=\"ninico@example.com\" hours=\"10 am - 10 pm EST, 7 days a week\" show_contact_form=\"1\" button_label_1=\"Get Support On Call\" button_url_1=\"#\" button_icon_1=\"fa fa-headphones-alt\" button_label_2=\"Get Direction\" button_url_2=\"#\" button_icon_2=\"fa fa-map-marker-alt\"][/contact-box][google-map]24/26 Strait Bargate, Boston, PE21, United Kingdom[/google-map]',1,NULL,NULL,NULL,'published','2025-08-02 02:15:20','2025-08-02 02:15:20'),(9,'Coming soon','[coming-soon title=\"We are Coming Soon\" subtitle=\"Coming Soon!\" time=\"2025-10-24\" background_image=\"banners/coming-soon.jpg\" logo_style=\"general/logo-white.png\" show_subscribe_form=\"1\"][/coming-soon]',1,NULL,'blank',NULL,'published','2025-08-02 02:15:20','2025-08-02 02:15:20'),(10,'Store Locator','[shop-location quantity=\"4\" name_1=\"Baldwin Hills Crenshaw Plaza\" address_1=\"24/26 Strait Bargate, Boston, PE21, United Kingdom\" phone_1=\"+098 (905) 786 897 8\" hours_1=\"10 am - 10 pm EST, 7 days a week\" image_1=\"shop/location-1.png\" name_2=\"Ninico Hills Crenshaw Plaza\" address_2=\" 36/26 Strait Bargate, Boston, PE21, United Kingdom\" phone_2=\"+098 112 786 897 8\" hours_2=\"9 am - 10 pm EST, 5 days a week\" image_2=\"shop/location-2.png\" name_3=\"Vegas BGM Crenshaw Plaza\" address_3=\"40/26 Strait Bargate, Vegas, PE21, United Kingdom\" phone_3=\" +098 (905) 786 897 8\" hours_3=\"10 am - 10 pm EST, 7 days a week\" image_3=\"shop/location-3.png\" name_4=\"Bargate Cine Crenshaw Plaza\" address_4=\"38/26 Strait Bargate, Point, PE21, United Kingdom\" phone_4=\"6 - 146 - 389 - 5748\" hours_4=\"10 am - 10 pm EST, 7 days a week\" image_4=\"shop/location-4.png\" enable_lazy_loading=\"yes\"][/shop-location][google-map]New York, USA[/google-map]',1,NULL,NULL,NULL,'published','2025-08-02 02:15:20','2025-08-02 02:15:20'),(11,'FAQs','[faqs category_ids=\"1,2,3\"][/faqs]',1,NULL,NULL,NULL,'published','2025-08-02 02:15:20','2025-08-02 02:15:20');
/*!40000 ALTER TABLE `pages` ENABLE KEYS */;
UNLOCK TABLES;

--
-- Table structure for table `pages_translations`
--

DROP TABLE IF EXISTS `pages_translations`;
/*!40101 SET @saved_cs_client     = @@character_set_client */;
/*!50503 SET character_set_client = utf8mb4 */;
CREATE TABLE `pages_translations` (
  `lang_code` varchar(20) COLLATE utf8mb4_unicode_ci NOT NULL,
  `pages_id` bigint unsigned NOT NULL,
  `name` varchar(191) COLLATE utf8mb4_unicode_ci DEFAULT NULL,
  `description` varchar(400) COLLATE utf8mb4_unicode_ci DEFAULT NULL,
  `content` longtext COLLATE utf8mb4_unicode_ci,
  PRIMARY KEY (`lang_code`,`pages_id`)
) ENGINE=InnoDB DEFAULT CHARSET=utf8mb4 COLLATE=utf8mb4_unicode_ci;
/*!40101 SET character_set_client = @saved_cs_client */;

--
-- Dumping data for table `pages_translations`
--

LOCK TABLES `pages_translations` WRITE;
/*!40000 ALTER TABLE `pages_translations` DISABLE KEYS */;
/*!40000 ALTER TABLE `pages_translations` ENABLE KEYS */;
UNLOCK TABLES;

--
-- Table structure for table `password_reset_tokens`
--

DROP TABLE IF EXISTS `password_reset_tokens`;
/*!40101 SET @saved_cs_client     = @@character_set_client */;
/*!50503 SET character_set_client = utf8mb4 */;
CREATE TABLE `password_reset_tokens` (
  `email` varchar(191) COLLATE utf8mb4_unicode_ci NOT NULL,
  `token` varchar(191) COLLATE utf8mb4_unicode_ci NOT NULL,
  `created_at` timestamp NULL DEFAULT NULL,
  PRIMARY KEY (`email`)
) ENGINE=InnoDB DEFAULT CHARSET=utf8mb4 COLLATE=utf8mb4_unicode_ci;
/*!40101 SET character_set_client = @saved_cs_client */;

--
-- Dumping data for table `password_reset_tokens`
--

LOCK TABLES `password_reset_tokens` WRITE;
/*!40000 ALTER TABLE `password_reset_tokens` DISABLE KEYS */;
/*!40000 ALTER TABLE `password_reset_tokens` ENABLE KEYS */;
UNLOCK TABLES;

--
-- Table structure for table `payment_logs`
--

DROP TABLE IF EXISTS `payment_logs`;
/*!40101 SET @saved_cs_client     = @@character_set_client */;
/*!50503 SET character_set_client = utf8mb4 */;
CREATE TABLE `payment_logs` (
  `id` bigint unsigned NOT NULL AUTO_INCREMENT,
  `payment_method` varchar(191) COLLATE utf8mb4_unicode_ci NOT NULL,
  `request` longtext COLLATE utf8mb4_unicode_ci,
  `response` longtext COLLATE utf8mb4_unicode_ci,
  `ip_address` varchar(45) COLLATE utf8mb4_unicode_ci NOT NULL,
  `created_at` timestamp NULL DEFAULT NULL,
  `updated_at` timestamp NULL DEFAULT NULL,
  PRIMARY KEY (`id`)
) ENGINE=InnoDB DEFAULT CHARSET=utf8mb4 COLLATE=utf8mb4_unicode_ci;
/*!40101 SET character_set_client = @saved_cs_client */;

--
-- Dumping data for table `payment_logs`
--

LOCK TABLES `payment_logs` WRITE;
/*!40000 ALTER TABLE `payment_logs` DISABLE KEYS */;
/*!40000 ALTER TABLE `payment_logs` ENABLE KEYS */;
UNLOCK TABLES;

--
-- Table structure for table `payments`
--

DROP TABLE IF EXISTS `payments`;
/*!40101 SET @saved_cs_client     = @@character_set_client */;
/*!50503 SET character_set_client = utf8mb4 */;
CREATE TABLE `payments` (
  `id` bigint unsigned NOT NULL AUTO_INCREMENT,
  `currency` varchar(120) COLLATE utf8mb4_unicode_ci DEFAULT NULL,
  `user_id` bigint unsigned NOT NULL DEFAULT '0',
  `charge_id` varchar(191) COLLATE utf8mb4_unicode_ci DEFAULT NULL,
  `payment_channel` varchar(60) COLLATE utf8mb4_unicode_ci DEFAULT NULL,
  `description` varchar(400) COLLATE utf8mb4_unicode_ci DEFAULT NULL,
  `amount` decimal(15,2) unsigned NOT NULL,
  `payment_fee` decimal(15,2) DEFAULT '0.00',
  `order_id` bigint unsigned DEFAULT NULL,
  `status` varchar(60) COLLATE utf8mb4_unicode_ci DEFAULT 'pending',
  `payment_type` varchar(191) COLLATE utf8mb4_unicode_ci DEFAULT 'confirm',
  `customer_id` bigint unsigned DEFAULT NULL,
  `refunded_amount` decimal(15,2) unsigned DEFAULT NULL,
  `refund_note` varchar(191) COLLATE utf8mb4_unicode_ci DEFAULT NULL,
  `created_at` timestamp NULL DEFAULT NULL,
  `updated_at` timestamp NULL DEFAULT NULL,
  `customer_type` varchar(191) COLLATE utf8mb4_unicode_ci DEFAULT NULL,
  `metadata` mediumtext COLLATE utf8mb4_unicode_ci,
  PRIMARY KEY (`id`)
) ENGINE=InnoDB DEFAULT CHARSET=utf8mb4 COLLATE=utf8mb4_unicode_ci;
/*!40101 SET character_set_client = @saved_cs_client */;

--
-- Dumping data for table `payments`
--

LOCK TABLES `payments` WRITE;
/*!40000 ALTER TABLE `payments` DISABLE KEYS */;
/*!40000 ALTER TABLE `payments` ENABLE KEYS */;
UNLOCK TABLES;

--
-- Table structure for table `personal_access_tokens`
--

DROP TABLE IF EXISTS `personal_access_tokens`;
/*!40101 SET @saved_cs_client     = @@character_set_client */;
/*!50503 SET character_set_client = utf8mb4 */;
CREATE TABLE `personal_access_tokens` (
  `id` bigint unsigned NOT NULL AUTO_INCREMENT,
  `tokenable_type` varchar(191) COLLATE utf8mb4_unicode_ci NOT NULL,
  `tokenable_id` bigint unsigned NOT NULL,
  `name` varchar(191) COLLATE utf8mb4_unicode_ci NOT NULL,
  `token` varchar(64) COLLATE utf8mb4_unicode_ci NOT NULL,
  `abilities` text COLLATE utf8mb4_unicode_ci,
  `last_used_at` timestamp NULL DEFAULT NULL,
  `expires_at` timestamp NULL DEFAULT NULL,
  `created_at` timestamp NULL DEFAULT NULL,
  `updated_at` timestamp NULL DEFAULT NULL,
  PRIMARY KEY (`id`),
  UNIQUE KEY `personal_access_tokens_token_unique` (`token`),
  KEY `personal_access_tokens_tokenable_type_tokenable_id_index` (`tokenable_type`,`tokenable_id`)
) ENGINE=InnoDB DEFAULT CHARSET=utf8mb4 COLLATE=utf8mb4_unicode_ci;
/*!40101 SET character_set_client = @saved_cs_client */;

--
-- Dumping data for table `personal_access_tokens`
--

LOCK TABLES `personal_access_tokens` WRITE;
/*!40000 ALTER TABLE `personal_access_tokens` DISABLE KEYS */;
/*!40000 ALTER TABLE `personal_access_tokens` ENABLE KEYS */;
UNLOCK TABLES;

--
-- Table structure for table `post_categories`
--

DROP TABLE IF EXISTS `post_categories`;
/*!40101 SET @saved_cs_client     = @@character_set_client */;
/*!50503 SET character_set_client = utf8mb4 */;
CREATE TABLE `post_categories` (
  `category_id` bigint unsigned NOT NULL,
  `post_id` bigint unsigned NOT NULL,
  KEY `post_categories_category_id_index` (`category_id`),
  KEY `post_categories_post_id_index` (`post_id`)
) ENGINE=InnoDB DEFAULT CHARSET=utf8mb4 COLLATE=utf8mb4_unicode_ci;
/*!40101 SET character_set_client = @saved_cs_client */;

--
-- Dumping data for table `post_categories`
--

LOCK TABLES `post_categories` WRITE;
/*!40000 ALTER TABLE `post_categories` DISABLE KEYS */;
INSERT INTO `post_categories` VALUES (3,1),(1,1),(3,2),(4,2),(2,3),(4,3),(4,4),(3,4),(3,5),(1,5),(1,6),(2,7),(1,7),(3,8),(2,8),(3,9),(4,9),(1,10),(4,10),(2,11);
/*!40000 ALTER TABLE `post_categories` ENABLE KEYS */;
UNLOCK TABLES;

--
-- Table structure for table `post_tags`
--

DROP TABLE IF EXISTS `post_tags`;
/*!40101 SET @saved_cs_client     = @@character_set_client */;
/*!50503 SET character_set_client = utf8mb4 */;
CREATE TABLE `post_tags` (
  `tag_id` bigint unsigned NOT NULL,
  `post_id` bigint unsigned NOT NULL,
  KEY `post_tags_tag_id_index` (`tag_id`),
  KEY `post_tags_post_id_index` (`post_id`)
) ENGINE=InnoDB DEFAULT CHARSET=utf8mb4 COLLATE=utf8mb4_unicode_ci;
/*!40101 SET character_set_client = @saved_cs_client */;

--
-- Dumping data for table `post_tags`
--

LOCK TABLES `post_tags` WRITE;
/*!40000 ALTER TABLE `post_tags` DISABLE KEYS */;
INSERT INTO `post_tags` VALUES (1,1),(3,2),(1,2),(1,3),(4,3),(5,3),(2,4),(1,4),(5,4),(5,5),(3,5),(1,5),(2,6),(4,6),(1,6),(3,7),(4,7),(5,7),(5,8),(2,8),(3,8),(2,9),(5,9),(3,10),(5,10),(4,11),(1,11);
/*!40000 ALTER TABLE `post_tags` ENABLE KEYS */;
UNLOCK TABLES;

--
-- Table structure for table `posts`
--

DROP TABLE IF EXISTS `posts`;
/*!40101 SET @saved_cs_client     = @@character_set_client */;
/*!50503 SET character_set_client = utf8mb4 */;
CREATE TABLE `posts` (
  `id` bigint unsigned NOT NULL AUTO_INCREMENT,
  `name` varchar(191) COLLATE utf8mb4_unicode_ci NOT NULL,
  `description` varchar(400) COLLATE utf8mb4_unicode_ci DEFAULT NULL,
  `content` longtext COLLATE utf8mb4_unicode_ci,
  `status` varchar(60) COLLATE utf8mb4_unicode_ci NOT NULL DEFAULT 'published',
  `author_id` bigint unsigned DEFAULT NULL,
  `author_type` varchar(191) COLLATE utf8mb4_unicode_ci NOT NULL,
  `is_featured` tinyint unsigned NOT NULL DEFAULT '0',
  `image` varchar(191) COLLATE utf8mb4_unicode_ci DEFAULT NULL,
  `views` int unsigned NOT NULL DEFAULT '0',
  `format_type` varchar(30) COLLATE utf8mb4_unicode_ci DEFAULT NULL,
  `created_at` timestamp NULL DEFAULT NULL,
  `updated_at` timestamp NULL DEFAULT NULL,
  PRIMARY KEY (`id`),
  KEY `posts_status_index` (`status`),
  KEY `posts_author_id_index` (`author_id`),
  KEY `posts_author_type_index` (`author_type`),
  KEY `posts_created_at_index` (`created_at`)
) ENGINE=InnoDB AUTO_INCREMENT=12 DEFAULT CHARSET=utf8mb4 COLLATE=utf8mb4_unicode_ci;
/*!40101 SET character_set_client = @saved_cs_client */;

--
-- Dumping data for table `posts`
--

LOCK TABLES `posts` WRITE;
/*!40000 ALTER TABLE `posts` DISABLE KEYS */;
INSERT INTO `posts` VALUES (1,'4 Expert Tips On How To Choose The Right Men’s Wallet','I suppose, by being drowned in my life!\' She had not long to doubt, for the accident of the ground--and I should like to be found: all she could not possibly reach it: she could get away without.','<p>I have seen many people underestimating the power of their wallets. To them, they are just a functional item they use to carry. As a result, they often end up with the wallets which are not really suitable for them.</p>\n\n<p>You should pay more attention when you choose your wallets. There are a lot of them on the market with the different designs and styles. When you choose carefully, you would be able to buy a wallet that is catered to your needs. Not to mention that it will help to enhance your style significantly.</p>\n\n<p style=\"text-align:center\"><img alt=\"f4\" src=\"/storage/blog/blog-in-01.jpg\" /></p>\n\n<p><br />\n    &nbsp;</p>\n\n<p><strong><em>For all of the reason above, here are 7 expert tips to help you pick up the right men&rsquo;s wallet for you:</em></strong></p>\n\n<h4><strong>Number 1: Choose A Neat Wallet</strong></h4>\n\n<p>The wallet is an essential accessory that you should go simple. Simplicity is the best in this case. A simple and neat wallet with the plain color and even&nbsp;<strong>minimalist style</strong>&nbsp;is versatile. It can be used for both formal and casual events. In addition, that wallet will go well with most of the clothes in your wardrobe.</p>\n\n<p>Keep in mind that a wallet will tell other people about your personality and your fashion sense as much as other clothes you put on. Hence, don&rsquo;t go cheesy on your wallet or else people will think that you have a funny and particular style.</p>\n\n<p style=\"text-align:center\"><img alt=\"f5\" src=\"/storage/blog/blog-in-02.jpg\" /></p>\n\n<p><br />\n    &nbsp;</p>\n<hr />\n<h4><strong>Number 2: Choose The Right Size For Your Wallet</strong></h4>\n\n<p>You should avoid having an over-sized wallet. Don&rsquo;t think that you need to buy a big wallet because you have a lot to carry with you. In addition, a fat wallet is very ugly. It will make it harder for you to slide the wallet into your trousers&rsquo; pocket. In addition, it will create a bulge and ruin your look.</p>\n\n<p>Before you go on to buy a new wallet, clean out your wallet and place all the items from your wallet on a table. Throw away things that you would never need any more such as the old bills or the expired gift cards. Remember to check your wallet on a frequent basis to get rid of all of the old stuff that you don&rsquo;t need anymore.</p>\n\n<p style=\"text-align:center\"><img alt=\"f1\" src=\"/storage/blog/blog-in-03.jpg\" /></p>\n\n<p><br />\n    &nbsp;</p>\n\n<hr />\n<h4><strong>Number 3: Don&rsquo;t Limit Your Options Of Materials</strong></h4>\n\n<p>The types and designs of wallets are not the only things that you should consider when you go out searching for your best wallet. You have more than 1 option of material rather than leather to choose from as well.</p>\n\n<p>You can experiment with other available options such as cotton, polyester and canvas. They all have their own pros and cons. As a result, they will be suitable for different needs and requirements. You should think about them all in order to choose the material which you would like the most.</p>\n\n<p style=\"text-align:center\"><img alt=\"f6\" src=\"/storage/blog/blog-in-04.jpg\" /></p>\n\n<p><br />\n    &nbsp;</p>\n\n<hr />\n<h4><strong>Number 4: Consider A Wallet As A Long Term Investment</strong></h4>\n\n<p>Your wallet is indeed an investment that you should consider spending a decent amount of time and effort on it. Another factor that you need to consider is how much you want to spend on your wallet. The price ranges of wallets on the market vary a great deal. You can find a wallet which is as cheap as about 5 to 7 dollars. On the other hand, you should expect to pay around 250 to 300 dollars for a high-quality wallet.</p>\n\n<p>In case you need a wallet to use for a long time, it is a good idea that you should invest a decent amount of money on a wallet. A high quality wallet from a reputational brand with the premium quality such as cowhide leather will last for a long time. In addition, it is an accessory to show off your fashion sense and your social status.</p>\n\n<p style=\"text-align:center\"><img alt=\"f2\" src=\"/storage/blog/blog-in-05.jpg\" /></p>\n\n<p>&nbsp;</p>\n','published',1,'Botble\\ACL\\Models\\User',1,'blog/1.jpg',2036,NULL,'2025-08-02 02:15:16','2025-08-02 02:15:16'),(2,'Sexy Clutches: How to Buy &amp; Wear a Designer Clutch Bag','This seemed to have changed since her swim in the window, and some of the room again, no wonder she felt a violent shake at the March Hare. \'It was much pleasanter at home,\' thought poor Alice.','<p>I have seen many people underestimating the power of their wallets. To them, they are just a functional item they use to carry. As a result, they often end up with the wallets which are not really suitable for them.</p>\n\n<p>You should pay more attention when you choose your wallets. There are a lot of them on the market with the different designs and styles. When you choose carefully, you would be able to buy a wallet that is catered to your needs. Not to mention that it will help to enhance your style significantly.</p>\n\n<p style=\"text-align:center\"><img alt=\"f4\" src=\"/storage/blog/blog-in-01.jpg\" /></p>\n\n<p><br />\n    &nbsp;</p>\n\n<p><strong><em>For all of the reason above, here are 7 expert tips to help you pick up the right men&rsquo;s wallet for you:</em></strong></p>\n\n<h4><strong>Number 1: Choose A Neat Wallet</strong></h4>\n\n<p>The wallet is an essential accessory that you should go simple. Simplicity is the best in this case. A simple and neat wallet with the plain color and even&nbsp;<strong>minimalist style</strong>&nbsp;is versatile. It can be used for both formal and casual events. In addition, that wallet will go well with most of the clothes in your wardrobe.</p>\n\n<p>Keep in mind that a wallet will tell other people about your personality and your fashion sense as much as other clothes you put on. Hence, don&rsquo;t go cheesy on your wallet or else people will think that you have a funny and particular style.</p>\n\n<p style=\"text-align:center\"><img alt=\"f5\" src=\"/storage/blog/blog-in-02.jpg\" /></p>\n\n<p><br />\n    &nbsp;</p>\n<hr />\n<h4><strong>Number 2: Choose The Right Size For Your Wallet</strong></h4>\n\n<p>You should avoid having an over-sized wallet. Don&rsquo;t think that you need to buy a big wallet because you have a lot to carry with you. In addition, a fat wallet is very ugly. It will make it harder for you to slide the wallet into your trousers&rsquo; pocket. In addition, it will create a bulge and ruin your look.</p>\n\n<p>Before you go on to buy a new wallet, clean out your wallet and place all the items from your wallet on a table. Throw away things that you would never need any more such as the old bills or the expired gift cards. Remember to check your wallet on a frequent basis to get rid of all of the old stuff that you don&rsquo;t need anymore.</p>\n\n<p style=\"text-align:center\"><img alt=\"f1\" src=\"/storage/blog/blog-in-03.jpg\" /></p>\n\n<p><br />\n    &nbsp;</p>\n\n<hr />\n<h4><strong>Number 3: Don&rsquo;t Limit Your Options Of Materials</strong></h4>\n\n<p>The types and designs of wallets are not the only things that you should consider when you go out searching for your best wallet. You have more than 1 option of material rather than leather to choose from as well.</p>\n\n<p>You can experiment with other available options such as cotton, polyester and canvas. They all have their own pros and cons. As a result, they will be suitable for different needs and requirements. You should think about them all in order to choose the material which you would like the most.</p>\n\n<p style=\"text-align:center\"><img alt=\"f6\" src=\"/storage/blog/blog-in-04.jpg\" /></p>\n\n<p><br />\n    &nbsp;</p>\n\n<hr />\n<h4><strong>Number 4: Consider A Wallet As A Long Term Investment</strong></h4>\n\n<p>Your wallet is indeed an investment that you should consider spending a decent amount of time and effort on it. Another factor that you need to consider is how much you want to spend on your wallet. The price ranges of wallets on the market vary a great deal. You can find a wallet which is as cheap as about 5 to 7 dollars. On the other hand, you should expect to pay around 250 to 300 dollars for a high-quality wallet.</p>\n\n<p>In case you need a wallet to use for a long time, it is a good idea that you should invest a decent amount of money on a wallet. A high quality wallet from a reputational brand with the premium quality such as cowhide leather will last for a long time. In addition, it is an accessory to show off your fashion sense and your social status.</p>\n\n<p style=\"text-align:center\"><img alt=\"f2\" src=\"/storage/blog/blog-in-05.jpg\" /></p>\n\n<p>&nbsp;</p>\n','published',1,'Botble\\ACL\\Models\\User',1,'blog/2.jpg',1268,NULL,'2025-08-02 02:15:16','2025-08-02 02:15:16'),(3,'The Top 2020 Handbag Trends to Know','Knave of Hearts, she made out what it might be some sense in your pocket?\' he went on, very much confused, \'I don\'t think it\'s at all for any lesson-books!\' And so she went on at last, and they.','<p>I have seen many people underestimating the power of their wallets. To them, they are just a functional item they use to carry. As a result, they often end up with the wallets which are not really suitable for them.</p>\n\n<p>You should pay more attention when you choose your wallets. There are a lot of them on the market with the different designs and styles. When you choose carefully, you would be able to buy a wallet that is catered to your needs. Not to mention that it will help to enhance your style significantly.</p>\n\n<p style=\"text-align:center\"><img alt=\"f4\" src=\"/storage/blog/blog-in-01.jpg\" /></p>\n\n<p><br />\n    &nbsp;</p>\n\n<p><strong><em>For all of the reason above, here are 7 expert tips to help you pick up the right men&rsquo;s wallet for you:</em></strong></p>\n\n<h4><strong>Number 1: Choose A Neat Wallet</strong></h4>\n\n<p>The wallet is an essential accessory that you should go simple. Simplicity is the best in this case. A simple and neat wallet with the plain color and even&nbsp;<strong>minimalist style</strong>&nbsp;is versatile. It can be used for both formal and casual events. In addition, that wallet will go well with most of the clothes in your wardrobe.</p>\n\n<p>Keep in mind that a wallet will tell other people about your personality and your fashion sense as much as other clothes you put on. Hence, don&rsquo;t go cheesy on your wallet or else people will think that you have a funny and particular style.</p>\n\n<p style=\"text-align:center\"><img alt=\"f5\" src=\"/storage/blog/blog-in-02.jpg\" /></p>\n\n<p><br />\n    &nbsp;</p>\n<hr />\n<h4><strong>Number 2: Choose The Right Size For Your Wallet</strong></h4>\n\n<p>You should avoid having an over-sized wallet. Don&rsquo;t think that you need to buy a big wallet because you have a lot to carry with you. In addition, a fat wallet is very ugly. It will make it harder for you to slide the wallet into your trousers&rsquo; pocket. In addition, it will create a bulge and ruin your look.</p>\n\n<p>Before you go on to buy a new wallet, clean out your wallet and place all the items from your wallet on a table. Throw away things that you would never need any more such as the old bills or the expired gift cards. Remember to check your wallet on a frequent basis to get rid of all of the old stuff that you don&rsquo;t need anymore.</p>\n\n<p style=\"text-align:center\"><img alt=\"f1\" src=\"/storage/blog/blog-in-03.jpg\" /></p>\n\n<p><br />\n    &nbsp;</p>\n\n<hr />\n<h4><strong>Number 3: Don&rsquo;t Limit Your Options Of Materials</strong></h4>\n\n<p>The types and designs of wallets are not the only things that you should consider when you go out searching for your best wallet. You have more than 1 option of material rather than leather to choose from as well.</p>\n\n<p>You can experiment with other available options such as cotton, polyester and canvas. They all have their own pros and cons. As a result, they will be suitable for different needs and requirements. You should think about them all in order to choose the material which you would like the most.</p>\n\n<p style=\"text-align:center\"><img alt=\"f6\" src=\"/storage/blog/blog-in-04.jpg\" /></p>\n\n<p><br />\n    &nbsp;</p>\n\n<hr />\n<h4><strong>Number 4: Consider A Wallet As A Long Term Investment</strong></h4>\n\n<p>Your wallet is indeed an investment that you should consider spending a decent amount of time and effort on it. Another factor that you need to consider is how much you want to spend on your wallet. The price ranges of wallets on the market vary a great deal. You can find a wallet which is as cheap as about 5 to 7 dollars. On the other hand, you should expect to pay around 250 to 300 dollars for a high-quality wallet.</p>\n\n<p>In case you need a wallet to use for a long time, it is a good idea that you should invest a decent amount of money on a wallet. A high quality wallet from a reputational brand with the premium quality such as cowhide leather will last for a long time. In addition, it is an accessory to show off your fashion sense and your social status.</p>\n\n<p style=\"text-align:center\"><img alt=\"f2\" src=\"/storage/blog/blog-in-05.jpg\" /></p>\n\n<p>&nbsp;</p>\n','published',1,'Botble\\ACL\\Models\\User',0,'blog/3.jpg',2128,NULL,'2025-08-02 02:15:16','2025-08-02 02:15:16'),(4,'How to Match the Color of Your Handbag With an Outfit','I never was so long since she had drunk half the bottle, saying to herself, \'I wish I hadn\'t mentioned Dinah!\' she said this, she looked down at them, and then at the sudden change, but very.','<p>I have seen many people underestimating the power of their wallets. To them, they are just a functional item they use to carry. As a result, they often end up with the wallets which are not really suitable for them.</p>\n\n<p>You should pay more attention when you choose your wallets. There are a lot of them on the market with the different designs and styles. When you choose carefully, you would be able to buy a wallet that is catered to your needs. Not to mention that it will help to enhance your style significantly.</p>\n\n<p style=\"text-align:center\"><img alt=\"f4\" src=\"/storage/blog/blog-in-01.jpg\" /></p>\n\n<p><br />\n    &nbsp;</p>\n\n<p><strong><em>For all of the reason above, here are 7 expert tips to help you pick up the right men&rsquo;s wallet for you:</em></strong></p>\n\n<h4><strong>Number 1: Choose A Neat Wallet</strong></h4>\n\n<p>The wallet is an essential accessory that you should go simple. Simplicity is the best in this case. A simple and neat wallet with the plain color and even&nbsp;<strong>minimalist style</strong>&nbsp;is versatile. It can be used for both formal and casual events. In addition, that wallet will go well with most of the clothes in your wardrobe.</p>\n\n<p>Keep in mind that a wallet will tell other people about your personality and your fashion sense as much as other clothes you put on. Hence, don&rsquo;t go cheesy on your wallet or else people will think that you have a funny and particular style.</p>\n\n<p style=\"text-align:center\"><img alt=\"f5\" src=\"/storage/blog/blog-in-02.jpg\" /></p>\n\n<p><br />\n    &nbsp;</p>\n<hr />\n<h4><strong>Number 2: Choose The Right Size For Your Wallet</strong></h4>\n\n<p>You should avoid having an over-sized wallet. Don&rsquo;t think that you need to buy a big wallet because you have a lot to carry with you. In addition, a fat wallet is very ugly. It will make it harder for you to slide the wallet into your trousers&rsquo; pocket. In addition, it will create a bulge and ruin your look.</p>\n\n<p>Before you go on to buy a new wallet, clean out your wallet and place all the items from your wallet on a table. Throw away things that you would never need any more such as the old bills or the expired gift cards. Remember to check your wallet on a frequent basis to get rid of all of the old stuff that you don&rsquo;t need anymore.</p>\n\n<p style=\"text-align:center\"><img alt=\"f1\" src=\"/storage/blog/blog-in-03.jpg\" /></p>\n\n<p><br />\n    &nbsp;</p>\n\n<hr />\n<h4><strong>Number 3: Don&rsquo;t Limit Your Options Of Materials</strong></h4>\n\n<p>The types and designs of wallets are not the only things that you should consider when you go out searching for your best wallet. You have more than 1 option of material rather than leather to choose from as well.</p>\n\n<p>You can experiment with other available options such as cotton, polyester and canvas. They all have their own pros and cons. As a result, they will be suitable for different needs and requirements. You should think about them all in order to choose the material which you would like the most.</p>\n\n<p style=\"text-align:center\"><img alt=\"f6\" src=\"/storage/blog/blog-in-04.jpg\" /></p>\n\n<p><br />\n    &nbsp;</p>\n\n<hr />\n<h4><strong>Number 4: Consider A Wallet As A Long Term Investment</strong></h4>\n\n<p>Your wallet is indeed an investment that you should consider spending a decent amount of time and effort on it. Another factor that you need to consider is how much you want to spend on your wallet. The price ranges of wallets on the market vary a great deal. You can find a wallet which is as cheap as about 5 to 7 dollars. On the other hand, you should expect to pay around 250 to 300 dollars for a high-quality wallet.</p>\n\n<p>In case you need a wallet to use for a long time, it is a good idea that you should invest a decent amount of money on a wallet. A high quality wallet from a reputational brand with the premium quality such as cowhide leather will last for a long time. In addition, it is an accessory to show off your fashion sense and your social status.</p>\n\n<p style=\"text-align:center\"><img alt=\"f2\" src=\"/storage/blog/blog-in-05.jpg\" /></p>\n\n<p>&nbsp;</p>\n','published',1,'Botble\\ACL\\Models\\User',0,'blog/4.jpg',1323,NULL,'2025-08-02 02:15:16','2025-08-02 02:15:16'),(5,'How to Care for Leather Bags','Alice. \'Come on, then!\' roared the Queen, and Alice guessed in a trembling voice, \'Let us get to the part about her repeating \'YOU ARE OLD, FATHER WILLIAM,\"\' said the Dormouse, who seemed to be.','<p>I have seen many people underestimating the power of their wallets. To them, they are just a functional item they use to carry. As a result, they often end up with the wallets which are not really suitable for them.</p>\n\n<p>You should pay more attention when you choose your wallets. There are a lot of them on the market with the different designs and styles. When you choose carefully, you would be able to buy a wallet that is catered to your needs. Not to mention that it will help to enhance your style significantly.</p>\n\n<p style=\"text-align:center\"><img alt=\"f4\" src=\"/storage/blog/blog-in-01.jpg\" /></p>\n\n<p><br />\n    &nbsp;</p>\n\n<p><strong><em>For all of the reason above, here are 7 expert tips to help you pick up the right men&rsquo;s wallet for you:</em></strong></p>\n\n<h4><strong>Number 1: Choose A Neat Wallet</strong></h4>\n\n<p>The wallet is an essential accessory that you should go simple. Simplicity is the best in this case. A simple and neat wallet with the plain color and even&nbsp;<strong>minimalist style</strong>&nbsp;is versatile. It can be used for both formal and casual events. In addition, that wallet will go well with most of the clothes in your wardrobe.</p>\n\n<p>Keep in mind that a wallet will tell other people about your personality and your fashion sense as much as other clothes you put on. Hence, don&rsquo;t go cheesy on your wallet or else people will think that you have a funny and particular style.</p>\n\n<p style=\"text-align:center\"><img alt=\"f5\" src=\"/storage/blog/blog-in-02.jpg\" /></p>\n\n<p><br />\n    &nbsp;</p>\n<hr />\n<h4><strong>Number 2: Choose The Right Size For Your Wallet</strong></h4>\n\n<p>You should avoid having an over-sized wallet. Don&rsquo;t think that you need to buy a big wallet because you have a lot to carry with you. In addition, a fat wallet is very ugly. It will make it harder for you to slide the wallet into your trousers&rsquo; pocket. In addition, it will create a bulge and ruin your look.</p>\n\n<p>Before you go on to buy a new wallet, clean out your wallet and place all the items from your wallet on a table. Throw away things that you would never need any more such as the old bills or the expired gift cards. Remember to check your wallet on a frequent basis to get rid of all of the old stuff that you don&rsquo;t need anymore.</p>\n\n<p style=\"text-align:center\"><img alt=\"f1\" src=\"/storage/blog/blog-in-03.jpg\" /></p>\n\n<p><br />\n    &nbsp;</p>\n\n<hr />\n<h4><strong>Number 3: Don&rsquo;t Limit Your Options Of Materials</strong></h4>\n\n<p>The types and designs of wallets are not the only things that you should consider when you go out searching for your best wallet. You have more than 1 option of material rather than leather to choose from as well.</p>\n\n<p>You can experiment with other available options such as cotton, polyester and canvas. They all have their own pros and cons. As a result, they will be suitable for different needs and requirements. You should think about them all in order to choose the material which you would like the most.</p>\n\n<p style=\"text-align:center\"><img alt=\"f6\" src=\"/storage/blog/blog-in-04.jpg\" /></p>\n\n<p><br />\n    &nbsp;</p>\n\n<hr />\n<h4><strong>Number 4: Consider A Wallet As A Long Term Investment</strong></h4>\n\n<p>Your wallet is indeed an investment that you should consider spending a decent amount of time and effort on it. Another factor that you need to consider is how much you want to spend on your wallet. The price ranges of wallets on the market vary a great deal. You can find a wallet which is as cheap as about 5 to 7 dollars. On the other hand, you should expect to pay around 250 to 300 dollars for a high-quality wallet.</p>\n\n<p>In case you need a wallet to use for a long time, it is a good idea that you should invest a decent amount of money on a wallet. A high quality wallet from a reputational brand with the premium quality such as cowhide leather will last for a long time. In addition, it is an accessory to show off your fashion sense and your social status.</p>\n\n<p style=\"text-align:center\"><img alt=\"f2\" src=\"/storage/blog/blog-in-05.jpg\" /></p>\n\n<p>&nbsp;</p>\n','published',1,'Botble\\ACL\\Models\\User',1,'blog/5.jpg',348,NULL,'2025-08-02 02:15:16','2025-08-02 02:15:16'),(6,'We\'re Crushing Hard on Summer\'s 10 Biggest Bag Trends','This is the use of repeating all that green stuff be?\' said Alice. \'Oh, don\'t talk about wasting IT. It\'s HIM.\' \'I don\'t quite understand you,\' she said, as politely as she swam nearer to make out.','<p>I have seen many people underestimating the power of their wallets. To them, they are just a functional item they use to carry. As a result, they often end up with the wallets which are not really suitable for them.</p>\n\n<p>You should pay more attention when you choose your wallets. There are a lot of them on the market with the different designs and styles. When you choose carefully, you would be able to buy a wallet that is catered to your needs. Not to mention that it will help to enhance your style significantly.</p>\n\n<p style=\"text-align:center\"><img alt=\"f4\" src=\"/storage/blog/blog-in-01.jpg\" /></p>\n\n<p><br />\n    &nbsp;</p>\n\n<p><strong><em>For all of the reason above, here are 7 expert tips to help you pick up the right men&rsquo;s wallet for you:</em></strong></p>\n\n<h4><strong>Number 1: Choose A Neat Wallet</strong></h4>\n\n<p>The wallet is an essential accessory that you should go simple. Simplicity is the best in this case. A simple and neat wallet with the plain color and even&nbsp;<strong>minimalist style</strong>&nbsp;is versatile. It can be used for both formal and casual events. In addition, that wallet will go well with most of the clothes in your wardrobe.</p>\n\n<p>Keep in mind that a wallet will tell other people about your personality and your fashion sense as much as other clothes you put on. Hence, don&rsquo;t go cheesy on your wallet or else people will think that you have a funny and particular style.</p>\n\n<p style=\"text-align:center\"><img alt=\"f5\" src=\"/storage/blog/blog-in-02.jpg\" /></p>\n\n<p><br />\n    &nbsp;</p>\n<hr />\n<h4><strong>Number 2: Choose The Right Size For Your Wallet</strong></h4>\n\n<p>You should avoid having an over-sized wallet. Don&rsquo;t think that you need to buy a big wallet because you have a lot to carry with you. In addition, a fat wallet is very ugly. It will make it harder for you to slide the wallet into your trousers&rsquo; pocket. In addition, it will create a bulge and ruin your look.</p>\n\n<p>Before you go on to buy a new wallet, clean out your wallet and place all the items from your wallet on a table. Throw away things that you would never need any more such as the old bills or the expired gift cards. Remember to check your wallet on a frequent basis to get rid of all of the old stuff that you don&rsquo;t need anymore.</p>\n\n<p style=\"text-align:center\"><img alt=\"f1\" src=\"/storage/blog/blog-in-03.jpg\" /></p>\n\n<p><br />\n    &nbsp;</p>\n\n<hr />\n<h4><strong>Number 3: Don&rsquo;t Limit Your Options Of Materials</strong></h4>\n\n<p>The types and designs of wallets are not the only things that you should consider when you go out searching for your best wallet. You have more than 1 option of material rather than leather to choose from as well.</p>\n\n<p>You can experiment with other available options such as cotton, polyester and canvas. They all have their own pros and cons. As a result, they will be suitable for different needs and requirements. You should think about them all in order to choose the material which you would like the most.</p>\n\n<p style=\"text-align:center\"><img alt=\"f6\" src=\"/storage/blog/blog-in-04.jpg\" /></p>\n\n<p><br />\n    &nbsp;</p>\n\n<hr />\n<h4><strong>Number 4: Consider A Wallet As A Long Term Investment</strong></h4>\n\n<p>Your wallet is indeed an investment that you should consider spending a decent amount of time and effort on it. Another factor that you need to consider is how much you want to spend on your wallet. The price ranges of wallets on the market vary a great deal. You can find a wallet which is as cheap as about 5 to 7 dollars. On the other hand, you should expect to pay around 250 to 300 dollars for a high-quality wallet.</p>\n\n<p>In case you need a wallet to use for a long time, it is a good idea that you should invest a decent amount of money on a wallet. A high quality wallet from a reputational brand with the premium quality such as cowhide leather will last for a long time. In addition, it is an accessory to show off your fashion sense and your social status.</p>\n\n<p style=\"text-align:center\"><img alt=\"f2\" src=\"/storage/blog/blog-in-05.jpg\" /></p>\n\n<p>&nbsp;</p>\n','published',1,'Botble\\ACL\\Models\\User',1,'blog/6.jpg',1291,NULL,'2025-08-02 02:15:16','2025-08-02 02:15:16'),(7,'Essential Qualities of Highly Successful Music','Mabel! I\'ll try if I only wish people knew that: then they wouldn\'t be so easily offended, you know!\' The Mouse only growled in reply. \'Idiot!\' said the King; and the cool fountains. CHAPTER VIII.','<p>I have seen many people underestimating the power of their wallets. To them, they are just a functional item they use to carry. As a result, they often end up with the wallets which are not really suitable for them.</p>\n\n<p>You should pay more attention when you choose your wallets. There are a lot of them on the market with the different designs and styles. When you choose carefully, you would be able to buy a wallet that is catered to your needs. Not to mention that it will help to enhance your style significantly.</p>\n\n<p style=\"text-align:center\"><img alt=\"f4\" src=\"/storage/blog/blog-in-01.jpg\" /></p>\n\n<p><br />\n    &nbsp;</p>\n\n<p><strong><em>For all of the reason above, here are 7 expert tips to help you pick up the right men&rsquo;s wallet for you:</em></strong></p>\n\n<h4><strong>Number 1: Choose A Neat Wallet</strong></h4>\n\n<p>The wallet is an essential accessory that you should go simple. Simplicity is the best in this case. A simple and neat wallet with the plain color and even&nbsp;<strong>minimalist style</strong>&nbsp;is versatile. It can be used for both formal and casual events. In addition, that wallet will go well with most of the clothes in your wardrobe.</p>\n\n<p>Keep in mind that a wallet will tell other people about your personality and your fashion sense as much as other clothes you put on. Hence, don&rsquo;t go cheesy on your wallet or else people will think that you have a funny and particular style.</p>\n\n<p style=\"text-align:center\"><img alt=\"f5\" src=\"/storage/blog/blog-in-02.jpg\" /></p>\n\n<p><br />\n    &nbsp;</p>\n<hr />\n<h4><strong>Number 2: Choose The Right Size For Your Wallet</strong></h4>\n\n<p>You should avoid having an over-sized wallet. Don&rsquo;t think that you need to buy a big wallet because you have a lot to carry with you. In addition, a fat wallet is very ugly. It will make it harder for you to slide the wallet into your trousers&rsquo; pocket. In addition, it will create a bulge and ruin your look.</p>\n\n<p>Before you go on to buy a new wallet, clean out your wallet and place all the items from your wallet on a table. Throw away things that you would never need any more such as the old bills or the expired gift cards. Remember to check your wallet on a frequent basis to get rid of all of the old stuff that you don&rsquo;t need anymore.</p>\n\n<p style=\"text-align:center\"><img alt=\"f1\" src=\"/storage/blog/blog-in-03.jpg\" /></p>\n\n<p><br />\n    &nbsp;</p>\n\n<hr />\n<h4><strong>Number 3: Don&rsquo;t Limit Your Options Of Materials</strong></h4>\n\n<p>The types and designs of wallets are not the only things that you should consider when you go out searching for your best wallet. You have more than 1 option of material rather than leather to choose from as well.</p>\n\n<p>You can experiment with other available options such as cotton, polyester and canvas. They all have their own pros and cons. As a result, they will be suitable for different needs and requirements. You should think about them all in order to choose the material which you would like the most.</p>\n\n<p style=\"text-align:center\"><img alt=\"f6\" src=\"/storage/blog/blog-in-04.jpg\" /></p>\n\n<p><br />\n    &nbsp;</p>\n\n<hr />\n<h4><strong>Number 4: Consider A Wallet As A Long Term Investment</strong></h4>\n\n<p>Your wallet is indeed an investment that you should consider spending a decent amount of time and effort on it. Another factor that you need to consider is how much you want to spend on your wallet. The price ranges of wallets on the market vary a great deal. You can find a wallet which is as cheap as about 5 to 7 dollars. On the other hand, you should expect to pay around 250 to 300 dollars for a high-quality wallet.</p>\n\n<p>In case you need a wallet to use for a long time, it is a good idea that you should invest a decent amount of money on a wallet. A high quality wallet from a reputational brand with the premium quality such as cowhide leather will last for a long time. In addition, it is an accessory to show off your fashion sense and your social status.</p>\n\n<p style=\"text-align:center\"><img alt=\"f2\" src=\"/storage/blog/blog-in-05.jpg\" /></p>\n\n<p>&nbsp;</p>\n','published',1,'Botble\\ACL\\Models\\User',0,'blog/7.jpg',1221,NULL,'2025-08-02 02:15:16','2025-08-02 02:15:16'),(8,'9 Things I Love About Shaving My Head','Queen, who had meanwhile been examining the roses. \'Off with her friend. When she got up, and began staring at the top of his Normans--\" How are you getting on now, my dear?\' it continued, turning.','<p>I have seen many people underestimating the power of their wallets. To them, they are just a functional item they use to carry. As a result, they often end up with the wallets which are not really suitable for them.</p>\n\n<p>You should pay more attention when you choose your wallets. There are a lot of them on the market with the different designs and styles. When you choose carefully, you would be able to buy a wallet that is catered to your needs. Not to mention that it will help to enhance your style significantly.</p>\n\n<p style=\"text-align:center\"><img alt=\"f4\" src=\"/storage/blog/blog-in-01.jpg\" /></p>\n\n<p><br />\n    &nbsp;</p>\n\n<p><strong><em>For all of the reason above, here are 7 expert tips to help you pick up the right men&rsquo;s wallet for you:</em></strong></p>\n\n<h4><strong>Number 1: Choose A Neat Wallet</strong></h4>\n\n<p>The wallet is an essential accessory that you should go simple. Simplicity is the best in this case. A simple and neat wallet with the plain color and even&nbsp;<strong>minimalist style</strong>&nbsp;is versatile. It can be used for both formal and casual events. In addition, that wallet will go well with most of the clothes in your wardrobe.</p>\n\n<p>Keep in mind that a wallet will tell other people about your personality and your fashion sense as much as other clothes you put on. Hence, don&rsquo;t go cheesy on your wallet or else people will think that you have a funny and particular style.</p>\n\n<p style=\"text-align:center\"><img alt=\"f5\" src=\"/storage/blog/blog-in-02.jpg\" /></p>\n\n<p><br />\n    &nbsp;</p>\n<hr />\n<h4><strong>Number 2: Choose The Right Size For Your Wallet</strong></h4>\n\n<p>You should avoid having an over-sized wallet. Don&rsquo;t think that you need to buy a big wallet because you have a lot to carry with you. In addition, a fat wallet is very ugly. It will make it harder for you to slide the wallet into your trousers&rsquo; pocket. In addition, it will create a bulge and ruin your look.</p>\n\n<p>Before you go on to buy a new wallet, clean out your wallet and place all the items from your wallet on a table. Throw away things that you would never need any more such as the old bills or the expired gift cards. Remember to check your wallet on a frequent basis to get rid of all of the old stuff that you don&rsquo;t need anymore.</p>\n\n<p style=\"text-align:center\"><img alt=\"f1\" src=\"/storage/blog/blog-in-03.jpg\" /></p>\n\n<p><br />\n    &nbsp;</p>\n\n<hr />\n<h4><strong>Number 3: Don&rsquo;t Limit Your Options Of Materials</strong></h4>\n\n<p>The types and designs of wallets are not the only things that you should consider when you go out searching for your best wallet. You have more than 1 option of material rather than leather to choose from as well.</p>\n\n<p>You can experiment with other available options such as cotton, polyester and canvas. They all have their own pros and cons. As a result, they will be suitable for different needs and requirements. You should think about them all in order to choose the material which you would like the most.</p>\n\n<p style=\"text-align:center\"><img alt=\"f6\" src=\"/storage/blog/blog-in-04.jpg\" /></p>\n\n<p><br />\n    &nbsp;</p>\n\n<hr />\n<h4><strong>Number 4: Consider A Wallet As A Long Term Investment</strong></h4>\n\n<p>Your wallet is indeed an investment that you should consider spending a decent amount of time and effort on it. Another factor that you need to consider is how much you want to spend on your wallet. The price ranges of wallets on the market vary a great deal. You can find a wallet which is as cheap as about 5 to 7 dollars. On the other hand, you should expect to pay around 250 to 300 dollars for a high-quality wallet.</p>\n\n<p>In case you need a wallet to use for a long time, it is a good idea that you should invest a decent amount of money on a wallet. A high quality wallet from a reputational brand with the premium quality such as cowhide leather will last for a long time. In addition, it is an accessory to show off your fashion sense and your social status.</p>\n\n<p style=\"text-align:center\"><img alt=\"f2\" src=\"/storage/blog/blog-in-05.jpg\" /></p>\n\n<p>&nbsp;</p>\n','published',1,'Botble\\ACL\\Models\\User',1,'blog/8.jpg',1005,NULL,'2025-08-02 02:15:16','2025-08-02 02:15:16'),(9,'Why Teamwork Really Makes The Dream Work','Pigeon in a furious passion, and went by without noticing her. Then followed the Knave of Hearts, who only bowed and smiled in reply. \'Idiot!\' said the Rabbit just under the window, and on it were.','<p>I have seen many people underestimating the power of their wallets. To them, they are just a functional item they use to carry. As a result, they often end up with the wallets which are not really suitable for them.</p>\n\n<p>You should pay more attention when you choose your wallets. There are a lot of them on the market with the different designs and styles. When you choose carefully, you would be able to buy a wallet that is catered to your needs. Not to mention that it will help to enhance your style significantly.</p>\n\n<p style=\"text-align:center\"><img alt=\"f4\" src=\"/storage/blog/blog-in-01.jpg\" /></p>\n\n<p><br />\n    &nbsp;</p>\n\n<p><strong><em>For all of the reason above, here are 7 expert tips to help you pick up the right men&rsquo;s wallet for you:</em></strong></p>\n\n<h4><strong>Number 1: Choose A Neat Wallet</strong></h4>\n\n<p>The wallet is an essential accessory that you should go simple. Simplicity is the best in this case. A simple and neat wallet with the plain color and even&nbsp;<strong>minimalist style</strong>&nbsp;is versatile. It can be used for both formal and casual events. In addition, that wallet will go well with most of the clothes in your wardrobe.</p>\n\n<p>Keep in mind that a wallet will tell other people about your personality and your fashion sense as much as other clothes you put on. Hence, don&rsquo;t go cheesy on your wallet or else people will think that you have a funny and particular style.</p>\n\n<p style=\"text-align:center\"><img alt=\"f5\" src=\"/storage/blog/blog-in-02.jpg\" /></p>\n\n<p><br />\n    &nbsp;</p>\n<hr />\n<h4><strong>Number 2: Choose The Right Size For Your Wallet</strong></h4>\n\n<p>You should avoid having an over-sized wallet. Don&rsquo;t think that you need to buy a big wallet because you have a lot to carry with you. In addition, a fat wallet is very ugly. It will make it harder for you to slide the wallet into your trousers&rsquo; pocket. In addition, it will create a bulge and ruin your look.</p>\n\n<p>Before you go on to buy a new wallet, clean out your wallet and place all the items from your wallet on a table. Throw away things that you would never need any more such as the old bills or the expired gift cards. Remember to check your wallet on a frequent basis to get rid of all of the old stuff that you don&rsquo;t need anymore.</p>\n\n<p style=\"text-align:center\"><img alt=\"f1\" src=\"/storage/blog/blog-in-03.jpg\" /></p>\n\n<p><br />\n    &nbsp;</p>\n\n<hr />\n<h4><strong>Number 3: Don&rsquo;t Limit Your Options Of Materials</strong></h4>\n\n<p>The types and designs of wallets are not the only things that you should consider when you go out searching for your best wallet. You have more than 1 option of material rather than leather to choose from as well.</p>\n\n<p>You can experiment with other available options such as cotton, polyester and canvas. They all have their own pros and cons. As a result, they will be suitable for different needs and requirements. You should think about them all in order to choose the material which you would like the most.</p>\n\n<p style=\"text-align:center\"><img alt=\"f6\" src=\"/storage/blog/blog-in-04.jpg\" /></p>\n\n<p><br />\n    &nbsp;</p>\n\n<hr />\n<h4><strong>Number 4: Consider A Wallet As A Long Term Investment</strong></h4>\n\n<p>Your wallet is indeed an investment that you should consider spending a decent amount of time and effort on it. Another factor that you need to consider is how much you want to spend on your wallet. The price ranges of wallets on the market vary a great deal. You can find a wallet which is as cheap as about 5 to 7 dollars. On the other hand, you should expect to pay around 250 to 300 dollars for a high-quality wallet.</p>\n\n<p>In case you need a wallet to use for a long time, it is a good idea that you should invest a decent amount of money on a wallet. A high quality wallet from a reputational brand with the premium quality such as cowhide leather will last for a long time. In addition, it is an accessory to show off your fashion sense and your social status.</p>\n\n<p style=\"text-align:center\"><img alt=\"f2\" src=\"/storage/blog/blog-in-05.jpg\" /></p>\n\n<p>&nbsp;</p>\n','published',1,'Botble\\ACL\\Models\\User',0,'blog/9.jpg',1071,NULL,'2025-08-02 02:15:16','2025-08-02 02:15:16'),(10,'The World Caters to Average People','I\'m sure I can\'t understand it myself to begin with; and being so many different sizes in a hoarse, feeble voice: \'I heard the Queen\'s shrill cries to the Hatter. \'Nor I,\' said the King. (The jury.','<p>I have seen many people underestimating the power of their wallets. To them, they are just a functional item they use to carry. As a result, they often end up with the wallets which are not really suitable for them.</p>\n\n<p>You should pay more attention when you choose your wallets. There are a lot of them on the market with the different designs and styles. When you choose carefully, you would be able to buy a wallet that is catered to your needs. Not to mention that it will help to enhance your style significantly.</p>\n\n<p style=\"text-align:center\"><img alt=\"f4\" src=\"/storage/blog/blog-in-01.jpg\" /></p>\n\n<p><br />\n    &nbsp;</p>\n\n<p><strong><em>For all of the reason above, here are 7 expert tips to help you pick up the right men&rsquo;s wallet for you:</em></strong></p>\n\n<h4><strong>Number 1: Choose A Neat Wallet</strong></h4>\n\n<p>The wallet is an essential accessory that you should go simple. Simplicity is the best in this case. A simple and neat wallet with the plain color and even&nbsp;<strong>minimalist style</strong>&nbsp;is versatile. It can be used for both formal and casual events. In addition, that wallet will go well with most of the clothes in your wardrobe.</p>\n\n<p>Keep in mind that a wallet will tell other people about your personality and your fashion sense as much as other clothes you put on. Hence, don&rsquo;t go cheesy on your wallet or else people will think that you have a funny and particular style.</p>\n\n<p style=\"text-align:center\"><img alt=\"f5\" src=\"/storage/blog/blog-in-02.jpg\" /></p>\n\n<p><br />\n    &nbsp;</p>\n<hr />\n<h4><strong>Number 2: Choose The Right Size For Your Wallet</strong></h4>\n\n<p>You should avoid having an over-sized wallet. Don&rsquo;t think that you need to buy a big wallet because you have a lot to carry with you. In addition, a fat wallet is very ugly. It will make it harder for you to slide the wallet into your trousers&rsquo; pocket. In addition, it will create a bulge and ruin your look.</p>\n\n<p>Before you go on to buy a new wallet, clean out your wallet and place all the items from your wallet on a table. Throw away things that you would never need any more such as the old bills or the expired gift cards. Remember to check your wallet on a frequent basis to get rid of all of the old stuff that you don&rsquo;t need anymore.</p>\n\n<p style=\"text-align:center\"><img alt=\"f1\" src=\"/storage/blog/blog-in-03.jpg\" /></p>\n\n<p><br />\n    &nbsp;</p>\n\n<hr />\n<h4><strong>Number 3: Don&rsquo;t Limit Your Options Of Materials</strong></h4>\n\n<p>The types and designs of wallets are not the only things that you should consider when you go out searching for your best wallet. You have more than 1 option of material rather than leather to choose from as well.</p>\n\n<p>You can experiment with other available options such as cotton, polyester and canvas. They all have their own pros and cons. As a result, they will be suitable for different needs and requirements. You should think about them all in order to choose the material which you would like the most.</p>\n\n<p style=\"text-align:center\"><img alt=\"f6\" src=\"/storage/blog/blog-in-04.jpg\" /></p>\n\n<p><br />\n    &nbsp;</p>\n\n<hr />\n<h4><strong>Number 4: Consider A Wallet As A Long Term Investment</strong></h4>\n\n<p>Your wallet is indeed an investment that you should consider spending a decent amount of time and effort on it. Another factor that you need to consider is how much you want to spend on your wallet. The price ranges of wallets on the market vary a great deal. You can find a wallet which is as cheap as about 5 to 7 dollars. On the other hand, you should expect to pay around 250 to 300 dollars for a high-quality wallet.</p>\n\n<p>In case you need a wallet to use for a long time, it is a good idea that you should invest a decent amount of money on a wallet. A high quality wallet from a reputational brand with the premium quality such as cowhide leather will last for a long time. In addition, it is an accessory to show off your fashion sense and your social status.</p>\n\n<p style=\"text-align:center\"><img alt=\"f2\" src=\"/storage/blog/blog-in-05.jpg\" /></p>\n\n<p>&nbsp;</p>\n','published',1,'Botble\\ACL\\Models\\User',0,'blog/10.jpg',1206,NULL,'2025-08-02 02:15:16','2025-08-02 02:15:16'),(11,'The litigants on the screen are not actors','Alice, \'because I\'m not looking for it, while the Mouse was speaking, so that her flamingo was gone across to the three gardeners instantly jumped up, and there they are!\' said the Gryphon, \'she.','<p>I have seen many people underestimating the power of their wallets. To them, they are just a functional item they use to carry. As a result, they often end up with the wallets which are not really suitable for them.</p>\n\n<p>You should pay more attention when you choose your wallets. There are a lot of them on the market with the different designs and styles. When you choose carefully, you would be able to buy a wallet that is catered to your needs. Not to mention that it will help to enhance your style significantly.</p>\n\n<p style=\"text-align:center\"><img alt=\"f4\" src=\"/storage/blog/blog-in-01.jpg\" /></p>\n\n<p><br />\n    &nbsp;</p>\n\n<p><strong><em>For all of the reason above, here are 7 expert tips to help you pick up the right men&rsquo;s wallet for you:</em></strong></p>\n\n<h4><strong>Number 1: Choose A Neat Wallet</strong></h4>\n\n<p>The wallet is an essential accessory that you should go simple. Simplicity is the best in this case. A simple and neat wallet with the plain color and even&nbsp;<strong>minimalist style</strong>&nbsp;is versatile. It can be used for both formal and casual events. In addition, that wallet will go well with most of the clothes in your wardrobe.</p>\n\n<p>Keep in mind that a wallet will tell other people about your personality and your fashion sense as much as other clothes you put on. Hence, don&rsquo;t go cheesy on your wallet or else people will think that you have a funny and particular style.</p>\n\n<p style=\"text-align:center\"><img alt=\"f5\" src=\"/storage/blog/blog-in-02.jpg\" /></p>\n\n<p><br />\n    &nbsp;</p>\n<hr />\n<h4><strong>Number 2: Choose The Right Size For Your Wallet</strong></h4>\n\n<p>You should avoid having an over-sized wallet. Don&rsquo;t think that you need to buy a big wallet because you have a lot to carry with you. In addition, a fat wallet is very ugly. It will make it harder for you to slide the wallet into your trousers&rsquo; pocket. In addition, it will create a bulge and ruin your look.</p>\n\n<p>Before you go on to buy a new wallet, clean out your wallet and place all the items from your wallet on a table. Throw away things that you would never need any more such as the old bills or the expired gift cards. Remember to check your wallet on a frequent basis to get rid of all of the old stuff that you don&rsquo;t need anymore.</p>\n\n<p style=\"text-align:center\"><img alt=\"f1\" src=\"/storage/blog/blog-in-03.jpg\" /></p>\n\n<p><br />\n    &nbsp;</p>\n\n<hr />\n<h4><strong>Number 3: Don&rsquo;t Limit Your Options Of Materials</strong></h4>\n\n<p>The types and designs of wallets are not the only things that you should consider when you go out searching for your best wallet. You have more than 1 option of material rather than leather to choose from as well.</p>\n\n<p>You can experiment with other available options such as cotton, polyester and canvas. They all have their own pros and cons. As a result, they will be suitable for different needs and requirements. You should think about them all in order to choose the material which you would like the most.</p>\n\n<p style=\"text-align:center\"><img alt=\"f6\" src=\"/storage/blog/blog-in-04.jpg\" /></p>\n\n<p><br />\n    &nbsp;</p>\n\n<hr />\n<h4><strong>Number 4: Consider A Wallet As A Long Term Investment</strong></h4>\n\n<p>Your wallet is indeed an investment that you should consider spending a decent amount of time and effort on it. Another factor that you need to consider is how much you want to spend on your wallet. The price ranges of wallets on the market vary a great deal. You can find a wallet which is as cheap as about 5 to 7 dollars. On the other hand, you should expect to pay around 250 to 300 dollars for a high-quality wallet.</p>\n\n<p>In case you need a wallet to use for a long time, it is a good idea that you should invest a decent amount of money on a wallet. A high quality wallet from a reputational brand with the premium quality such as cowhide leather will last for a long time. In addition, it is an accessory to show off your fashion sense and your social status.</p>\n\n<p style=\"text-align:center\"><img alt=\"f2\" src=\"/storage/blog/blog-in-05.jpg\" /></p>\n\n<p>&nbsp;</p>\n','published',1,'Botble\\ACL\\Models\\User',0,'blog/11.jpg',2410,NULL,'2025-08-02 02:15:16','2025-08-02 02:15:16');
/*!40000 ALTER TABLE `posts` ENABLE KEYS */;
UNLOCK TABLES;

--
-- Table structure for table `posts_translations`
--

DROP TABLE IF EXISTS `posts_translations`;
/*!40101 SET @saved_cs_client     = @@character_set_client */;
/*!50503 SET character_set_client = utf8mb4 */;
CREATE TABLE `posts_translations` (
  `lang_code` varchar(20) COLLATE utf8mb4_unicode_ci NOT NULL,
  `posts_id` bigint unsigned NOT NULL,
  `name` varchar(191) COLLATE utf8mb4_unicode_ci DEFAULT NULL,
  `description` varchar(400) COLLATE utf8mb4_unicode_ci DEFAULT NULL,
  `content` longtext COLLATE utf8mb4_unicode_ci,
  PRIMARY KEY (`lang_code`,`posts_id`)
) ENGINE=InnoDB DEFAULT CHARSET=utf8mb4 COLLATE=utf8mb4_unicode_ci;
/*!40101 SET character_set_client = @saved_cs_client */;

--
-- Dumping data for table `posts_translations`
--

LOCK TABLES `posts_translations` WRITE;
/*!40000 ALTER TABLE `posts_translations` DISABLE KEYS */;
/*!40000 ALTER TABLE `posts_translations` ENABLE KEYS */;
UNLOCK TABLES;

--
-- Table structure for table `push_notification_recipients`
--

DROP TABLE IF EXISTS `push_notification_recipients`;
/*!40101 SET @saved_cs_client     = @@character_set_client */;
/*!50503 SET character_set_client = utf8mb4 */;
CREATE TABLE `push_notification_recipients` (
  `id` bigint unsigned NOT NULL AUTO_INCREMENT,
  `push_notification_id` bigint unsigned NOT NULL,
  `user_type` varchar(50) COLLATE utf8mb4_unicode_ci NOT NULL,
  `user_id` bigint unsigned NOT NULL,
  `device_token` varchar(191) COLLATE utf8mb4_unicode_ci DEFAULT NULL,
  `platform` varchar(20) COLLATE utf8mb4_unicode_ci DEFAULT NULL,
  `status` varchar(20) COLLATE utf8mb4_unicode_ci NOT NULL DEFAULT 'sent',
  `sent_at` timestamp NULL DEFAULT NULL,
  `delivered_at` timestamp NULL DEFAULT NULL,
  `read_at` timestamp NULL DEFAULT NULL,
  `clicked_at` timestamp NULL DEFAULT NULL,
  `fcm_response` json DEFAULT NULL,
  `error_message` varchar(191) COLLATE utf8mb4_unicode_ci DEFAULT NULL,
  `created_at` timestamp NULL DEFAULT NULL,
  `updated_at` timestamp NULL DEFAULT NULL,
  PRIMARY KEY (`id`),
  KEY `pnr_notification_user_index` (`push_notification_id`,`user_type`,`user_id`),
  KEY `pnr_user_status_index` (`user_type`,`user_id`,`status`),
  KEY `pnr_user_read_index` (`user_type`,`user_id`,`read_at`),
  KEY `pnr_status_index` (`status`)
) ENGINE=InnoDB DEFAULT CHARSET=utf8mb4 COLLATE=utf8mb4_unicode_ci;
/*!40101 SET character_set_client = @saved_cs_client */;

--
-- Dumping data for table `push_notification_recipients`
--

LOCK TABLES `push_notification_recipients` WRITE;
/*!40000 ALTER TABLE `push_notification_recipients` DISABLE KEYS */;
/*!40000 ALTER TABLE `push_notification_recipients` ENABLE KEYS */;
UNLOCK TABLES;

--
-- Table structure for table `push_notifications`
--

DROP TABLE IF EXISTS `push_notifications`;
/*!40101 SET @saved_cs_client     = @@character_set_client */;
/*!50503 SET character_set_client = utf8mb4 */;
CREATE TABLE `push_notifications` (
  `id` bigint unsigned NOT NULL AUTO_INCREMENT,
  `title` varchar(191) COLLATE utf8mb4_unicode_ci NOT NULL,
  `message` text COLLATE utf8mb4_unicode_ci NOT NULL,
  `type` varchar(191) COLLATE utf8mb4_unicode_ci NOT NULL DEFAULT 'general',
  `target_type` varchar(191) COLLATE utf8mb4_unicode_ci DEFAULT NULL,
  `target_value` varchar(191) COLLATE utf8mb4_unicode_ci DEFAULT NULL,
  `action_url` varchar(191) COLLATE utf8mb4_unicode_ci DEFAULT NULL,
  `image_url` varchar(191) COLLATE utf8mb4_unicode_ci DEFAULT NULL,
  `data` json DEFAULT NULL,
  `status` varchar(191) COLLATE utf8mb4_unicode_ci NOT NULL DEFAULT 'sent',
  `sent_count` int NOT NULL DEFAULT '0',
  `failed_count` int NOT NULL DEFAULT '0',
  `delivered_count` int NOT NULL DEFAULT '0',
  `read_count` int NOT NULL DEFAULT '0',
  `scheduled_at` timestamp NULL DEFAULT NULL,
  `sent_at` timestamp NULL DEFAULT NULL,
  `created_by` bigint unsigned DEFAULT NULL,
  `created_at` timestamp NULL DEFAULT NULL,
  `updated_at` timestamp NULL DEFAULT NULL,
  PRIMARY KEY (`id`),
  KEY `push_notifications_type_created_at_index` (`type`,`created_at`),
  KEY `push_notifications_status_scheduled_at_index` (`status`,`scheduled_at`),
  KEY `push_notifications_created_by_index` (`created_by`)
) ENGINE=InnoDB DEFAULT CHARSET=utf8mb4 COLLATE=utf8mb4_unicode_ci;
/*!40101 SET character_set_client = @saved_cs_client */;

--
-- Dumping data for table `push_notifications`
--

LOCK TABLES `push_notifications` WRITE;
/*!40000 ALTER TABLE `push_notifications` DISABLE KEYS */;
/*!40000 ALTER TABLE `push_notifications` ENABLE KEYS */;
UNLOCK TABLES;

--
-- Table structure for table `revisions`
--

DROP TABLE IF EXISTS `revisions`;
/*!40101 SET @saved_cs_client     = @@character_set_client */;
/*!50503 SET character_set_client = utf8mb4 */;
CREATE TABLE `revisions` (
  `id` bigint unsigned NOT NULL AUTO_INCREMENT,
  `revisionable_type` varchar(191) COLLATE utf8mb4_unicode_ci NOT NULL,
  `revisionable_id` bigint unsigned NOT NULL,
  `user_id` bigint unsigned DEFAULT NULL,
  `key` varchar(120) COLLATE utf8mb4_unicode_ci NOT NULL,
  `old_value` text COLLATE utf8mb4_unicode_ci,
  `new_value` text COLLATE utf8mb4_unicode_ci,
  `created_at` timestamp NULL DEFAULT NULL,
  `updated_at` timestamp NULL DEFAULT NULL,
  PRIMARY KEY (`id`),
  KEY `revisions_revisionable_id_revisionable_type_index` (`revisionable_id`,`revisionable_type`)
) ENGINE=InnoDB DEFAULT CHARSET=utf8mb4 COLLATE=utf8mb4_unicode_ci;
/*!40101 SET character_set_client = @saved_cs_client */;

--
-- Dumping data for table `revisions`
--

LOCK TABLES `revisions` WRITE;
/*!40000 ALTER TABLE `revisions` DISABLE KEYS */;
/*!40000 ALTER TABLE `revisions` ENABLE KEYS */;
UNLOCK TABLES;

--
-- Table structure for table `role_users`
--

DROP TABLE IF EXISTS `role_users`;
/*!40101 SET @saved_cs_client     = @@character_set_client */;
/*!50503 SET character_set_client = utf8mb4 */;
CREATE TABLE `role_users` (
  `user_id` bigint unsigned NOT NULL,
  `role_id` bigint unsigned NOT NULL,
  `created_at` timestamp NULL DEFAULT NULL,
  `updated_at` timestamp NULL DEFAULT NULL,
  PRIMARY KEY (`user_id`,`role_id`),
  KEY `role_users_user_id_index` (`user_id`),
  KEY `role_users_role_id_index` (`role_id`)
) ENGINE=InnoDB DEFAULT CHARSET=utf8mb4 COLLATE=utf8mb4_unicode_ci;
/*!40101 SET character_set_client = @saved_cs_client */;

--
-- Dumping data for table `role_users`
--

LOCK TABLES `role_users` WRITE;
/*!40000 ALTER TABLE `role_users` DISABLE KEYS */;
/*!40000 ALTER TABLE `role_users` ENABLE KEYS */;
UNLOCK TABLES;

--
-- Table structure for table `roles`
--

DROP TABLE IF EXISTS `roles`;
/*!40101 SET @saved_cs_client     = @@character_set_client */;
/*!50503 SET character_set_client = utf8mb4 */;
CREATE TABLE `roles` (
  `id` bigint unsigned NOT NULL AUTO_INCREMENT,
  `slug` varchar(120) COLLATE utf8mb4_unicode_ci NOT NULL,
  `name` varchar(120) COLLATE utf8mb4_unicode_ci NOT NULL,
  `permissions` text COLLATE utf8mb4_unicode_ci,
  `description` varchar(400) COLLATE utf8mb4_unicode_ci DEFAULT NULL,
  `is_default` tinyint unsigned NOT NULL DEFAULT '0',
  `created_by` bigint unsigned NOT NULL,
  `updated_by` bigint unsigned NOT NULL,
  `created_at` timestamp NULL DEFAULT NULL,
  `updated_at` timestamp NULL DEFAULT NULL,
  PRIMARY KEY (`id`),
  UNIQUE KEY `roles_slug_unique` (`slug`),
  KEY `roles_created_by_index` (`created_by`),
  KEY `roles_updated_by_index` (`updated_by`)
) ENGINE=InnoDB AUTO_INCREMENT=2 DEFAULT CHARSET=utf8mb4 COLLATE=utf8mb4_unicode_ci;
/*!40101 SET character_set_client = @saved_cs_client */;

--
-- Dumping data for table `roles`
--

LOCK TABLES `roles` WRITE;
/*!40000 ALTER TABLE `roles` DISABLE KEYS */;
INSERT INTO `roles` VALUES (1,'admin','Admin','{\"users.index\":true,\"users.create\":true,\"users.edit\":true,\"users.destroy\":true,\"roles.index\":true,\"roles.create\":true,\"roles.edit\":true,\"roles.destroy\":true,\"core.system\":true,\"core.cms\":true,\"core.manage.license\":true,\"systems.cronjob\":true,\"core.tools\":true,\"tools.data-synchronize\":true,\"media.index\":true,\"files.index\":true,\"files.create\":true,\"files.edit\":true,\"files.trash\":true,\"files.destroy\":true,\"folders.index\":true,\"folders.create\":true,\"folders.edit\":true,\"folders.trash\":true,\"folders.destroy\":true,\"settings.index\":true,\"settings.common\":true,\"settings.options\":true,\"settings.email\":true,\"settings.media\":true,\"settings.admin-appearance\":true,\"settings.cache\":true,\"settings.datatables\":true,\"settings.email.rules\":true,\"settings.others\":true,\"menus.index\":true,\"menus.create\":true,\"menus.edit\":true,\"menus.destroy\":true,\"optimize.settings\":true,\"pages.index\":true,\"pages.create\":true,\"pages.edit\":true,\"pages.destroy\":true,\"plugins.index\":true,\"plugins.edit\":true,\"plugins.remove\":true,\"plugins.marketplace\":true,\"sitemap.settings\":true,\"core.appearance\":true,\"theme.index\":true,\"theme.activate\":true,\"theme.remove\":true,\"theme.options\":true,\"theme.custom-css\":true,\"theme.custom-js\":true,\"theme.custom-html\":true,\"theme.robots-txt\":true,\"settings.website-tracking\":true,\"widgets.index\":true,\"ads.index\":true,\"ads.create\":true,\"ads.edit\":true,\"ads.destroy\":true,\"ads.settings\":true,\"analytics.general\":true,\"analytics.page\":true,\"analytics.browser\":true,\"analytics.referrer\":true,\"analytics.settings\":true,\"announcements.index\":true,\"announcements.create\":true,\"announcements.edit\":true,\"announcements.destroy\":true,\"announcements.settings\":true,\"audit-log.index\":true,\"audit-log.destroy\":true,\"backups.index\":true,\"backups.create\":true,\"backups.restore\":true,\"backups.destroy\":true,\"plugins.blog\":true,\"posts.index\":true,\"posts.create\":true,\"posts.edit\":true,\"posts.destroy\":true,\"categories.index\":true,\"categories.create\":true,\"categories.edit\":true,\"categories.destroy\":true,\"tags.index\":true,\"tags.create\":true,\"tags.edit\":true,\"tags.destroy\":true,\"blog.settings\":true,\"posts.export\":true,\"posts.import\":true,\"captcha.settings\":true,\"contacts.index\":true,\"contacts.edit\":true,\"contacts.destroy\":true,\"contact.custom-fields\":true,\"contact.settings\":true,\"plugins.ecommerce\":true,\"ecommerce.report.index\":true,\"products.index\":true,\"products.create\":true,\"products.edit\":true,\"products.destroy\":true,\"products.duplicate\":true,\"ecommerce.product-prices.index\":true,\"ecommerce.product-prices.edit\":true,\"ecommerce.product-inventory.index\":true,\"ecommerce.product-inventory.edit\":true,\"product-categories.index\":true,\"product-categories.create\":true,\"product-categories.edit\":true,\"product-categories.destroy\":true,\"product-tag.index\":true,\"product-tag.create\":true,\"product-tag.edit\":true,\"product-tag.destroy\":true,\"brands.index\":true,\"brands.create\":true,\"brands.edit\":true,\"brands.destroy\":true,\"product-collections.index\":true,\"product-collections.create\":true,\"product-collections.edit\":true,\"product-collections.destroy\":true,\"product-attribute-sets.index\":true,\"product-attribute-sets.create\":true,\"product-attribute-sets.edit\":true,\"product-attribute-sets.destroy\":true,\"product-attributes.index\":true,\"product-attributes.create\":true,\"product-attributes.edit\":true,\"product-attributes.destroy\":true,\"tax.index\":true,\"tax.create\":true,\"tax.edit\":true,\"tax.destroy\":true,\"reviews.index\":true,\"reviews.create\":true,\"reviews.destroy\":true,\"reviews.publish\":true,\"reviews.reply\":true,\"ecommerce.shipments.index\":true,\"ecommerce.shipments.create\":true,\"ecommerce.shipments.edit\":true,\"ecommerce.shipments.destroy\":true,\"orders.index\":true,\"orders.create\":true,\"orders.edit\":true,\"orders.destroy\":true,\"discounts.index\":true,\"discounts.create\":true,\"discounts.edit\":true,\"discounts.destroy\":true,\"customers.index\":true,\"customers.create\":true,\"customers.edit\":true,\"customers.destroy\":true,\"ecommerce.customers.import\":true,\"ecommerce.customers.export\":true,\"flash-sale.index\":true,\"flash-sale.create\":true,\"flash-sale.edit\":true,\"flash-sale.destroy\":true,\"product-label.index\":true,\"product-label.create\":true,\"product-label.edit\":true,\"product-label.destroy\":true,\"ecommerce.import.products.index\":true,\"ecommerce.export.products.index\":true,\"order_returns.index\":true,\"order_returns.edit\":true,\"order_returns.destroy\":true,\"global-option.index\":true,\"global-option.create\":true,\"global-option.edit\":true,\"global-option.destroy\":true,\"ecommerce.invoice.index\":true,\"ecommerce.invoice.edit\":true,\"ecommerce.invoice.destroy\":true,\"ecommerce.settings\":true,\"ecommerce.settings.general\":true,\"ecommerce.invoice-template.index\":true,\"ecommerce.settings.currencies\":true,\"ecommerce.settings.products\":true,\"ecommerce.settings.product-search\":true,\"ecommerce.settings.digital-products\":true,\"ecommerce.settings.store-locators\":true,\"ecommerce.settings.invoices\":true,\"ecommerce.settings.product-reviews\":true,\"ecommerce.settings.customers\":true,\"ecommerce.settings.shopping\":true,\"ecommerce.settings.taxes\":true,\"ecommerce.settings.shipping\":true,\"ecommerce.shipping-rule-items.index\":true,\"ecommerce.shipping-rule-items.create\":true,\"ecommerce.shipping-rule-items.edit\":true,\"ecommerce.shipping-rule-items.destroy\":true,\"ecommerce.shipping-rule-items.bulk-import\":true,\"ecommerce.settings.tracking\":true,\"ecommerce.settings.standard-and-format\":true,\"ecommerce.settings.checkout\":true,\"ecommerce.settings.return\":true,\"ecommerce.settings.flash-sale\":true,\"ecommerce.settings.product-specification\":true,\"product-categories.export\":true,\"product-categories.import\":true,\"orders.export\":true,\"ecommerce.product-specification.index\":true,\"ecommerce.specification-groups.index\":true,\"ecommerce.specification-groups.create\":true,\"ecommerce.specification-groups.edit\":true,\"ecommerce.specification-groups.destroy\":true,\"ecommerce.specification-attributes.index\":true,\"ecommerce.specification-attributes.create\":true,\"ecommerce.specification-attributes.edit\":true,\"ecommerce.specification-attributes.destroy\":true,\"ecommerce.specification-tables.index\":true,\"ecommerce.specification-tables.create\":true,\"ecommerce.specification-tables.edit\":true,\"ecommerce.specification-tables.destroy\":true,\"plugin.faq\":true,\"faq.index\":true,\"faq.create\":true,\"faq.edit\":true,\"faq.destroy\":true,\"faq_category.index\":true,\"faq_category.create\":true,\"faq_category.edit\":true,\"faq_category.destroy\":true,\"faqs.settings\":true,\"galleries.index\":true,\"galleries.create\":true,\"galleries.edit\":true,\"galleries.destroy\":true,\"languages.index\":true,\"languages.create\":true,\"languages.edit\":true,\"languages.destroy\":true,\"translations.import\":true,\"translations.export\":true,\"property-translations.import\":true,\"property-translations.export\":true,\"plugin.location\":true,\"country.index\":true,\"country.create\":true,\"country.edit\":true,\"country.destroy\":true,\"state.index\":true,\"state.create\":true,\"state.edit\":true,\"state.destroy\":true,\"city.index\":true,\"city.create\":true,\"city.edit\":true,\"city.destroy\":true,\"newsletter.index\":true,\"newsletter.destroy\":true,\"newsletter.settings\":true,\"payment.index\":true,\"payments.settings\":true,\"payment.destroy\":true,\"payments.logs\":true,\"payments.logs.show\":true,\"payments.logs.destroy\":true,\"sale-popup.settings\":true,\"simple-slider.index\":true,\"simple-slider.create\":true,\"simple-slider.edit\":true,\"simple-slider.destroy\":true,\"simple-slider-item.index\":true,\"simple-slider-item.create\":true,\"simple-slider-item.edit\":true,\"simple-slider-item.destroy\":true,\"simple-slider.settings\":true,\"social-login.settings\":true,\"team.index\":true,\"team.create\":true,\"team.edit\":true,\"team.destroy\":true,\"testimonial.index\":true,\"testimonial.create\":true,\"testimonial.edit\":true,\"testimonial.destroy\":true,\"plugins.translation\":true,\"translations.locales\":true,\"translations.theme-translations\":true,\"translations.index\":true,\"theme-translations.export\":true,\"other-translations.export\":true,\"theme-translations.import\":true,\"other-translations.import\":true,\"api.settings\":true,\"api.sanctum-token.index\":true,\"api.sanctum-token.create\":true,\"api.sanctum-token.destroy\":true}','Admin users role',1,1,1,'2025-08-02 02:15:12','2025-08-02 02:15:12');
/*!40000 ALTER TABLE `roles` ENABLE KEYS */;
UNLOCK TABLES;

--
-- Table structure for table `sessions`
--

DROP TABLE IF EXISTS `sessions`;
/*!40101 SET @saved_cs_client     = @@character_set_client */;
/*!50503 SET character_set_client = utf8mb4 */;
CREATE TABLE `sessions` (
  `id` varchar(191) COLLATE utf8mb4_unicode_ci NOT NULL,
  `user_id` bigint unsigned DEFAULT NULL,
  `ip_address` varchar(45) COLLATE utf8mb4_unicode_ci DEFAULT NULL,
  `user_agent` text COLLATE utf8mb4_unicode_ci,
  `payload` longtext COLLATE utf8mb4_unicode_ci NOT NULL,
  `last_activity` int NOT NULL,
  PRIMARY KEY (`id`),
  KEY `sessions_user_id_index` (`user_id`),
  KEY `sessions_last_activity_index` (`last_activity`)
) ENGINE=InnoDB DEFAULT CHARSET=utf8mb4 COLLATE=utf8mb4_unicode_ci;
/*!40101 SET character_set_client = @saved_cs_client */;

--
-- Dumping data for table `sessions`
--

LOCK TABLES `sessions` WRITE;
/*!40000 ALTER TABLE `sessions` DISABLE KEYS */;
/*!40000 ALTER TABLE `sessions` ENABLE KEYS */;
UNLOCK TABLES;

--
-- Table structure for table `settings`
--

DROP TABLE IF EXISTS `settings`;
/*!40101 SET @saved_cs_client     = @@character_set_client */;
/*!50503 SET character_set_client = utf8mb4 */;
CREATE TABLE `settings` (
  `id` bigint unsigned NOT NULL AUTO_INCREMENT,
  `key` varchar(191) COLLATE utf8mb4_unicode_ci NOT NULL,
  `value` text COLLATE utf8mb4_unicode_ci,
  `created_at` timestamp NULL DEFAULT NULL,
  `updated_at` timestamp NULL DEFAULT NULL,
  PRIMARY KEY (`id`),
  UNIQUE KEY `settings_key_unique` (`key`)
) ENGINE=InnoDB AUTO_INCREMENT=82 DEFAULT CHARSET=utf8mb4 COLLATE=utf8mb4_unicode_ci;
/*!40101 SET character_set_client = @saved_cs_client */;

--
-- Dumping data for table `settings`
--

LOCK TABLES `settings` WRITE;
/*!40000 ALTER TABLE `settings` DISABLE KEYS */;
INSERT INTO `settings` VALUES (1,'media_random_hash','1f9a65451dc6c8a74c9ed362cd522ff0',NULL,'2025-08-02 02:15:52'),(2,'api_enabled','0',NULL,'2025-08-02 02:15:52'),(3,'activated_plugins','[\"language\",\"language-advanced\",\"ads\",\"analytics\",\"announcement\",\"audit-log\",\"backup\",\"blog\",\"captcha\",\"contact\",\"cookie-consent\",\"ecommerce\",\"faq\",\"gallery\",\"location\",\"mollie\",\"newsletter\",\"payment\",\"paypal\",\"paystack\",\"razorpay\",\"sale-popup\",\"shippo\",\"simple-slider\",\"social-login\",\"sslcommerz\",\"stripe\",\"team\",\"testimonial\",\"translation\"]',NULL,'2025-08-02 02:15:52'),(4,'analytics_dashboard_widgets','0','2025-08-02 02:15:06','2025-08-02 02:15:06'),(5,'enable_recaptcha_botble_contact_forms_fronts_contact_form','1','2025-08-02 02:15:06','2025-08-02 02:15:06'),(6,'api_layer_api_key','',NULL,'2025-08-02 02:15:52'),(9,'enable_recaptcha_botble_newsletter_forms_fronts_newsletter_form','1','2025-08-02 02:15:10','2025-08-02 02:15:10'),(10,'payment_cod_fee_type','fixed',NULL,'2025-08-02 02:15:52'),(11,'payment_bank_transfer_fee_type','fixed',NULL,'2025-08-02 02:15:52'),(12,'theme','ninico',NULL,'2025-08-02 02:15:52'),(13,'show_admin_bar','1',NULL,'2025-08-02 02:15:52'),(14,'language_hide_default','1',NULL,'2025-08-02 02:15:52'),(15,'language_switcher_display','dropdown',NULL,'2025-08-02 02:15:52'),(16,'language_display','all',NULL,'2025-08-02 02:15:52'),(17,'language_hide_languages','[]',NULL,'2025-08-02 02:15:52'),(18,'admin_favicon','general/favicon.png',NULL,'2025-08-02 02:15:52'),(19,'admin_logo','general/logo-white.png',NULL,'2025-08-02 02:15:52'),(20,'payment_cod_status','1',NULL,'2025-08-02 02:15:52'),(21,'payment_bank_transfer_status','1',NULL,'2025-08-02 02:15:52'),(22,'payment_cod_description','Please pay money directly to the postman, if you choose cash on delivery method (COD).',NULL,'2025-08-02 02:15:52'),(23,'payment_bank_transfer_description','Please send money to our bank account: ACB - 69270 213 19.',NULL,'2025-08-02 02:15:52'),(24,'payment_stripe_payment_type','stripe_checkout',NULL,'2025-08-02 02:15:52'),(25,'plugins_ecommerce_customer_new_order_status','0',NULL,'2025-08-02 02:15:52'),(26,'plugins_ecommerce_admin_new_order_status','0',NULL,'2025-08-02 02:15:52'),(27,'ecommerce_is_enabled_support_digital_products','1',NULL,'2025-08-02 02:15:52'),(28,'ecommerce_enable_license_codes_for_digital_products','1',NULL,'2025-08-02 02:15:52'),(29,'ecommerce_auto_complete_digital_orders_after_payment','1',NULL,'2025-08-02 02:15:52'),(30,'ecommerce_load_countries_states_cities_from_location_plugin','0',NULL,'2025-08-02 02:15:52'),(31,'ecommerce_product_sku_format','SF-2443-%s%s%s%s',NULL,'2025-08-02 02:15:52'),(32,'ecommerce_store_order_prefix','SF',NULL,'2025-08-02 02:15:52'),(33,'ecommerce_enable_product_specification','1',NULL,'2025-08-02 02:15:52'),(34,'payment_bank_transfer_display_bank_info_at_the_checkout_success_page','1',NULL,'2025-08-02 02:15:52'),(35,'payment_cod_logo','payments/cod.png',NULL,'2025-08-02 02:15:52'),(36,'payment_bank_transfer_logo','payments/bank-transfer.png',NULL,'2025-08-02 02:15:52'),(37,'payment_stripe_logo','payments/stripe.webp',NULL,'2025-08-02 02:15:52'),(38,'payment_paypal_logo','payments/paypal.png',NULL,'2025-08-02 02:15:52'),(39,'payment_mollie_logo','payments/mollie.png',NULL,'2025-08-02 02:15:52'),(40,'payment_paystack_logo','payments/paystack.png',NULL,'2025-08-02 02:15:52'),(41,'payment_razorpay_logo','payments/razorpay.png',NULL,'2025-08-02 02:15:52'),(42,'payment_sslcommerz_logo','payments/sslcommerz.png',NULL,'2025-08-02 02:15:52'),(43,'permalink-botble-blog-models-post','blog',NULL,'2025-08-02 02:15:52'),(44,'permalink-botble-blog-models-category','blog',NULL,'2025-08-02 02:15:52'),(45,'theme-ninico-site_title','Ninico - Minimal eCommerce',NULL,'2025-08-02 02:15:52'),(46,'theme-ninico-seo_description','Ninico is a modern and flexible Minimal eCommerce Laravel script. This script is suited for electronic, organic and grocery store, furniture store, clothing store, hitech store and accessories store...',NULL,'2025-08-02 02:15:52'),(47,'theme-ninico-favicon','general/favicon.png',NULL,'2025-08-02 02:15:52'),(48,'theme-ninico-logo_light','general/logo-white.png',NULL,'2025-08-02 02:15:52'),(49,'theme-ninico-logo','general/logo.png',NULL,'2025-08-02 02:15:52'),(50,'theme-ninico-primary_font','Jost',NULL,'2025-08-02 02:15:52'),(51,'theme-ninico-primary_color','#d51243',NULL,'2025-08-02 02:15:52'),(52,'theme-ninico-hotline','908. 408. 501. 89',NULL,'2025-08-02 02:15:52'),(53,'theme-ninico-homepage_id','1',NULL,'2025-08-02 02:15:52'),(54,'theme-ninico-blog_page_id','6',NULL,'2025-08-02 02:15:52'),(55,'theme-ninico-cart_footer_description','Free shipping for orders <b>under 10km</b>',NULL,'2025-08-02 02:15:52'),(56,'theme-ninico-breadcrumb_background','banners/breadcrumb-01.jpg',NULL,'2025-08-02 02:15:52'),(57,'theme-ninico-login_background','banners/login-bg.jpg',NULL,'2025-08-02 02:15:52'),(58,'theme-ninico-register_background','banners/sign-bg.jpg',NULL,'2025-08-02 02:15:52'),(59,'theme-ninico-404_not_found_icon','icons/error.png',NULL,'2025-08-02 02:15:52'),(60,'theme-ninico-order_tracking_background','banners/track-bg.jpg',NULL,'2025-08-02 02:15:52'),(61,'theme-ninico-default_product_list_layout','grid',NULL,'2025-08-02 02:15:52'),(62,'theme-ninico-number_of_products_per_page','30',NULL,'2025-08-02 02:15:52'),(63,'theme-ninico-footer_background_color','#F8F8F8',NULL,'2025-08-02 02:15:52'),(64,'theme-ninico-footer_text_color','#000000',NULL,'2025-08-02 02:15:52'),(65,'theme-ninico-footer_text_muted_color','#686666',NULL,'2025-08-02 02:15:52'),(66,'theme-ninico-footer_border_color','#E0E0E0',NULL,'2025-08-02 02:15:52'),(67,'theme-ninico-footer_bottom_background_color','#ededed',NULL,'2025-08-02 02:15:52'),(68,'theme-ninico-preloader_version','v2',NULL,'2025-08-02 02:15:52'),(69,'theme-ninico-newsletter_popup_enable','1',NULL,'2025-08-02 02:15:52'),(70,'theme-ninico-newsletter_popup_image','general/newsletter-popup.png',NULL,'2025-08-02 02:15:52'),(71,'theme-ninico-newsletter_popup_title','Subscribe Now',NULL,'2025-08-02 02:15:52'),(72,'theme-ninico-newsletter_popup_subtitle','Newsletter',NULL,'2025-08-02 02:15:52'),(73,'theme-ninico-newsletter_popup_description','Subscribe to our newsletter and get 10% off your first purchase',NULL,'2025-08-02 02:15:52'),(74,'theme-ninico-social_links','[[{\"key\":\"name\",\"value\":\"Facebook\"},{\"key\":\"icon\",\"value\":\"ti ti-brand-facebook\"},{\"key\":\"url\",\"value\":\"https:\\/\\/www.facebook.com\"}],[{\"key\":\"name\",\"value\":\"X (Twitter)\"},{\"key\":\"icon\",\"value\":\"ti ti-brand-x\"},{\"key\":\"url\",\"value\":\"https:\\/\\/x.com\"}],[{\"key\":\"name\",\"value\":\"YouTube\"},{\"key\":\"icon\",\"value\":\"ti ti-brand-youtube\"},{\"key\":\"url\",\"value\":\"https:\\/\\/www.youtube.com\"}],[{\"key\":\"name\",\"value\":\"Instagram\"},{\"key\":\"icon\",\"value\":\"ti ti-brand-linkedin\"},{\"key\":\"url\",\"value\":\"https:\\/\\/www.linkedin.com\"}]]',NULL,'2025-08-02 02:15:52'),(75,'announcement_text_alignment','start',NULL,NULL),(76,'announcement_background_color','#f3eee7',NULL,NULL),(77,'announcement_text_color','#000000',NULL,NULL),(78,'announcement_font_size','13',NULL,NULL),(79,'announcement_font_size_unit','px',NULL,NULL),(80,'announcement_autoplay','1',NULL,NULL),(81,'announcement_autoplay_delay','5000',NULL,NULL);
/*!40000 ALTER TABLE `settings` ENABLE KEYS */;
UNLOCK TABLES;

--
-- Table structure for table `simple_slider_items`
--

DROP TABLE IF EXISTS `simple_slider_items`;
/*!40101 SET @saved_cs_client     = @@character_set_client */;
/*!50503 SET character_set_client = utf8mb4 */;
CREATE TABLE `simple_slider_items` (
  `id` bigint unsigned NOT NULL AUTO_INCREMENT,
  `simple_slider_id` bigint unsigned NOT NULL,
  `title` varchar(191) COLLATE utf8mb4_unicode_ci DEFAULT NULL,
  `image` varchar(191) COLLATE utf8mb4_unicode_ci NOT NULL,
  `link` varchar(191) COLLATE utf8mb4_unicode_ci DEFAULT NULL,
  `description` text COLLATE utf8mb4_unicode_ci,
  `order` int unsigned NOT NULL DEFAULT '0',
  `created_at` timestamp NULL DEFAULT NULL,
  `updated_at` timestamp NULL DEFAULT NULL,
  PRIMARY KEY (`id`)
) ENGINE=InnoDB AUTO_INCREMENT=16 DEFAULT CHARSET=utf8mb4 COLLATE=utf8mb4_unicode_ci;
/*!40101 SET character_set_client = @saved_cs_client */;

--
-- Dumping data for table `simple_slider_items`
--

LOCK TABLES `simple_slider_items` WRITE;
/*!40000 ALTER TABLE `simple_slider_items` DISABLE KEYS */;
INSERT INTO `simple_slider_items` VALUES (1,1,'Up To <i>40% Off</i> latest Creations','sliders/banner-1.jpg','/products','Accessories',1,'2025-08-02 02:15:30','2025-08-02 02:15:30'),(2,1,'Up To <i>40% Off</i> latest Creations','sliders/banner-2.jpg','/products','Accessories',2,'2025-08-02 02:15:30','2025-08-02 02:15:30'),(3,1,'Up To <i>40% Off</i> latest Creations','sliders/banner-3.jpg','/products','Accessories',3,'2025-08-02 02:15:30','2025-08-02 02:15:30'),(4,2,'Exclusive <br> Winter Collection','sliders/slider-01.png','/products','New Modern Stylist Fashionable Women\'s Wear holder',1,'2025-08-02 02:15:30','2025-08-02 02:15:30'),(5,2,'Exclusive <br> Women\'s Fashion','sliders/slider-02.png','/products','New Modern Stylist Fashionable Women\'s Wear holder',2,'2025-08-02 02:15:30','2025-08-02 02:15:30'),(6,2,'Exclusive <br> Summer Collection','sliders/slider-03.png','/products','New Modern Stylist Fashionable Women\'s Wear holder',3,'2025-08-02 02:15:30','2025-08-02 02:15:30'),(7,3,'Wooden <br> Lounge Furniture','sliders/slider-04.png','/products','New Modern Stylist Fashionable Women\'s Wear holder',1,'2025-08-02 02:15:30','2025-08-02 02:15:30'),(8,3,'Wooden <br> Lounge Chair','sliders/slider-05.png','/products',NULL,2,'2025-08-02 02:15:30','2025-08-02 02:15:30'),(9,3,'Wooden <br> Houston Furniture','sliders/slider-06.png','/products',NULL,3,'2025-08-02 02:15:30','2025-08-02 02:15:30'),(10,4,'Will Never <br> Compromise Beauty','sliders/slider-bg-04.png','/products','New Modern Stylist Fashionable Women\'s Wear holder',1,'2025-08-02 02:15:30','2025-08-02 02:15:30'),(11,4,'Will Never <br> Compromise Glow','sliders/slider-bg-05.png','/products','New Modern Stylist Fashionable Women\'s Wear holder',2,'2025-08-02 02:15:30','2025-08-02 02:15:30'),(12,4,'Will Never <br> Compromise Health','sliders/slider-bg-06.png','/products','New Modern Stylist Fashionable Women\'s Wear holder',3,'2025-08-02 02:15:30','2025-08-02 02:15:30'),(13,5,'Fresh Grocery <br> Products.','sliders/slider-05-bg-1.jpg','/products','Quality &amp; Fresh Products',1,'2025-08-02 02:15:30','2025-08-02 02:15:30'),(14,5,'Fresh Grocery <br> Products.','sliders/slider-05-bg-2.jpg','/products','Quality &amp; Fresh Products',2,'2025-08-02 02:15:30','2025-08-02 02:15:30'),(15,5,'Fresh Grocery <br> Products.','sliders/slider-05-bg-3.jpg','/products','Quality &amp; Fresh Products',3,'2025-08-02 02:15:30','2025-08-02 02:15:30');
/*!40000 ALTER TABLE `simple_slider_items` ENABLE KEYS */;
UNLOCK TABLES;

--
-- Table structure for table `simple_sliders`
--

DROP TABLE IF EXISTS `simple_sliders`;
/*!40101 SET @saved_cs_client     = @@character_set_client */;
/*!50503 SET character_set_client = utf8mb4 */;
CREATE TABLE `simple_sliders` (
  `id` bigint unsigned NOT NULL AUTO_INCREMENT,
  `name` varchar(120) COLLATE utf8mb4_unicode_ci NOT NULL,
  `key` varchar(120) COLLATE utf8mb4_unicode_ci NOT NULL,
  `description` varchar(400) COLLATE utf8mb4_unicode_ci DEFAULT NULL,
  `status` varchar(60) COLLATE utf8mb4_unicode_ci NOT NULL DEFAULT 'published',
  `created_at` timestamp NULL DEFAULT NULL,
  `updated_at` timestamp NULL DEFAULT NULL,
  PRIMARY KEY (`id`)
) ENGINE=InnoDB AUTO_INCREMENT=6 DEFAULT CHARSET=utf8mb4 COLLATE=utf8mb4_unicode_ci;
/*!40101 SET character_set_client = @saved_cs_client */;

--
-- Dumping data for table `simple_sliders`
--

LOCK TABLES `simple_sliders` WRITE;
/*!40000 ALTER TABLE `simple_sliders` DISABLE KEYS */;
INSERT INTO `simple_sliders` VALUES (1,'Slider home 1','slider-home-1','The slider on home page 1','published','2025-08-02 02:15:30','2025-08-02 02:15:30'),(2,'Slider home 2','slider-home-2','The slider on home page 2','published','2025-08-02 02:15:30','2025-08-02 02:15:30'),(3,'Slider Furniture','slider-furniture','The slider for furniture style','published','2025-08-02 02:15:30','2025-08-02 02:15:30'),(4,'Slider Cosmetics','slider-cosmetics','The slider for cosmetics style','published','2025-08-02 02:15:30','2025-08-02 02:15:30'),(5,'Slider Grocery','slider-grocery','The slider for grocery style','published','2025-08-02 02:15:30','2025-08-02 02:15:30');
/*!40000 ALTER TABLE `simple_sliders` ENABLE KEYS */;
UNLOCK TABLES;

--
-- Table structure for table `slugs`
--

DROP TABLE IF EXISTS `slugs`;
/*!40101 SET @saved_cs_client     = @@character_set_client */;
/*!50503 SET character_set_client = utf8mb4 */;
CREATE TABLE `slugs` (
  `id` bigint unsigned NOT NULL AUTO_INCREMENT,
  `key` varchar(191) COLLATE utf8mb4_unicode_ci NOT NULL,
  `reference_id` bigint unsigned NOT NULL,
  `reference_type` varchar(191) COLLATE utf8mb4_unicode_ci NOT NULL,
  `prefix` varchar(120) COLLATE utf8mb4_unicode_ci DEFAULT '',
  `created_at` timestamp NULL DEFAULT NULL,
  `updated_at` timestamp NULL DEFAULT NULL,
  PRIMARY KEY (`id`),
  KEY `slugs_reference_id_index` (`reference_id`),
  KEY `slugs_key_index` (`key`),
  KEY `slugs_prefix_index` (`prefix`),
  KEY `slugs_reference_index` (`reference_id`,`reference_type`),
  KEY `idx_slugs_reference` (`reference_type`,`reference_id`)
) ENGINE=InnoDB AUTO_INCREMENT=340 DEFAULT CHARSET=utf8mb4 COLLATE=utf8mb4_unicode_ci;
/*!40101 SET character_set_client = @saved_cs_client */;

--
-- Dumping data for table `slugs`
--

LOCK TABLES `slugs` WRITE;
/*!40000 ALTER TABLE `slugs` DISABLE KEYS */;
INSERT INTO `slugs` VALUES (1,'ecommerce',1,'Botble\\Blog\\Models\\Category','blog','2025-08-02 02:15:16','2025-08-02 02:15:16'),(2,'fashion',2,'Botble\\Blog\\Models\\Category','blog','2025-08-02 02:15:16','2025-08-02 02:15:16'),(3,'electronic',3,'Botble\\Blog\\Models\\Category','blog','2025-08-02 02:15:16','2025-08-02 02:15:16'),(4,'commercial',4,'Botble\\Blog\\Models\\Category','blog','2025-08-02 02:15:16','2025-08-02 02:15:16'),(5,'general',1,'Botble\\Blog\\Models\\Tag','tag','2025-08-02 02:15:16','2025-08-02 02:15:16'),(6,'design',2,'Botble\\Blog\\Models\\Tag','tag','2025-08-02 02:15:16','2025-08-02 02:15:16'),(7,'fashion',3,'Botble\\Blog\\Models\\Tag','tag','2025-08-02 02:15:16','2025-08-02 02:15:16'),(8,'branding',4,'Botble\\Blog\\Models\\Tag','tag','2025-08-02 02:15:16','2025-08-02 02:15:16'),(9,'modern',5,'Botble\\Blog\\Models\\Tag','tag','2025-08-02 02:15:16','2025-08-02 02:15:16'),(10,'4-expert-tips-on-how-to-choose-the-right-mens-wallet',1,'Botble\\Blog\\Models\\Post','blog','2025-08-02 02:15:16','2025-08-02 02:15:16'),(11,'sexy-clutches-how-to-buy-wear-a-designer-clutch-bag',2,'Botble\\Blog\\Models\\Post','blog','2025-08-02 02:15:16','2025-08-02 02:15:16'),(12,'the-top-2020-handbag-trends-to-know',3,'Botble\\Blog\\Models\\Post','blog','2025-08-02 02:15:16','2025-08-02 02:15:16'),(13,'how-to-match-the-color-of-your-handbag-with-an-outfit',4,'Botble\\Blog\\Models\\Post','blog','2025-08-02 02:15:16','2025-08-02 02:15:16'),(14,'how-to-care-for-leather-bags',5,'Botble\\Blog\\Models\\Post','blog','2025-08-02 02:15:16','2025-08-02 02:15:16'),(15,'were-crushing-hard-on-summers-10-biggest-bag-trends',6,'Botble\\Blog\\Models\\Post','blog','2025-08-02 02:15:16','2025-08-02 02:15:16'),(16,'essential-qualities-of-highly-successful-music',7,'Botble\\Blog\\Models\\Post','blog','2025-08-02 02:15:16','2025-08-02 02:15:16'),(17,'9-things-i-love-about-shaving-my-head',8,'Botble\\Blog\\Models\\Post','blog','2025-08-02 02:15:16','2025-08-02 02:15:16'),(18,'why-teamwork-really-makes-the-dream-work',9,'Botble\\Blog\\Models\\Post','blog','2025-08-02 02:15:16','2025-08-02 02:15:16'),(19,'the-world-caters-to-average-people',10,'Botble\\Blog\\Models\\Post','blog','2025-08-02 02:15:16','2025-08-02 02:15:16'),(20,'the-litigants-on-the-screen-are-not-actors',11,'Botble\\Blog\\Models\\Post','blog','2025-08-02 02:15:16','2025-08-02 02:15:16'),(21,'wooden-home',1,'Botble\\Page\\Models\\Page','','2025-08-02 02:15:19','2025-08-02 02:15:19'),(22,'fashion-home',2,'Botble\\Page\\Models\\Page','','2025-08-02 02:15:20','2025-08-02 02:15:20'),(23,'furniture-home',3,'Botble\\Page\\Models\\Page','','2025-08-02 02:15:20','2025-08-02 02:15:20'),(24,'cosmetics-home',4,'Botble\\Page\\Models\\Page','','2025-08-02 02:15:20','2025-08-02 02:15:20'),(25,'food-grocery-home',5,'Botble\\Page\\Models\\Page','','2025-08-02 02:15:20','2025-08-02 02:15:20'),(26,'blog',6,'Botble\\Page\\Models\\Page','','2025-08-02 02:15:20','2025-08-02 02:15:20'),(27,'about',7,'Botble\\Page\\Models\\Page','','2025-08-02 02:15:20','2025-08-02 02:15:20'),(28,'contact',8,'Botble\\Page\\Models\\Page','','2025-08-02 02:15:20','2025-08-02 02:15:20'),(29,'coming-soon',9,'Botble\\Page\\Models\\Page','','2025-08-02 02:15:20','2025-08-02 02:15:20'),(30,'store-locator',10,'Botble\\Page\\Models\\Page','','2025-08-02 02:15:20','2025-08-02 02:15:20'),(31,'faqs',11,'Botble\\Page\\Models\\Page','','2025-08-02 02:15:20','2025-08-02 02:15:20'),(32,'fashion-live',1,'Botble\\Ecommerce\\Models\\Brand','brands','2025-08-02 02:15:32','2025-08-02 02:15:32'),(33,'hand-crafted',2,'Botble\\Ecommerce\\Models\\Brand','brands','2025-08-02 02:15:32','2025-08-02 02:15:32'),(34,'mestonix',3,'Botble\\Ecommerce\\Models\\Brand','brands','2025-08-02 02:15:32','2025-08-02 02:15:32'),(35,'sunshine',4,'Botble\\Ecommerce\\Models\\Brand','brands','2025-08-02 02:15:32','2025-08-02 02:15:32'),(36,'pure',5,'Botble\\Ecommerce\\Models\\Brand','brands','2025-08-02 02:15:32','2025-08-02 02:15:32'),(37,'anfold',6,'Botble\\Ecommerce\\Models\\Brand','brands','2025-08-02 02:15:32','2025-08-02 02:15:32'),(38,'pro-glasses',1,'Botble\\Ecommerce\\Models\\ProductCategory','product-categories','2025-08-02 02:15:32','2025-08-02 02:15:32'),(39,'casual-shoes',2,'Botble\\Ecommerce\\Models\\ProductCategory','product-categories','2025-08-02 02:15:32','2025-08-02 02:15:32'),(40,'winter-jacket',3,'Botble\\Ecommerce\\Models\\ProductCategory','product-categories','2025-08-02 02:15:32','2025-08-02 02:15:32'),(41,'new-added',4,'Botble\\Ecommerce\\Models\\ProductCategory','product-categories','2025-08-02 02:15:32','2025-08-02 02:15:32'),(42,'wooden',5,'Botble\\Ecommerce\\Models\\ProductCategory','product-categories','2025-08-02 02:15:32','2025-08-02 02:15:32'),(43,'furniture',6,'Botble\\Ecommerce\\Models\\ProductCategory','product-categories','2025-08-02 02:15:32','2025-08-02 02:15:32'),(44,'clock',7,'Botble\\Ecommerce\\Models\\ProductCategory','product-categories','2025-08-02 02:15:32','2025-08-02 02:15:32'),(45,'gifts',8,'Botble\\Ecommerce\\Models\\ProductCategory','product-categories','2025-08-02 02:15:32','2025-08-02 02:15:32'),(46,'crafts',9,'Botble\\Ecommerce\\Models\\ProductCategory','product-categories','2025-08-02 02:15:32','2025-08-02 02:15:32'),(47,'gift-sets',10,'Botble\\Ecommerce\\Models\\ProductCategory','product-categories','2025-08-02 02:15:32','2025-08-02 02:15:32'),(48,'plastic-gifts',11,'Botble\\Ecommerce\\Models\\ProductCategory','product-categories','2025-08-02 02:15:32','2025-08-02 02:15:32'),(49,'handy-cream',12,'Botble\\Ecommerce\\Models\\ProductCategory','product-categories','2025-08-02 02:15:32','2025-08-02 02:15:32'),(50,'cosmetics',13,'Botble\\Ecommerce\\Models\\ProductCategory','product-categories','2025-08-02 02:15:32','2025-08-02 02:15:32'),(51,'silk-accessories',14,'Botble\\Ecommerce\\Models\\ProductCategory','product-categories','2025-08-02 02:15:32','2025-08-02 02:15:32'),(52,'finest-skincare-lotions',15,'Botble\\Ecommerce\\Models\\ProductCategory','product-categories','2025-08-02 02:15:32','2025-08-02 02:15:32'),(53,'bags-purses',16,'Botble\\Ecommerce\\Models\\ProductCategory','product-categories','2025-08-02 02:15:32','2025-08-02 02:15:32'),(54,'sunglasses',17,'Botble\\Ecommerce\\Models\\ProductCategory','product-categories','2025-08-02 02:15:32','2025-08-02 02:15:32'),(55,'electronic',1,'Botble\\Ecommerce\\Models\\ProductTag','product-tags','2025-08-02 02:15:33','2025-08-02 02:15:33'),(56,'mobile',2,'Botble\\Ecommerce\\Models\\ProductTag','product-tags','2025-08-02 02:15:33','2025-08-02 02:15:33'),(57,'iphone',3,'Botble\\Ecommerce\\Models\\ProductTag','product-tags','2025-08-02 02:15:33','2025-08-02 02:15:33'),(58,'printer',4,'Botble\\Ecommerce\\Models\\ProductTag','product-tags','2025-08-02 02:15:33','2025-08-02 02:15:33'),(59,'office',5,'Botble\\Ecommerce\\Models\\ProductTag','product-tags','2025-08-02 02:15:33','2025-08-02 02:15:33'),(60,'it',6,'Botble\\Ecommerce\\Models\\ProductTag','product-tags','2025-08-02 02:15:33','2025-08-02 02:15:33'),(61,'miko-wooden-bluetooth-speaker',1,'Botble\\Ecommerce\\Models\\Product','products','2025-08-02 02:15:43','2025-08-02 02:15:43'),(62,'gorgeous-wooden-gloves',2,'Botble\\Ecommerce\\Models\\Product','products','2025-08-02 02:15:43','2025-08-02 02:15:43'),(63,'pinkol-enormous-granite-bottle',3,'Botble\\Ecommerce\\Models\\Product','products','2025-08-02 02:15:43','2025-08-02 02:15:43'),(64,'gorgeous-aluminum-table',4,'Botble\\Ecommerce\\Models\\Product','products','2025-08-02 02:15:43','2025-08-02 02:15:43'),(65,'evo-lightweight-granite-shirt',5,'Botble\\Ecommerce\\Models\\Product','products','2025-08-02 02:15:43','2025-08-02 02:15:43'),(66,'clco-incredible-paper-car',6,'Botble\\Ecommerce\\Models\\Product','products','2025-08-02 02:15:43','2025-08-02 02:15:43'),(67,'progash-durable-granite-hat',7,'Botble\\Ecommerce\\Models\\Product','products','2025-08-02 02:15:43','2025-08-02 02:15:43'),(68,'purab-enormous-miranda-bottle',8,'Botble\\Ecommerce\\Models\\Product','products','2025-08-02 02:15:44','2025-08-02 02:15:44'),(69,'miklonda-co-crafted-candles',9,'Botble\\Ecommerce\\Models\\Product','products','2025-08-02 02:15:44','2025-08-02 02:15:44'),(70,'pinkol-enormous-granite-bottle',10,'Botble\\Ecommerce\\Models\\Product','products','2025-08-02 02:15:44','2025-08-02 02:15:44'),(71,'dual-camera-20mp',11,'Botble\\Ecommerce\\Models\\Product','products','2025-08-02 02:15:44','2025-08-02 02:15:44'),(72,'smart-watches',12,'Botble\\Ecommerce\\Models\\Product','products','2025-08-02 02:15:44','2025-08-02 02:15:44'),(73,'beat-headphone',13,'Botble\\Ecommerce\\Models\\Product','products','2025-08-02 02:15:44','2025-08-02 02:15:44'),(74,'red-black-headphone',14,'Botble\\Ecommerce\\Models\\Product','products','2025-08-02 02:15:44','2025-08-02 02:15:44'),(75,'smart-watch-external',15,'Botble\\Ecommerce\\Models\\Product','products','2025-08-02 02:15:44','2025-08-02 02:15:44'),(76,'nikon-hd-camera',16,'Botble\\Ecommerce\\Models\\Product','products','2025-08-02 02:15:44','2025-08-02 02:15:44'),(77,'audio-equipment',17,'Botble\\Ecommerce\\Models\\Product','products','2025-08-02 02:15:44','2025-08-02 02:15:44'),(78,'smart-televisions',18,'Botble\\Ecommerce\\Models\\Product','products','2025-08-02 02:15:44','2025-08-02 02:15:44'),(79,'samsung-smart-phone',19,'Botble\\Ecommerce\\Models\\Product','products','2025-08-02 02:15:44','2025-08-02 02:15:44'),(80,'herschel-leather-duffle-bag-in-brown-color',20,'Botble\\Ecommerce\\Models\\Product','products','2025-08-02 02:15:44','2025-08-02 02:15:44'),(81,'xbox-one-wireless-controller-black-color',21,'Botble\\Ecommerce\\Models\\Product','products','2025-08-02 02:15:44','2025-08-02 02:15:44'),(82,'epsion-plaster-printer',22,'Botble\\Ecommerce\\Models\\Product','products','2025-08-02 02:15:44','2025-08-02 02:15:44'),(83,'sound-intone-i65-earphone-white-version',23,'Botble\\Ecommerce\\Models\\Product','products','2025-08-02 02:15:44','2025-08-02 02:15:44'),(84,'bo-play-mini-bluetooth-speaker',24,'Botble\\Ecommerce\\Models\\Product','products','2025-08-02 02:15:44','2025-08-02 02:15:44'),(85,'apple-macbook-air-retina-133-inch-laptop',25,'Botble\\Ecommerce\\Models\\Product','products','2025-08-02 02:15:44','2025-08-02 02:15:44'),(86,'apple-macbook-air-retina-12-inch-laptop',26,'Botble\\Ecommerce\\Models\\Product','products','2025-08-02 02:15:44','2025-08-02 02:15:44'),(87,'samsung-gear-vr-virtual-reality-headset',27,'Botble\\Ecommerce\\Models\\Product','products','2025-08-02 02:15:44','2025-08-02 02:15:44'),(88,'aveeno-moisturizing-body-shower-450ml',28,'Botble\\Ecommerce\\Models\\Product','products','2025-08-02 02:15:44','2025-08-02 02:15:44'),(89,'nyx-beauty-couton-pallete-makeup-12',29,'Botble\\Ecommerce\\Models\\Product','products','2025-08-02 02:15:44','2025-08-02 02:15:44'),(90,'nyx-beauty-couton-pallete-makeup-12',30,'Botble\\Ecommerce\\Models\\Product','products','2025-08-02 02:15:44','2025-08-02 02:15:44'),(91,'mvmth-classical-leather-watch-in-black',31,'Botble\\Ecommerce\\Models\\Product','products','2025-08-02 02:15:44','2025-08-02 02:15:44'),(92,'baxter-care-hair-kit-for-bearded-mens',32,'Botble\\Ecommerce\\Models\\Product','products','2025-08-02 02:15:44','2025-08-02 02:15:44'),(93,'ciate-palemore-lipstick-bold-red-color',33,'Botble\\Ecommerce\\Models\\Product','products','2025-08-02 02:15:44','2025-08-02 02:15:44'),(94,'vimto-squash-remix-apple-15-litres',34,'Botble\\Ecommerce\\Models\\Product','products','2025-08-02 02:15:44','2025-08-02 02:15:44'),(95,'crock-pot-slow-cooker',35,'Botble\\Ecommerce\\Models\\Product','products','2025-08-02 02:15:44','2025-08-02 02:15:44'),(96,'taylors-of-harrogate-yorkshire-coffee',36,'Botble\\Ecommerce\\Models\\Product','products','2025-08-02 02:15:44','2025-08-02 02:15:44'),(97,'soft-mochi-galeto-ice-cream',37,'Botble\\Ecommerce\\Models\\Product','products','2025-08-02 02:15:44','2025-08-02 02:15:44'),(98,'naked-noodle-egg-noodles-singapore',38,'Botble\\Ecommerce\\Models\\Product','products','2025-08-02 02:15:44','2025-08-02 02:15:44'),(99,'saute-pan-silver',39,'Botble\\Ecommerce\\Models\\Product','products','2025-08-02 02:15:44','2025-08-02 02:15:44'),(100,'bar-s-classic-bun-length-franks',40,'Botble\\Ecommerce\\Models\\Product','products','2025-08-02 02:15:44','2025-08-02 02:15:44'),(101,'broccoli-crowns',41,'Botble\\Ecommerce\\Models\\Product','products','2025-08-02 02:15:44','2025-08-02 02:15:44'),(102,'slimming-world-vegan-mac-greens',42,'Botble\\Ecommerce\\Models\\Product','products','2025-08-02 02:15:44','2025-08-02 02:15:44'),(103,'haagen-dazs-salted-caramel',43,'Botble\\Ecommerce\\Models\\Product','products','2025-08-02 02:15:44','2025-08-02 02:15:44'),(104,'iceland-3-solo-exotic-burst',44,'Botble\\Ecommerce\\Models\\Product','products','2025-08-02 02:15:44','2025-08-02 02:15:44'),(105,'extreme-budweiser-light-can',45,'Botble\\Ecommerce\\Models\\Product','products','2025-08-02 02:15:44','2025-08-02 02:15:44'),(106,'iceland-macaroni-cheese-traybake',46,'Botble\\Ecommerce\\Models\\Product','products','2025-08-02 02:15:44','2025-08-02 02:15:44'),(107,'dolmio-bolognese-pasta-sauce',47,'Botble\\Ecommerce\\Models\\Product','products','2025-08-02 02:15:44','2025-08-02 02:15:44'),(108,'sitema-bakeit-plastic-box',48,'Botble\\Ecommerce\\Models\\Product','products','2025-08-02 02:15:44','2025-08-02 02:15:44'),(109,'wayfair-basics-dinner-plate-storage',49,'Botble\\Ecommerce\\Models\\Product','products','2025-08-02 02:15:44','2025-08-02 02:15:44'),(110,'miko-the-panda-water-bottle',50,'Botble\\Ecommerce\\Models\\Product','products','2025-08-02 02:15:44','2025-08-02 02:15:44'),(111,'sesame-seed-bread',51,'Botble\\Ecommerce\\Models\\Product','products','2025-08-02 02:15:44','2025-08-02 02:15:44'),(112,'morrisons-the-best-beef',52,'Botble\\Ecommerce\\Models\\Product','products','2025-08-02 02:15:44','2025-08-02 02:15:44'),(113,'avocado-hass-large',53,'Botble\\Ecommerce\\Models\\Product','products','2025-08-02 02:15:44','2025-08-02 02:15:44'),(114,'italia-beef-lasagne',54,'Botble\\Ecommerce\\Models\\Product','products','2025-08-02 02:15:44','2025-08-02 02:15:44'),(115,'maxwell-house-classic-roast-mocha',55,'Botble\\Ecommerce\\Models\\Product','products','2025-08-02 02:15:44','2025-08-02 02:15:44'),(116,'bottled-pure-water-500ml',56,'Botble\\Ecommerce\\Models\\Product','products','2025-08-02 02:15:44','2025-08-02 02:15:44'),(117,'famart-farmhouse-soft-white',57,'Botble\\Ecommerce\\Models\\Product','products','2025-08-02 02:15:44','2025-08-02 02:15:44'),(118,'coca-cola-original-taste',58,'Botble\\Ecommerce\\Models\\Product','products','2025-08-02 02:15:44','2025-08-02 02:15:44'),(119,'casillero-diablo-cabernet-sauvignon',59,'Botble\\Ecommerce\\Models\\Product','products','2025-08-02 02:15:44','2025-08-02 02:15:44'),(120,'arla-organic-free-range-milk',60,'Botble\\Ecommerce\\Models\\Product','products','2025-08-02 02:15:44','2025-08-02 02:15:44'),(121,'aptamil-follow-on-baby-milk',61,'Botble\\Ecommerce\\Models\\Product','products','2025-08-02 02:15:44','2025-08-02 02:15:44'),(122,'cuisinart-chefs-classic-hard-anodized',62,'Botble\\Ecommerce\\Models\\Product','products','2025-08-02 02:15:44','2025-08-02 02:15:44'),(123,'corn-yellow-sweet',63,'Botble\\Ecommerce\\Models\\Product','products','2025-08-02 02:15:44','2025-08-02 02:15:44'),(124,'hobnobs-the-nobbly-biscuit',64,'Botble\\Ecommerce\\Models\\Product','products','2025-08-02 02:15:44','2025-08-02 02:15:44'),(125,'honest-organic-still-lemonade',65,'Botble\\Ecommerce\\Models\\Product','products','2025-08-02 02:15:44','2025-08-02 02:15:44'),(126,'ice-becks-beer-350ml-x-24-pieces',66,'Botble\\Ecommerce\\Models\\Product','products','2025-08-02 02:15:44','2025-08-02 02:15:44'),(127,'iceland-6-hot-cross-buns',67,'Botble\\Ecommerce\\Models\\Product','products','2025-08-02 02:15:44','2025-08-02 02:15:44'),(128,'iceland-luxury-4-panini-rolls',68,'Botble\\Ecommerce\\Models\\Product','products','2025-08-02 02:15:44','2025-08-02 02:15:44'),(129,'iceland-soft-scoop-vanilla',69,'Botble\\Ecommerce\\Models\\Product','products','2025-08-02 02:15:44','2025-08-02 02:15:44'),(130,'iceland-spaghetti-bolognese',70,'Botble\\Ecommerce\\Models\\Product','products','2025-08-02 02:15:44','2025-08-02 02:15:44'),(131,'kelloggs-coco-pops-cereal',71,'Botble\\Ecommerce\\Models\\Product','products','2025-08-02 02:15:44','2025-08-02 02:15:44'),(132,'kit-kat-chunky-milk-chocolate',72,'Botble\\Ecommerce\\Models\\Product','products','2025-08-02 02:15:44','2025-08-02 02:15:44'),(133,'large-green-bell-pepper',73,'Botble\\Ecommerce\\Models\\Product','products','2025-08-02 02:15:44','2025-08-02 02:15:44'),(134,'pice-94w-beasley-journal',74,'Botble\\Ecommerce\\Models\\Product','products','2025-08-02 02:15:44','2025-08-02 02:15:44'),(135,'province-piece-glass-drinking-glass',75,'Botble\\Ecommerce\\Models\\Product','products','2025-08-02 02:15:44','2025-08-02 02:15:44'),(136,'perfect',1,'Botble\\Gallery\\Models\\Gallery','galleries','2025-08-02 02:15:51','2025-08-02 02:15:51'),(137,'new-day',2,'Botble\\Gallery\\Models\\Gallery','galleries','2025-08-02 02:15:51','2025-08-02 02:15:51'),(138,'happy-day',3,'Botble\\Gallery\\Models\\Gallery','galleries','2025-08-02 02:15:51','2025-08-02 02:15:51'),(139,'nature',4,'Botble\\Gallery\\Models\\Gallery','galleries','2025-08-02 02:15:51','2025-08-02 02:15:51'),(140,'morning',5,'Botble\\Gallery\\Models\\Gallery','galleries','2025-08-02 02:15:51','2025-08-02 02:15:51'),(141,'photography',6,'Botble\\Gallery\\Models\\Gallery','galleries','2025-08-02 02:15:51','2025-08-02 02:15:51'),(142,'miko-wooden-bluetooth-speaker',76,'Botble\\Ecommerce\\Models\\Product','products','2025-08-02 02:15:52','2025-08-02 02:15:52'),(143,'gorgeous-wooden-gloves',77,'Botble\\Ecommerce\\Models\\Product','products','2025-08-02 02:15:52','2025-08-02 02:15:52'),(144,'gorgeous-wooden-gloves',78,'Botble\\Ecommerce\\Models\\Product','products','2025-08-02 02:15:52','2025-08-02 02:15:52'),(145,'pinkol-enormous-granite-bottle',79,'Botble\\Ecommerce\\Models\\Product','products','2025-08-02 02:15:52','2025-08-02 02:15:52'),(146,'pinkol-enormous-granite-bottle',80,'Botble\\Ecommerce\\Models\\Product','products','2025-08-02 02:15:52','2025-08-02 02:15:52'),(147,'gorgeous-aluminum-table',81,'Botble\\Ecommerce\\Models\\Product','products','2025-08-02 02:15:52','2025-08-02 02:15:52'),(148,'evo-lightweight-granite-shirt',82,'Botble\\Ecommerce\\Models\\Product','products','2025-08-02 02:15:52','2025-08-02 02:15:52'),(149,'evo-lightweight-granite-shirt',83,'Botble\\Ecommerce\\Models\\Product','products','2025-08-02 02:15:52','2025-08-02 02:15:52'),(150,'clco-incredible-paper-car',84,'Botble\\Ecommerce\\Models\\Product','products','2025-08-02 02:15:52','2025-08-02 02:15:52'),(151,'clco-incredible-paper-car',85,'Botble\\Ecommerce\\Models\\Product','products','2025-08-02 02:15:52','2025-08-02 02:15:52'),(152,'clco-incredible-paper-car',86,'Botble\\Ecommerce\\Models\\Product','products','2025-08-02 02:15:52','2025-08-02 02:15:52'),(153,'clco-incredible-paper-car',87,'Botble\\Ecommerce\\Models\\Product','products','2025-08-02 02:15:52','2025-08-02 02:15:52'),(154,'clco-incredible-paper-car',88,'Botble\\Ecommerce\\Models\\Product','products','2025-08-02 02:15:52','2025-08-02 02:15:52'),(155,'progash-durable-granite-hat',89,'Botble\\Ecommerce\\Models\\Product','products','2025-08-02 02:15:52','2025-08-02 02:15:52'),(156,'progash-durable-granite-hat',90,'Botble\\Ecommerce\\Models\\Product','products','2025-08-02 02:15:52','2025-08-02 02:15:52'),(157,'purab-enormous-miranda-bottle',91,'Botble\\Ecommerce\\Models\\Product','products','2025-08-02 02:15:52','2025-08-02 02:15:52'),(158,'purab-enormous-miranda-bottle',92,'Botble\\Ecommerce\\Models\\Product','products','2025-08-02 02:15:52','2025-08-02 02:15:52'),(159,'purab-enormous-miranda-bottle',93,'Botble\\Ecommerce\\Models\\Product','products','2025-08-02 02:15:52','2025-08-02 02:15:52'),(160,'miklonda-co-crafted-candles',94,'Botble\\Ecommerce\\Models\\Product','products','2025-08-02 02:15:52','2025-08-02 02:15:52'),(161,'pinkol-enormous-granite-bottle',95,'Botble\\Ecommerce\\Models\\Product','products','2025-08-02 02:15:52','2025-08-02 02:15:52'),(162,'pinkol-enormous-granite-bottle',96,'Botble\\Ecommerce\\Models\\Product','products','2025-08-02 02:15:52','2025-08-02 02:15:52'),(163,'dual-camera-20mp',97,'Botble\\Ecommerce\\Models\\Product','products','2025-08-02 02:15:52','2025-08-02 02:15:52'),(164,'dual-camera-20mp',98,'Botble\\Ecommerce\\Models\\Product','products','2025-08-02 02:15:52','2025-08-02 02:15:52'),(165,'smart-watches',99,'Botble\\Ecommerce\\Models\\Product','products','2025-08-02 02:15:52','2025-08-02 02:15:52'),(166,'smart-watches',100,'Botble\\Ecommerce\\Models\\Product','products','2025-08-02 02:15:52','2025-08-02 02:15:52'),(167,'beat-headphone',101,'Botble\\Ecommerce\\Models\\Product','products','2025-08-02 02:15:52','2025-08-02 02:15:52'),(168,'red-black-headphone',102,'Botble\\Ecommerce\\Models\\Product','products','2025-08-02 02:15:52','2025-08-02 02:15:52'),(169,'red-black-headphone',103,'Botble\\Ecommerce\\Models\\Product','products','2025-08-02 02:15:52','2025-08-02 02:15:52'),(170,'red-black-headphone',104,'Botble\\Ecommerce\\Models\\Product','products','2025-08-02 02:15:52','2025-08-02 02:15:52'),(171,'smart-watch-external',105,'Botble\\Ecommerce\\Models\\Product','products','2025-08-02 02:15:52','2025-08-02 02:15:52'),(172,'smart-watch-external',106,'Botble\\Ecommerce\\Models\\Product','products','2025-08-02 02:15:52','2025-08-02 02:15:52'),(173,'smart-watch-external',107,'Botble\\Ecommerce\\Models\\Product','products','2025-08-02 02:15:52','2025-08-02 02:15:52'),(174,'nikon-hd-camera',108,'Botble\\Ecommerce\\Models\\Product','products','2025-08-02 02:15:52','2025-08-02 02:15:52'),(175,'audio-equipment',109,'Botble\\Ecommerce\\Models\\Product','products','2025-08-02 02:15:52','2025-08-02 02:15:52'),(176,'audio-equipment',110,'Botble\\Ecommerce\\Models\\Product','products','2025-08-02 02:15:52','2025-08-02 02:15:52'),(177,'smart-televisions',111,'Botble\\Ecommerce\\Models\\Product','products','2025-08-02 02:15:52','2025-08-02 02:15:52'),(178,'smart-televisions',112,'Botble\\Ecommerce\\Models\\Product','products','2025-08-02 02:15:52','2025-08-02 02:15:52'),(179,'smart-televisions',113,'Botble\\Ecommerce\\Models\\Product','products','2025-08-02 02:15:52','2025-08-02 02:15:52'),(180,'smart-televisions',114,'Botble\\Ecommerce\\Models\\Product','products','2025-08-02 02:15:52','2025-08-02 02:15:52'),(181,'samsung-smart-phone',115,'Botble\\Ecommerce\\Models\\Product','products','2025-08-02 02:15:52','2025-08-02 02:15:52'),(182,'samsung-smart-phone',116,'Botble\\Ecommerce\\Models\\Product','products','2025-08-02 02:15:52','2025-08-02 02:15:52'),(183,'samsung-smart-phone',117,'Botble\\Ecommerce\\Models\\Product','products','2025-08-02 02:15:52','2025-08-02 02:15:52'),(184,'samsung-smart-phone',118,'Botble\\Ecommerce\\Models\\Product','products','2025-08-02 02:15:52','2025-08-02 02:15:52'),(185,'herschel-leather-duffle-bag-in-brown-color',119,'Botble\\Ecommerce\\Models\\Product','products','2025-08-02 02:15:52','2025-08-02 02:15:52'),(186,'herschel-leather-duffle-bag-in-brown-color',120,'Botble\\Ecommerce\\Models\\Product','products','2025-08-02 02:15:52','2025-08-02 02:15:52'),(187,'xbox-one-wireless-controller-black-color',121,'Botble\\Ecommerce\\Models\\Product','products','2025-08-02 02:15:52','2025-08-02 02:15:52'),(188,'xbox-one-wireless-controller-black-color',122,'Botble\\Ecommerce\\Models\\Product','products','2025-08-02 02:15:52','2025-08-02 02:15:52'),(189,'xbox-one-wireless-controller-black-color',123,'Botble\\Ecommerce\\Models\\Product','products','2025-08-02 02:15:52','2025-08-02 02:15:52'),(190,'xbox-one-wireless-controller-black-color',124,'Botble\\Ecommerce\\Models\\Product','products','2025-08-02 02:15:52','2025-08-02 02:15:52'),(191,'epsion-plaster-printer',125,'Botble\\Ecommerce\\Models\\Product','products','2025-08-02 02:15:53','2025-08-02 02:15:53'),(192,'epsion-plaster-printer',126,'Botble\\Ecommerce\\Models\\Product','products','2025-08-02 02:15:53','2025-08-02 02:15:53'),(193,'epsion-plaster-printer',127,'Botble\\Ecommerce\\Models\\Product','products','2025-08-02 02:15:53','2025-08-02 02:15:53'),(194,'sound-intone-i65-earphone-white-version',128,'Botble\\Ecommerce\\Models\\Product','products','2025-08-02 02:15:53','2025-08-02 02:15:53'),(195,'sound-intone-i65-earphone-white-version',129,'Botble\\Ecommerce\\Models\\Product','products','2025-08-02 02:15:53','2025-08-02 02:15:53'),(196,'sound-intone-i65-earphone-white-version',130,'Botble\\Ecommerce\\Models\\Product','products','2025-08-02 02:15:53','2025-08-02 02:15:53'),(197,'bo-play-mini-bluetooth-speaker',131,'Botble\\Ecommerce\\Models\\Product','products','2025-08-02 02:15:53','2025-08-02 02:15:53'),(198,'apple-macbook-air-retina-133-inch-laptop',132,'Botble\\Ecommerce\\Models\\Product','products','2025-08-02 02:15:53','2025-08-02 02:15:53'),(199,'apple-macbook-air-retina-133-inch-laptop',133,'Botble\\Ecommerce\\Models\\Product','products','2025-08-02 02:15:53','2025-08-02 02:15:53'),(200,'apple-macbook-air-retina-133-inch-laptop',134,'Botble\\Ecommerce\\Models\\Product','products','2025-08-02 02:15:53','2025-08-02 02:15:53'),(201,'apple-macbook-air-retina-133-inch-laptop',135,'Botble\\Ecommerce\\Models\\Product','products','2025-08-02 02:15:53','2025-08-02 02:15:53'),(202,'apple-macbook-air-retina-12-inch-laptop',136,'Botble\\Ecommerce\\Models\\Product','products','2025-08-02 02:15:53','2025-08-02 02:15:53'),(203,'samsung-gear-vr-virtual-reality-headset',137,'Botble\\Ecommerce\\Models\\Product','products','2025-08-02 02:15:53','2025-08-02 02:15:53'),(204,'samsung-gear-vr-virtual-reality-headset',138,'Botble\\Ecommerce\\Models\\Product','products','2025-08-02 02:15:53','2025-08-02 02:15:53'),(205,'samsung-gear-vr-virtual-reality-headset',139,'Botble\\Ecommerce\\Models\\Product','products','2025-08-02 02:15:53','2025-08-02 02:15:53'),(206,'samsung-gear-vr-virtual-reality-headset',140,'Botble\\Ecommerce\\Models\\Product','products','2025-08-02 02:15:53','2025-08-02 02:15:53'),(207,'aveeno-moisturizing-body-shower-450ml',141,'Botble\\Ecommerce\\Models\\Product','products','2025-08-02 02:15:53','2025-08-02 02:15:53'),(208,'aveeno-moisturizing-body-shower-450ml',142,'Botble\\Ecommerce\\Models\\Product','products','2025-08-02 02:15:53','2025-08-02 02:15:53'),(209,'aveeno-moisturizing-body-shower-450ml',143,'Botble\\Ecommerce\\Models\\Product','products','2025-08-02 02:15:53','2025-08-02 02:15:53'),(210,'aveeno-moisturizing-body-shower-450ml',144,'Botble\\Ecommerce\\Models\\Product','products','2025-08-02 02:15:53','2025-08-02 02:15:53'),(211,'nyx-beauty-couton-pallete-makeup-12',145,'Botble\\Ecommerce\\Models\\Product','products','2025-08-02 02:15:53','2025-08-02 02:15:53'),(212,'nyx-beauty-couton-pallete-makeup-12',146,'Botble\\Ecommerce\\Models\\Product','products','2025-08-02 02:15:53','2025-08-02 02:15:53'),(213,'nyx-beauty-couton-pallete-makeup-12',147,'Botble\\Ecommerce\\Models\\Product','products','2025-08-02 02:15:53','2025-08-02 02:15:53'),(214,'nyx-beauty-couton-pallete-makeup-12',148,'Botble\\Ecommerce\\Models\\Product','products','2025-08-02 02:15:53','2025-08-02 02:15:53'),(215,'mvmth-classical-leather-watch-in-black',149,'Botble\\Ecommerce\\Models\\Product','products','2025-08-02 02:15:53','2025-08-02 02:15:53'),(216,'mvmth-classical-leather-watch-in-black',150,'Botble\\Ecommerce\\Models\\Product','products','2025-08-02 02:15:53','2025-08-02 02:15:53'),(217,'baxter-care-hair-kit-for-bearded-mens',151,'Botble\\Ecommerce\\Models\\Product','products','2025-08-02 02:15:53','2025-08-02 02:15:53'),(218,'baxter-care-hair-kit-for-bearded-mens',152,'Botble\\Ecommerce\\Models\\Product','products','2025-08-02 02:15:53','2025-08-02 02:15:53'),(219,'baxter-care-hair-kit-for-bearded-mens',153,'Botble\\Ecommerce\\Models\\Product','products','2025-08-02 02:15:53','2025-08-02 02:15:53'),(220,'ciate-palemore-lipstick-bold-red-color',154,'Botble\\Ecommerce\\Models\\Product','products','2025-08-02 02:15:53','2025-08-02 02:15:53'),(221,'ciate-palemore-lipstick-bold-red-color',155,'Botble\\Ecommerce\\Models\\Product','products','2025-08-02 02:15:53','2025-08-02 02:15:53'),(222,'ciate-palemore-lipstick-bold-red-color',156,'Botble\\Ecommerce\\Models\\Product','products','2025-08-02 02:15:53','2025-08-02 02:15:53'),(223,'ciate-palemore-lipstick-bold-red-color',157,'Botble\\Ecommerce\\Models\\Product','products','2025-08-02 02:15:53','2025-08-02 02:15:53'),(224,'vimto-squash-remix-apple-15-litres',158,'Botble\\Ecommerce\\Models\\Product','products','2025-08-02 02:15:53','2025-08-02 02:15:53'),(225,'crock-pot-slow-cooker',159,'Botble\\Ecommerce\\Models\\Product','products','2025-08-02 02:15:53','2025-08-02 02:15:53'),(226,'crock-pot-slow-cooker',160,'Botble\\Ecommerce\\Models\\Product','products','2025-08-02 02:15:53','2025-08-02 02:15:53'),(227,'crock-pot-slow-cooker',161,'Botble\\Ecommerce\\Models\\Product','products','2025-08-02 02:15:53','2025-08-02 02:15:53'),(228,'taylors-of-harrogate-yorkshire-coffee',162,'Botble\\Ecommerce\\Models\\Product','products','2025-08-02 02:15:53','2025-08-02 02:15:53'),(229,'taylors-of-harrogate-yorkshire-coffee',163,'Botble\\Ecommerce\\Models\\Product','products','2025-08-02 02:15:53','2025-08-02 02:15:53'),(230,'soft-mochi-galeto-ice-cream',164,'Botble\\Ecommerce\\Models\\Product','products','2025-08-02 02:15:53','2025-08-02 02:15:53'),(231,'soft-mochi-galeto-ice-cream',165,'Botble\\Ecommerce\\Models\\Product','products','2025-08-02 02:15:53','2025-08-02 02:15:53'),(232,'soft-mochi-galeto-ice-cream',166,'Botble\\Ecommerce\\Models\\Product','products','2025-08-02 02:15:53','2025-08-02 02:15:53'),(233,'soft-mochi-galeto-ice-cream',167,'Botble\\Ecommerce\\Models\\Product','products','2025-08-02 02:15:53','2025-08-02 02:15:53'),(234,'naked-noodle-egg-noodles-singapore',168,'Botble\\Ecommerce\\Models\\Product','products','2025-08-02 02:15:53','2025-08-02 02:15:53'),(235,'naked-noodle-egg-noodles-singapore',169,'Botble\\Ecommerce\\Models\\Product','products','2025-08-02 02:15:53','2025-08-02 02:15:53'),(236,'saute-pan-silver',170,'Botble\\Ecommerce\\Models\\Product','products','2025-08-02 02:15:53','2025-08-02 02:15:53'),(237,'saute-pan-silver',171,'Botble\\Ecommerce\\Models\\Product','products','2025-08-02 02:15:53','2025-08-02 02:15:53'),(238,'saute-pan-silver',172,'Botble\\Ecommerce\\Models\\Product','products','2025-08-02 02:15:53','2025-08-02 02:15:53'),(239,'saute-pan-silver',173,'Botble\\Ecommerce\\Models\\Product','products','2025-08-02 02:15:53','2025-08-02 02:15:53'),(240,'bar-s-classic-bun-length-franks',174,'Botble\\Ecommerce\\Models\\Product','products','2025-08-02 02:15:53','2025-08-02 02:15:53'),(241,'bar-s-classic-bun-length-franks',175,'Botble\\Ecommerce\\Models\\Product','products','2025-08-02 02:15:53','2025-08-02 02:15:53'),(242,'broccoli-crowns',176,'Botble\\Ecommerce\\Models\\Product','products','2025-08-02 02:15:53','2025-08-02 02:15:53'),(243,'broccoli-crowns',177,'Botble\\Ecommerce\\Models\\Product','products','2025-08-02 02:15:53','2025-08-02 02:15:53'),(244,'broccoli-crowns',178,'Botble\\Ecommerce\\Models\\Product','products','2025-08-02 02:15:53','2025-08-02 02:15:53'),(245,'broccoli-crowns',179,'Botble\\Ecommerce\\Models\\Product','products','2025-08-02 02:15:53','2025-08-02 02:15:53'),(246,'broccoli-crowns',180,'Botble\\Ecommerce\\Models\\Product','products','2025-08-02 02:15:53','2025-08-02 02:15:53'),(247,'slimming-world-vegan-mac-greens',181,'Botble\\Ecommerce\\Models\\Product','products','2025-08-02 02:15:53','2025-08-02 02:15:53'),(248,'slimming-world-vegan-mac-greens',182,'Botble\\Ecommerce\\Models\\Product','products','2025-08-02 02:15:53','2025-08-02 02:15:53'),(249,'slimming-world-vegan-mac-greens',183,'Botble\\Ecommerce\\Models\\Product','products','2025-08-02 02:15:53','2025-08-02 02:15:53'),(250,'slimming-world-vegan-mac-greens',184,'Botble\\Ecommerce\\Models\\Product','products','2025-08-02 02:15:53','2025-08-02 02:15:53'),(251,'haagen-dazs-salted-caramel',185,'Botble\\Ecommerce\\Models\\Product','products','2025-08-02 02:15:53','2025-08-02 02:15:53'),(252,'iceland-3-solo-exotic-burst',186,'Botble\\Ecommerce\\Models\\Product','products','2025-08-02 02:15:53','2025-08-02 02:15:53'),(253,'iceland-3-solo-exotic-burst',187,'Botble\\Ecommerce\\Models\\Product','products','2025-08-02 02:15:53','2025-08-02 02:15:53'),(254,'iceland-3-solo-exotic-burst',188,'Botble\\Ecommerce\\Models\\Product','products','2025-08-02 02:15:53','2025-08-02 02:15:53'),(255,'extreme-budweiser-light-can',189,'Botble\\Ecommerce\\Models\\Product','products','2025-08-02 02:15:53','2025-08-02 02:15:53'),(256,'iceland-macaroni-cheese-traybake',190,'Botble\\Ecommerce\\Models\\Product','products','2025-08-02 02:15:53','2025-08-02 02:15:53'),(257,'iceland-macaroni-cheese-traybake',191,'Botble\\Ecommerce\\Models\\Product','products','2025-08-02 02:15:53','2025-08-02 02:15:53'),(258,'iceland-macaroni-cheese-traybake',192,'Botble\\Ecommerce\\Models\\Product','products','2025-08-02 02:15:53','2025-08-02 02:15:53'),(259,'dolmio-bolognese-pasta-sauce',193,'Botble\\Ecommerce\\Models\\Product','products','2025-08-02 02:15:53','2025-08-02 02:15:53'),(260,'dolmio-bolognese-pasta-sauce',194,'Botble\\Ecommerce\\Models\\Product','products','2025-08-02 02:15:53','2025-08-02 02:15:53'),(261,'dolmio-bolognese-pasta-sauce',195,'Botble\\Ecommerce\\Models\\Product','products','2025-08-02 02:15:53','2025-08-02 02:15:53'),(262,'dolmio-bolognese-pasta-sauce',196,'Botble\\Ecommerce\\Models\\Product','products','2025-08-02 02:15:53','2025-08-02 02:15:53'),(263,'sitema-bakeit-plastic-box',197,'Botble\\Ecommerce\\Models\\Product','products','2025-08-02 02:15:53','2025-08-02 02:15:53'),(264,'wayfair-basics-dinner-plate-storage',198,'Botble\\Ecommerce\\Models\\Product','products','2025-08-02 02:15:53','2025-08-02 02:15:53'),(265,'wayfair-basics-dinner-plate-storage',199,'Botble\\Ecommerce\\Models\\Product','products','2025-08-02 02:15:53','2025-08-02 02:15:53'),(266,'miko-the-panda-water-bottle',200,'Botble\\Ecommerce\\Models\\Product','products','2025-08-02 02:15:53','2025-08-02 02:15:53'),(267,'miko-the-panda-water-bottle',201,'Botble\\Ecommerce\\Models\\Product','products','2025-08-02 02:15:53','2025-08-02 02:15:53'),(268,'miko-the-panda-water-bottle',202,'Botble\\Ecommerce\\Models\\Product','products','2025-08-02 02:15:53','2025-08-02 02:15:53'),(269,'sesame-seed-bread',203,'Botble\\Ecommerce\\Models\\Product','products','2025-08-02 02:15:53','2025-08-02 02:15:53'),(270,'sesame-seed-bread',204,'Botble\\Ecommerce\\Models\\Product','products','2025-08-02 02:15:53','2025-08-02 02:15:53'),(271,'morrisons-the-best-beef',205,'Botble\\Ecommerce\\Models\\Product','products','2025-08-02 02:15:53','2025-08-02 02:15:53'),(272,'avocado-hass-large',206,'Botble\\Ecommerce\\Models\\Product','products','2025-08-02 02:15:53','2025-08-02 02:15:53'),(273,'avocado-hass-large',207,'Botble\\Ecommerce\\Models\\Product','products','2025-08-02 02:15:53','2025-08-02 02:15:53'),(274,'italia-beef-lasagne',208,'Botble\\Ecommerce\\Models\\Product','products','2025-08-02 02:15:53','2025-08-02 02:15:53'),(275,'italia-beef-lasagne',209,'Botble\\Ecommerce\\Models\\Product','products','2025-08-02 02:15:53','2025-08-02 02:15:53'),(276,'italia-beef-lasagne',210,'Botble\\Ecommerce\\Models\\Product','products','2025-08-02 02:15:53','2025-08-02 02:15:53'),(277,'italia-beef-lasagne',211,'Botble\\Ecommerce\\Models\\Product','products','2025-08-02 02:15:53','2025-08-02 02:15:53'),(278,'italia-beef-lasagne',212,'Botble\\Ecommerce\\Models\\Product','products','2025-08-02 02:15:53','2025-08-02 02:15:53'),(279,'maxwell-house-classic-roast-mocha',213,'Botble\\Ecommerce\\Models\\Product','products','2025-08-02 02:15:53','2025-08-02 02:15:53'),(280,'maxwell-house-classic-roast-mocha',214,'Botble\\Ecommerce\\Models\\Product','products','2025-08-02 02:15:53','2025-08-02 02:15:53'),(281,'maxwell-house-classic-roast-mocha',215,'Botble\\Ecommerce\\Models\\Product','products','2025-08-02 02:15:53','2025-08-02 02:15:53'),(282,'bottled-pure-water-500ml',216,'Botble\\Ecommerce\\Models\\Product','products','2025-08-02 02:15:53','2025-08-02 02:15:53'),(283,'bottled-pure-water-500ml',217,'Botble\\Ecommerce\\Models\\Product','products','2025-08-02 02:15:53','2025-08-02 02:15:53'),(284,'bottled-pure-water-500ml',218,'Botble\\Ecommerce\\Models\\Product','products','2025-08-02 02:15:53','2025-08-02 02:15:53'),(285,'bottled-pure-water-500ml',219,'Botble\\Ecommerce\\Models\\Product','products','2025-08-02 02:15:53','2025-08-02 02:15:53'),(286,'famart-farmhouse-soft-white',220,'Botble\\Ecommerce\\Models\\Product','products','2025-08-02 02:15:53','2025-08-02 02:15:53'),(287,'famart-farmhouse-soft-white',221,'Botble\\Ecommerce\\Models\\Product','products','2025-08-02 02:15:53','2025-08-02 02:15:53'),(288,'famart-farmhouse-soft-white',222,'Botble\\Ecommerce\\Models\\Product','products','2025-08-02 02:15:53','2025-08-02 02:15:53'),(289,'coca-cola-original-taste',223,'Botble\\Ecommerce\\Models\\Product','products','2025-08-02 02:15:53','2025-08-02 02:15:53'),(290,'coca-cola-original-taste',224,'Botble\\Ecommerce\\Models\\Product','products','2025-08-02 02:15:53','2025-08-02 02:15:53'),(291,'coca-cola-original-taste',225,'Botble\\Ecommerce\\Models\\Product','products','2025-08-02 02:15:53','2025-08-02 02:15:53'),(292,'coca-cola-original-taste',226,'Botble\\Ecommerce\\Models\\Product','products','2025-08-02 02:15:53','2025-08-02 02:15:53'),(293,'casillero-diablo-cabernet-sauvignon',227,'Botble\\Ecommerce\\Models\\Product','products','2025-08-02 02:15:53','2025-08-02 02:15:53'),(294,'arla-organic-free-range-milk',228,'Botble\\Ecommerce\\Models\\Product','products','2025-08-02 02:15:53','2025-08-02 02:15:53'),(295,'arla-organic-free-range-milk',229,'Botble\\Ecommerce\\Models\\Product','products','2025-08-02 02:15:53','2025-08-02 02:15:53'),(296,'arla-organic-free-range-milk',230,'Botble\\Ecommerce\\Models\\Product','products','2025-08-02 02:15:53','2025-08-02 02:15:53'),(297,'arla-organic-free-range-milk',231,'Botble\\Ecommerce\\Models\\Product','products','2025-08-02 02:15:53','2025-08-02 02:15:53'),(298,'aptamil-follow-on-baby-milk',232,'Botble\\Ecommerce\\Models\\Product','products','2025-08-02 02:15:53','2025-08-02 02:15:53'),(299,'cuisinart-chefs-classic-hard-anodized',233,'Botble\\Ecommerce\\Models\\Product','products','2025-08-02 02:15:53','2025-08-02 02:15:53'),(300,'cuisinart-chefs-classic-hard-anodized',234,'Botble\\Ecommerce\\Models\\Product','products','2025-08-02 02:15:53','2025-08-02 02:15:53'),(301,'cuisinart-chefs-classic-hard-anodized',235,'Botble\\Ecommerce\\Models\\Product','products','2025-08-02 02:15:53','2025-08-02 02:15:53'),(302,'corn-yellow-sweet',236,'Botble\\Ecommerce\\Models\\Product','products','2025-08-02 02:15:53','2025-08-02 02:15:53'),(303,'corn-yellow-sweet',237,'Botble\\Ecommerce\\Models\\Product','products','2025-08-02 02:15:53','2025-08-02 02:15:53'),(304,'hobnobs-the-nobbly-biscuit',238,'Botble\\Ecommerce\\Models\\Product','products','2025-08-02 02:15:53','2025-08-02 02:15:53'),(305,'hobnobs-the-nobbly-biscuit',239,'Botble\\Ecommerce\\Models\\Product','products','2025-08-02 02:15:53','2025-08-02 02:15:53'),(306,'hobnobs-the-nobbly-biscuit',240,'Botble\\Ecommerce\\Models\\Product','products','2025-08-02 02:15:53','2025-08-02 02:15:53'),(307,'honest-organic-still-lemonade',241,'Botble\\Ecommerce\\Models\\Product','products','2025-08-02 02:15:53','2025-08-02 02:15:53'),(308,'honest-organic-still-lemonade',242,'Botble\\Ecommerce\\Models\\Product','products','2025-08-02 02:15:53','2025-08-02 02:15:53'),(309,'honest-organic-still-lemonade',243,'Botble\\Ecommerce\\Models\\Product','products','2025-08-02 02:15:53','2025-08-02 02:15:53'),(310,'ice-becks-beer-350ml-x-24-pieces',244,'Botble\\Ecommerce\\Models\\Product','products','2025-08-02 02:15:53','2025-08-02 02:15:53'),(311,'ice-becks-beer-350ml-x-24-pieces',245,'Botble\\Ecommerce\\Models\\Product','products','2025-08-02 02:15:53','2025-08-02 02:15:53'),(312,'iceland-6-hot-cross-buns',246,'Botble\\Ecommerce\\Models\\Product','products','2025-08-02 02:15:53','2025-08-02 02:15:53'),(313,'iceland-6-hot-cross-buns',247,'Botble\\Ecommerce\\Models\\Product','products','2025-08-02 02:15:53','2025-08-02 02:15:53'),(314,'iceland-6-hot-cross-buns',248,'Botble\\Ecommerce\\Models\\Product','products','2025-08-02 02:15:53','2025-08-02 02:15:53'),(315,'iceland-luxury-4-panini-rolls',249,'Botble\\Ecommerce\\Models\\Product','products','2025-08-02 02:15:53','2025-08-02 02:15:53'),(316,'iceland-luxury-4-panini-rolls',250,'Botble\\Ecommerce\\Models\\Product','products','2025-08-02 02:15:53','2025-08-02 02:15:53'),(317,'iceland-luxury-4-panini-rolls',251,'Botble\\Ecommerce\\Models\\Product','products','2025-08-02 02:15:53','2025-08-02 02:15:53'),(318,'iceland-soft-scoop-vanilla',252,'Botble\\Ecommerce\\Models\\Product','products','2025-08-02 02:15:53','2025-08-02 02:15:53'),(319,'iceland-soft-scoop-vanilla',253,'Botble\\Ecommerce\\Models\\Product','products','2025-08-02 02:15:53','2025-08-02 02:15:53'),(320,'iceland-soft-scoop-vanilla',254,'Botble\\Ecommerce\\Models\\Product','products','2025-08-02 02:15:53','2025-08-02 02:15:53'),(321,'iceland-spaghetti-bolognese',255,'Botble\\Ecommerce\\Models\\Product','products','2025-08-02 02:15:53','2025-08-02 02:15:53'),(322,'iceland-spaghetti-bolognese',256,'Botble\\Ecommerce\\Models\\Product','products','2025-08-02 02:15:53','2025-08-02 02:15:53'),(323,'iceland-spaghetti-bolognese',257,'Botble\\Ecommerce\\Models\\Product','products','2025-08-02 02:15:53','2025-08-02 02:15:53'),(324,'kelloggs-coco-pops-cereal',258,'Botble\\Ecommerce\\Models\\Product','products','2025-08-02 02:15:53','2025-08-02 02:15:53'),(325,'kelloggs-coco-pops-cereal',259,'Botble\\Ecommerce\\Models\\Product','products','2025-08-02 02:15:53','2025-08-02 02:15:53'),(326,'kit-kat-chunky-milk-chocolate',260,'Botble\\Ecommerce\\Models\\Product','products','2025-08-02 02:15:53','2025-08-02 02:15:53'),(327,'large-green-bell-pepper',261,'Botble\\Ecommerce\\Models\\Product','products','2025-08-02 02:15:53','2025-08-02 02:15:53'),(328,'large-green-bell-pepper',262,'Botble\\Ecommerce\\Models\\Product','products','2025-08-02 02:15:53','2025-08-02 02:15:53'),(329,'large-green-bell-pepper',263,'Botble\\Ecommerce\\Models\\Product','products','2025-08-02 02:15:53','2025-08-02 02:15:53'),(330,'pice-94w-beasley-journal',264,'Botble\\Ecommerce\\Models\\Product','products','2025-08-02 02:15:53','2025-08-02 02:15:53'),(331,'pice-94w-beasley-journal',265,'Botble\\Ecommerce\\Models\\Product','products','2025-08-02 02:15:53','2025-08-02 02:15:53'),(332,'pice-94w-beasley-journal',266,'Botble\\Ecommerce\\Models\\Product','products','2025-08-02 02:15:53','2025-08-02 02:15:53'),(333,'province-piece-glass-drinking-glass',267,'Botble\\Ecommerce\\Models\\Product','products','2025-08-02 02:15:53','2025-08-02 02:15:53'),(334,'province-piece-glass-drinking-glass',268,'Botble\\Ecommerce\\Models\\Product','products','2025-08-02 02:15:53','2025-08-02 02:15:53'),(335,'province-piece-glass-drinking-glass',269,'Botble\\Ecommerce\\Models\\Product','products','2025-08-02 02:15:53','2025-08-02 02:15:53'),(336,'rosalina-d-willson',1,'Botble\\Team\\Models\\Team','teams','2025-08-02 02:15:53','2025-08-02 02:15:53'),(337,'ukolilix-x-xilanorix',2,'Botble\\Team\\Models\\Team','teams','2025-08-02 02:15:53','2025-08-02 02:15:53'),(338,'alonso-m-miklonax',3,'Botble\\Team\\Models\\Team','teams','2025-08-02 02:15:53','2025-08-02 02:15:53'),(339,'miranda-h-halim',4,'Botble\\Team\\Models\\Team','teams','2025-08-02 02:15:53','2025-08-02 02:15:53');
/*!40000 ALTER TABLE `slugs` ENABLE KEYS */;
UNLOCK TABLES;

--
-- Table structure for table `slugs_translations`
--

DROP TABLE IF EXISTS `slugs_translations`;
/*!40101 SET @saved_cs_client     = @@character_set_client */;
/*!50503 SET character_set_client = utf8mb4 */;
CREATE TABLE `slugs_translations` (
  `lang_code` varchar(20) COLLATE utf8mb4_unicode_ci NOT NULL,
  `slugs_id` bigint unsigned NOT NULL,
  `key` varchar(191) COLLATE utf8mb4_unicode_ci DEFAULT NULL,
  `prefix` varchar(120) COLLATE utf8mb4_unicode_ci DEFAULT '',
  PRIMARY KEY (`lang_code`,`slugs_id`)
) ENGINE=InnoDB DEFAULT CHARSET=utf8mb4 COLLATE=utf8mb4_unicode_ci;
/*!40101 SET character_set_client = @saved_cs_client */;

--
-- Dumping data for table `slugs_translations`
--

LOCK TABLES `slugs_translations` WRITE;
/*!40000 ALTER TABLE `slugs_translations` DISABLE KEYS */;
/*!40000 ALTER TABLE `slugs_translations` ENABLE KEYS */;
UNLOCK TABLES;

--
-- Table structure for table `social_logins`
--

DROP TABLE IF EXISTS `social_logins`;
/*!40101 SET @saved_cs_client     = @@character_set_client */;
/*!50503 SET character_set_client = utf8mb4 */;
CREATE TABLE `social_logins` (
  `id` bigint unsigned NOT NULL AUTO_INCREMENT,
  `user_type` varchar(191) COLLATE utf8mb4_unicode_ci NOT NULL,
  `user_id` bigint unsigned NOT NULL,
  `provider` varchar(191) COLLATE utf8mb4_unicode_ci NOT NULL,
  `provider_id` varchar(191) COLLATE utf8mb4_unicode_ci NOT NULL,
  `token` text COLLATE utf8mb4_unicode_ci,
  `refresh_token` text COLLATE utf8mb4_unicode_ci,
  `token_expires_at` timestamp NULL DEFAULT NULL,
  `provider_data` json DEFAULT NULL,
  `created_at` timestamp NULL DEFAULT NULL,
  `updated_at` timestamp NULL DEFAULT NULL,
  PRIMARY KEY (`id`),
  UNIQUE KEY `social_logins_provider_provider_id_unique` (`provider`,`provider_id`),
  KEY `social_logins_user_type_user_id_index` (`user_type`,`user_id`),
  KEY `social_logins_user_id_user_type_index` (`user_id`,`user_type`)
) ENGINE=InnoDB DEFAULT CHARSET=utf8mb4 COLLATE=utf8mb4_unicode_ci;
/*!40101 SET character_set_client = @saved_cs_client */;

--
-- Dumping data for table `social_logins`
--

LOCK TABLES `social_logins` WRITE;
/*!40000 ALTER TABLE `social_logins` DISABLE KEYS */;
/*!40000 ALTER TABLE `social_logins` ENABLE KEYS */;
UNLOCK TABLES;

--
-- Table structure for table `states`
--

DROP TABLE IF EXISTS `states`;
/*!40101 SET @saved_cs_client     = @@character_set_client */;
/*!50503 SET character_set_client = utf8mb4 */;
CREATE TABLE `states` (
  `id` bigint unsigned NOT NULL AUTO_INCREMENT,
  `name` varchar(120) COLLATE utf8mb4_unicode_ci NOT NULL,
  `slug` varchar(120) COLLATE utf8mb4_unicode_ci DEFAULT NULL,
  `abbreviation` varchar(10) COLLATE utf8mb4_unicode_ci DEFAULT NULL,
  `country_id` bigint unsigned DEFAULT NULL,
  `order` tinyint NOT NULL DEFAULT '0',
  `image` varchar(191) COLLATE utf8mb4_unicode_ci DEFAULT NULL,
  `is_default` tinyint unsigned NOT NULL DEFAULT '0',
  `status` varchar(60) COLLATE utf8mb4_unicode_ci NOT NULL DEFAULT 'published',
  `created_at` timestamp NULL DEFAULT NULL,
  `updated_at` timestamp NULL DEFAULT NULL,
  PRIMARY KEY (`id`),
  UNIQUE KEY `states_slug_unique` (`slug`),
  KEY `idx_states_name` (`name`),
  KEY `idx_states_status` (`status`),
  KEY `idx_states_country_id` (`country_id`)
) ENGINE=InnoDB DEFAULT CHARSET=utf8mb4 COLLATE=utf8mb4_unicode_ci;
/*!40101 SET character_set_client = @saved_cs_client */;

--
-- Dumping data for table `states`
--

LOCK TABLES `states` WRITE;
/*!40000 ALTER TABLE `states` DISABLE KEYS */;
/*!40000 ALTER TABLE `states` ENABLE KEYS */;
UNLOCK TABLES;

--
-- Table structure for table `states_translations`
--

DROP TABLE IF EXISTS `states_translations`;
/*!40101 SET @saved_cs_client     = @@character_set_client */;
/*!50503 SET character_set_client = utf8mb4 */;
CREATE TABLE `states_translations` (
  `lang_code` varchar(20) COLLATE utf8mb4_unicode_ci NOT NULL,
  `states_id` bigint unsigned NOT NULL,
  `name` varchar(120) COLLATE utf8mb4_unicode_ci DEFAULT NULL,
  `slug` varchar(120) COLLATE utf8mb4_unicode_ci DEFAULT NULL,
  `abbreviation` varchar(10) COLLATE utf8mb4_unicode_ci DEFAULT NULL,
  PRIMARY KEY (`lang_code`,`states_id`),
  KEY `idx_states_trans_state_lang` (`states_id`,`lang_code`),
  KEY `idx_states_trans_name` (`name`),
  KEY `idx_states_trans_states_id` (`states_id`)
) ENGINE=InnoDB DEFAULT CHARSET=utf8mb4 COLLATE=utf8mb4_unicode_ci;
/*!40101 SET character_set_client = @saved_cs_client */;

--
-- Dumping data for table `states_translations`
--

LOCK TABLES `states_translations` WRITE;
/*!40000 ALTER TABLE `states_translations` DISABLE KEYS */;
/*!40000 ALTER TABLE `states_translations` ENABLE KEYS */;
UNLOCK TABLES;

--
-- Table structure for table `tags`
--

DROP TABLE IF EXISTS `tags`;
/*!40101 SET @saved_cs_client     = @@character_set_client */;
/*!50503 SET character_set_client = utf8mb4 */;
CREATE TABLE `tags` (
  `id` bigint unsigned NOT NULL AUTO_INCREMENT,
  `name` varchar(120) COLLATE utf8mb4_unicode_ci NOT NULL,
  `author_id` bigint unsigned DEFAULT NULL,
  `author_type` varchar(191) COLLATE utf8mb4_unicode_ci NOT NULL,
  `description` varchar(400) COLLATE utf8mb4_unicode_ci DEFAULT NULL,
  `status` varchar(60) COLLATE utf8mb4_unicode_ci NOT NULL DEFAULT 'published',
  `created_at` timestamp NULL DEFAULT NULL,
  `updated_at` timestamp NULL DEFAULT NULL,
  PRIMARY KEY (`id`)
) ENGINE=InnoDB AUTO_INCREMENT=6 DEFAULT CHARSET=utf8mb4 COLLATE=utf8mb4_unicode_ci;
/*!40101 SET character_set_client = @saved_cs_client */;

--
-- Dumping data for table `tags`
--

LOCK TABLES `tags` WRITE;
/*!40000 ALTER TABLE `tags` DISABLE KEYS */;
INSERT INTO `tags` VALUES (1,'General',1,'Botble\\ACL\\Models\\User',NULL,'published','2025-08-02 02:15:16','2025-08-02 02:15:16'),(2,'Design',1,'Botble\\ACL\\Models\\User',NULL,'published','2025-08-02 02:15:16','2025-08-02 02:15:16'),(3,'Fashion',1,'Botble\\ACL\\Models\\User',NULL,'published','2025-08-02 02:15:16','2025-08-02 02:15:16'),(4,'Branding',1,'Botble\\ACL\\Models\\User',NULL,'published','2025-08-02 02:15:16','2025-08-02 02:15:16'),(5,'Modern',1,'Botble\\ACL\\Models\\User',NULL,'published','2025-08-02 02:15:16','2025-08-02 02:15:16');
/*!40000 ALTER TABLE `tags` ENABLE KEYS */;
UNLOCK TABLES;

--
-- Table structure for table `tags_translations`
--

DROP TABLE IF EXISTS `tags_translations`;
/*!40101 SET @saved_cs_client     = @@character_set_client */;
/*!50503 SET character_set_client = utf8mb4 */;
CREATE TABLE `tags_translations` (
  `lang_code` varchar(20) COLLATE utf8mb4_unicode_ci NOT NULL,
  `tags_id` bigint unsigned NOT NULL,
  `name` varchar(191) COLLATE utf8mb4_unicode_ci DEFAULT NULL,
  `description` varchar(400) COLLATE utf8mb4_unicode_ci DEFAULT NULL,
  PRIMARY KEY (`lang_code`,`tags_id`)
) ENGINE=InnoDB DEFAULT CHARSET=utf8mb4 COLLATE=utf8mb4_unicode_ci;
/*!40101 SET character_set_client = @saved_cs_client */;

--
-- Dumping data for table `tags_translations`
--

LOCK TABLES `tags_translations` WRITE;
/*!40000 ALTER TABLE `tags_translations` DISABLE KEYS */;
/*!40000 ALTER TABLE `tags_translations` ENABLE KEYS */;
UNLOCK TABLES;

--
-- Table structure for table `teams`
--

DROP TABLE IF EXISTS `teams`;
/*!40101 SET @saved_cs_client     = @@character_set_client */;
/*!50503 SET character_set_client = utf8mb4 */;
CREATE TABLE `teams` (
  `id` bigint unsigned NOT NULL AUTO_INCREMENT,
  `name` varchar(191) COLLATE utf8mb4_unicode_ci NOT NULL,
  `photo` varchar(191) COLLATE utf8mb4_unicode_ci DEFAULT NULL,
  `title` varchar(191) COLLATE utf8mb4_unicode_ci DEFAULT NULL,
  `location` varchar(191) COLLATE utf8mb4_unicode_ci DEFAULT NULL,
  `socials` varchar(191) COLLATE utf8mb4_unicode_ci DEFAULT NULL,
  `status` varchar(60) COLLATE utf8mb4_unicode_ci NOT NULL DEFAULT 'published',
  `created_at` timestamp NULL DEFAULT NULL,
  `updated_at` timestamp NULL DEFAULT NULL,
  `content` longtext COLLATE utf8mb4_unicode_ci,
  `phone` varchar(15) COLLATE utf8mb4_unicode_ci DEFAULT NULL,
  `email` varchar(191) COLLATE utf8mb4_unicode_ci DEFAULT NULL,
  `address` varchar(191) COLLATE utf8mb4_unicode_ci DEFAULT NULL,
  `website` varchar(191) COLLATE utf8mb4_unicode_ci DEFAULT NULL,
  `description` varchar(400) COLLATE utf8mb4_unicode_ci DEFAULT NULL,
  PRIMARY KEY (`id`)
) ENGINE=InnoDB AUTO_INCREMENT=5 DEFAULT CHARSET=utf8mb4 COLLATE=utf8mb4_unicode_ci;
/*!40101 SET character_set_client = @saved_cs_client */;

--
-- Dumping data for table `teams`
--

LOCK TABLES `teams` WRITE;
/*!40000 ALTER TABLE `teams` DISABLE KEYS */;
INSERT INTO `teams` VALUES (1,'Rosalina D. Willson','testimonials/team-1.jpg','Founder','USA',NULL,'published','2025-08-02 02:15:52','2025-08-02 02:15:52',NULL,NULL,NULL,NULL,NULL,NULL),(2,'Ukolilix X. Xilanorix','testimonials/team-2.jpg','CEO','Qatar',NULL,'published','2025-08-02 02:15:52','2025-08-02 02:15:52',NULL,NULL,NULL,NULL,NULL,NULL),(3,'Alonso M. Miklonax','testimonials/team-3.jpg','Designer','India',NULL,'published','2025-08-02 02:15:52','2025-08-02 02:15:52',NULL,NULL,NULL,NULL,NULL,NULL),(4,'Miranda H. Halim','testimonials/team-4.jpg','Developer','China',NULL,'published','2025-08-02 02:15:52','2025-08-02 02:15:52',NULL,NULL,NULL,NULL,NULL,NULL);
/*!40000 ALTER TABLE `teams` ENABLE KEYS */;
UNLOCK TABLES;

--
-- Table structure for table `teams_translations`
--

DROP TABLE IF EXISTS `teams_translations`;
/*!40101 SET @saved_cs_client     = @@character_set_client */;
/*!50503 SET character_set_client = utf8mb4 */;
CREATE TABLE `teams_translations` (
  `lang_code` varchar(191) COLLATE utf8mb4_unicode_ci NOT NULL,
  `teams_id` int NOT NULL,
  `name` varchar(191) COLLATE utf8mb4_unicode_ci NOT NULL,
  `title` varchar(191) COLLATE utf8mb4_unicode_ci DEFAULT NULL,
  `location` varchar(191) COLLATE utf8mb4_unicode_ci DEFAULT NULL,
  `content` longtext COLLATE utf8mb4_unicode_ci,
  `address` varchar(191) COLLATE utf8mb4_unicode_ci DEFAULT NULL,
  PRIMARY KEY (`lang_code`,`teams_id`)
) ENGINE=InnoDB DEFAULT CHARSET=utf8mb4 COLLATE=utf8mb4_unicode_ci;
/*!40101 SET character_set_client = @saved_cs_client */;

--
-- Dumping data for table `teams_translations`
--

LOCK TABLES `teams_translations` WRITE;
/*!40000 ALTER TABLE `teams_translations` DISABLE KEYS */;
/*!40000 ALTER TABLE `teams_translations` ENABLE KEYS */;
UNLOCK TABLES;

--
-- Table structure for table `testimonials`
--

DROP TABLE IF EXISTS `testimonials`;
/*!40101 SET @saved_cs_client     = @@character_set_client */;
/*!50503 SET character_set_client = utf8mb4 */;
CREATE TABLE `testimonials` (
  `id` bigint unsigned NOT NULL AUTO_INCREMENT,
  `name` varchar(120) COLLATE utf8mb4_unicode_ci NOT NULL,
  `content` text COLLATE utf8mb4_unicode_ci NOT NULL,
  `image` varchar(255) COLLATE utf8mb4_unicode_ci DEFAULT NULL,
  `company` varchar(120) COLLATE utf8mb4_unicode_ci DEFAULT NULL,
  `status` varchar(60) COLLATE utf8mb4_unicode_ci NOT NULL DEFAULT 'published',
  `created_at` timestamp NULL DEFAULT NULL,
  `updated_at` timestamp NULL DEFAULT NULL,
  PRIMARY KEY (`id`)
) ENGINE=InnoDB AUTO_INCREMENT=5 DEFAULT CHARSET=utf8mb4 COLLATE=utf8mb4_unicode_ci;
/*!40101 SET character_set_client = @saved_cs_client */;

--
-- Dumping data for table `testimonials`
--

LOCK TABLES `testimonials` WRITE;
/*!40000 ALTER TABLE `testimonials` DISABLE KEYS */;
INSERT INTO `testimonials` VALUES (1,'Guy Hawkins','Five stars! Their cosmetics are magic. Transformed my skin, enhanced my beauty. A go-to for quality and results ⭐⭐⭐⭐⭐','testimonials/avatar-1.png','Bank of America','published','2025-08-02 02:15:52','2025-08-02 02:15:52'),(2,'Eleanor Pena','Top-notch! 5 stars. Makeup, skincare, all exceptional. Delighted with my purchases. A must-visit for every beauty enthusiast! ⭐⭐⭐⭐⭐','testimonials/avatar-2.png','Nintendo','published','2025-08-02 02:15:52','2025-08-02 02:15:52'),(3,'Cody Fisher','Thrilled with results! 5 stars. Solved my sensitive skin issues. The cosmetics shop is a gem. Highly recommended. ⭐⭐⭐⭐⭐','testimonials/avatar-3.png','Starbucks','published','2025-08-02 02:15:52','2025-08-02 02:15:52'),(4,'Albert Flores','Wedding day savior! 5 stars. Their bridal collection is a game-changer. Made me feel like a star. Impressed beyond words. ⭐⭐⭐⭐⭐','testimonials/avatar-4.png','Bank of America','published','2025-08-02 02:15:52','2025-08-02 02:15:52');
/*!40000 ALTER TABLE `testimonials` ENABLE KEYS */;
UNLOCK TABLES;

--
-- Table structure for table `testimonials_translations`
--

DROP TABLE IF EXISTS `testimonials_translations`;
/*!40101 SET @saved_cs_client     = @@character_set_client */;
/*!50503 SET character_set_client = utf8mb4 */;
CREATE TABLE `testimonials_translations` (
  `lang_code` varchar(191) COLLATE utf8mb4_unicode_ci NOT NULL,
  `testimonials_id` bigint unsigned NOT NULL,
  `name` varchar(255) COLLATE utf8mb4_unicode_ci DEFAULT NULL,
  `content` text COLLATE utf8mb4_unicode_ci,
  `company` varchar(120) COLLATE utf8mb4_unicode_ci DEFAULT NULL,
  PRIMARY KEY (`lang_code`,`testimonials_id`)
) ENGINE=InnoDB DEFAULT CHARSET=utf8mb4 COLLATE=utf8mb4_unicode_ci;
/*!40101 SET character_set_client = @saved_cs_client */;

--
-- Dumping data for table `testimonials_translations`
--

LOCK TABLES `testimonials_translations` WRITE;
/*!40000 ALTER TABLE `testimonials_translations` DISABLE KEYS */;
/*!40000 ALTER TABLE `testimonials_translations` ENABLE KEYS */;
UNLOCK TABLES;

--
-- Table structure for table `user_meta`
--

DROP TABLE IF EXISTS `user_meta`;
/*!40101 SET @saved_cs_client     = @@character_set_client */;
/*!50503 SET character_set_client = utf8mb4 */;
CREATE TABLE `user_meta` (
  `id` bigint unsigned NOT NULL AUTO_INCREMENT,
  `key` varchar(120) COLLATE utf8mb4_unicode_ci DEFAULT NULL,
  `value` text COLLATE utf8mb4_unicode_ci,
  `user_id` bigint unsigned NOT NULL,
  `created_at` timestamp NULL DEFAULT NULL,
  `updated_at` timestamp NULL DEFAULT NULL,
  PRIMARY KEY (`id`),
  KEY `user_meta_user_id_index` (`user_id`)
) ENGINE=InnoDB DEFAULT CHARSET=utf8mb4 COLLATE=utf8mb4_unicode_ci;
/*!40101 SET character_set_client = @saved_cs_client */;

--
-- Dumping data for table `user_meta`
--

LOCK TABLES `user_meta` WRITE;
/*!40000 ALTER TABLE `user_meta` DISABLE KEYS */;
/*!40000 ALTER TABLE `user_meta` ENABLE KEYS */;
UNLOCK TABLES;

--
-- Table structure for table `user_settings`
--

DROP TABLE IF EXISTS `user_settings`;
/*!40101 SET @saved_cs_client     = @@character_set_client */;
/*!50503 SET character_set_client = utf8mb4 */;
CREATE TABLE `user_settings` (
  `id` bigint unsigned NOT NULL AUTO_INCREMENT,
  `user_type` varchar(191) COLLATE utf8mb4_unicode_ci NOT NULL,
  `user_id` bigint unsigned NOT NULL,
  `key` varchar(191) COLLATE utf8mb4_unicode_ci NOT NULL,
  `value` json NOT NULL,
  `created_at` timestamp NULL DEFAULT NULL,
  `updated_at` timestamp NULL DEFAULT NULL,
  PRIMARY KEY (`id`),
  UNIQUE KEY `user_settings_user_type_user_id_key_unique` (`user_type`,`user_id`,`key`),
  KEY `user_settings_user_type_user_id_index` (`user_type`,`user_id`),
  KEY `user_settings_key_index` (`key`)
) ENGINE=InnoDB DEFAULT CHARSET=utf8mb4 COLLATE=utf8mb4_unicode_ci;
/*!40101 SET character_set_client = @saved_cs_client */;

--
-- Dumping data for table `user_settings`
--

LOCK TABLES `user_settings` WRITE;
/*!40000 ALTER TABLE `user_settings` DISABLE KEYS */;
/*!40000 ALTER TABLE `user_settings` ENABLE KEYS */;
UNLOCK TABLES;

--
-- Table structure for table `users`
--

DROP TABLE IF EXISTS `users`;
/*!40101 SET @saved_cs_client     = @@character_set_client */;
/*!50503 SET character_set_client = utf8mb4 */;
CREATE TABLE `users` (
  `id` bigint unsigned NOT NULL AUTO_INCREMENT,
  `email` varchar(191) COLLATE utf8mb4_unicode_ci NOT NULL,
  `phone` varchar(20) COLLATE utf8mb4_unicode_ci DEFAULT NULL,
  `email_verified_at` timestamp NULL DEFAULT NULL,
  `password` varchar(120) COLLATE utf8mb4_unicode_ci DEFAULT NULL,
  `remember_token` varchar(100) COLLATE utf8mb4_unicode_ci DEFAULT NULL,
  `created_at` timestamp NULL DEFAULT NULL,
  `updated_at` timestamp NULL DEFAULT NULL,
  `first_name` varchar(120) COLLATE utf8mb4_unicode_ci DEFAULT NULL,
  `last_name` varchar(120) COLLATE utf8mb4_unicode_ci DEFAULT NULL,
  `username` varchar(60) COLLATE utf8mb4_unicode_ci DEFAULT NULL,
  `avatar_id` bigint unsigned DEFAULT NULL,
  `super_user` tinyint(1) NOT NULL DEFAULT '0',
  `manage_supers` tinyint(1) NOT NULL DEFAULT '0',
  `permissions` text COLLATE utf8mb4_unicode_ci,
  `last_login` timestamp NULL DEFAULT NULL,
  PRIMARY KEY (`id`),
  UNIQUE KEY `users_email_unique` (`email`),
  UNIQUE KEY `users_username_unique` (`username`)
) ENGINE=InnoDB AUTO_INCREMENT=2 DEFAULT CHARSET=utf8mb4 COLLATE=utf8mb4_unicode_ci;
/*!40101 SET character_set_client = @saved_cs_client */;

--
-- Dumping data for table `users`
--

LOCK TABLES `users` WRITE;
/*!40000 ALTER TABLE `users` DISABLE KEYS */;
INSERT INTO `users` VALUES (1,'kennith78@quitzon.biz',NULL,NULL,'$2y$12$q4QAsx95vwXLS.pQ2SrKn.nouryO5W3JtcajBMsxO9i77Zng42O4i',NULL,'2025-08-02 02:15:12','2025-08-02 02:15:12','Freda','Sipes','admin',NULL,1,1,NULL,NULL);
/*!40000 ALTER TABLE `users` ENABLE KEYS */;
UNLOCK TABLES;

--
-- Table structure for table `widgets`
--

DROP TABLE IF EXISTS `widgets`;
/*!40101 SET @saved_cs_client     = @@character_set_client */;
/*!50503 SET character_set_client = utf8mb4 */;
CREATE TABLE `widgets` (
  `id` bigint unsigned NOT NULL AUTO_INCREMENT,
  `widget_id` varchar(120) COLLATE utf8mb4_unicode_ci NOT NULL,
  `sidebar_id` varchar(120) COLLATE utf8mb4_unicode_ci NOT NULL,
  `theme` varchar(120) COLLATE utf8mb4_unicode_ci NOT NULL,
  `position` tinyint unsigned NOT NULL DEFAULT '0',
  `data` text COLLATE utf8mb4_unicode_ci,
  `created_at` timestamp NULL DEFAULT NULL,
  `updated_at` timestamp NULL DEFAULT NULL,
  PRIMARY KEY (`id`)
) ENGINE=InnoDB AUTO_INCREMENT=15 DEFAULT CHARSET=utf8mb4 COLLATE=utf8mb4_unicode_ci;
/*!40101 SET character_set_client = @saved_cs_client */;

--
-- Dumping data for table `widgets`
--

LOCK TABLES `widgets` WRITE;
/*!40000 ALTER TABLE `widgets` DISABLE KEYS */;
INSERT INTO `widgets` VALUES (1,'SiteInfoWidget','footer_sidebar','ninico',0,'{\"description\":\"Elegant pink origami design three dimensional view and decoration co-exist. Great for adding a decorative touch to any room\\u2019s decor.\",\"logo\":null}','2025-08-02 02:15:30','2025-08-02 02:15:30'),(2,'CustomMenuWidget','footer_sidebar','ninico',1,'{\"name\":\"Information\",\"menu_id\":\"information\"}','2025-08-02 02:15:30','2025-08-02 02:15:30'),(3,'CustomMenuWidget','footer_sidebar','ninico',2,'{\"name\":\"My Account\",\"menu_id\":\"my-account\"}','2025-08-02 02:15:30','2025-08-02 02:15:30'),(4,'CustomMenuWidget','footer_sidebar','ninico',3,'{\"name\":\"Social Network\",\"menu_id\":\"social-network\"}','2025-08-02 02:15:30','2025-08-02 02:15:30'),(5,'NewsletterWidget','footer_sidebar','ninico',4,'[]','2025-08-02 02:15:30','2025-08-02 02:15:30'),(6,'CtaContactWidget','footer_middle_sidebar','ninico',1,'[]','2025-08-02 02:15:30','2025-08-02 02:15:30'),(7,'DownloadAppsWidget','footer_middle_sidebar','ninico',2,'{\"ios_image\":\"general\\/f-app.jpg\",\"android_image\":\"general\\/f-google.jpg\"}','2025-08-02 02:15:30','2025-08-02 02:15:30'),(8,'SiteCopyrightWidget','footer_bottom_sidebar','ninico',0,'{\"description\":\"Copyright 2025 \\u00a9 Ninico. All rights reserved. Powered by Botble.\"}','2025-08-02 02:15:30','2025-08-02 02:15:30'),(9,'SiteAcceptedPaymentsWidget','footer_bottom_sidebar','ninico',1,'{\"image\":\"general\\/f-brand-icon-01.png\",\"url\":\"\\/\"}','2025-08-02 02:15:30','2025-08-02 02:15:30'),(10,'BlogSearchWidget','blog_sidebar','ninico',1,'{\"name\":\"Search\"}','2025-08-02 02:15:30','2025-08-02 02:15:30'),(11,'BlogCategoriesWidget','blog_sidebar','ninico',2,'{\"name\":\"Categories\"}','2025-08-02 02:15:30','2025-08-02 02:15:30'),(12,'BlogPostsWidget','blog_sidebar','ninico',3,'{\"name\":\"Recent Posts\",\"type\":\"recent\"}','2025-08-02 02:15:30','2025-08-02 02:15:30'),(13,'BlogTagsWidget','blog_sidebar','ninico',4,'{\"name\":\"Popular Tag\"}','2025-08-02 02:15:30','2025-08-02 02:15:30'),(14,'SiteFeaturesWidget','product_detail_sidebar','ninico',1,'{\"id\":\"SiteFeaturesWidget\",\"title\":\"Site Features\",\"data\":{\"1\":{\"icon\":\"icons\\/verified.png\",\"text\":\"100% Original Products\"},\"2\":{\"icon\":\"icons\\/fast-delivery.png\",\"text\":\"Fast Delivery within 24-72 Hours\"},\"3\":{\"icon\":\"icons\\/cash-on-delivery.png\",\"text\":\"Cash On Delivery Available\"},\"4\":{\"icon\":\"icons\\/support.png\",\"text\":\"24\\/7 Order Support via whatsapp\"}}}','2025-08-02 02:15:30','2025-08-02 02:15:30');
/*!40000 ALTER TABLE `widgets` ENABLE KEYS */;
UNLOCK TABLES;
/*!40103 SET TIME_ZONE=@OLD_TIME_ZONE */;

/*!40101 SET SQL_MODE=@OLD_SQL_MODE */;
/*!40014 SET FOREIGN_KEY_CHECKS=@OLD_FOREIGN_KEY_CHECKS */;
/*!40014 SET UNIQUE_CHECKS=@OLD_UNIQUE_CHECKS */;
/*!40101 SET CHARACTER_SET_CLIENT=@OLD_CHARACTER_SET_CLIENT */;
/*!40101 SET CHARACTER_SET_RESULTS=@OLD_CHARACTER_SET_RESULTS */;
/*!40101 SET COLLATION_CONNECTION=@OLD_COLLATION_CONNECTION */;
/*!40111 SET SQL_NOTES=@OLD_SQL_NOTES */;

-- Dump completed on 2025-08-02 16:15:54
